posicion,indice,keyword,vertical,tipo_keyword
1,8645,razer huntsman v3 pro tkl,Electro y Tecno,modelo_producto
2,7830,calefactor tbu 3000,Electro y Tecno,categoria_generica
3,4399,colchon antiescaras silfab,"Muebles, Hogar y Deco",categoria_generica
4,8626,philco smart tv android 40 pulgadas,Electro y Tecno,modelo_producto
5,12390,atornillador pektra,Electro y Tecno,categoria_generica
6,6727,cava philco,Electro y Tecno,categoria_marca
7,2939,organizador de baño sobre inodoro,"Muebles, Hogar y Deco",modelo_producto
8,552,calefaccion electrica,Electro y Tecno,categoria_atributo
9,2993,obsession calvin klein,Salud y Belleza,categoria_generica
10,8647,tv sony bravia 50 pulgadas,Electro y Tecno,modelo_producto
11,11554,muñeca chelsea sirena,Bebes y Niños,categoria_generica
12,6237,disco pc,Electro y Tecno,categoria_generica
13,6096,cargador de bateria black and decker,Electro y Tecno,modelo_producto
14,1857,camara osmo,Electro y Tecno,categoria_generica
15,247,inodoro inteligente,"Muebles, Hogar y Deco",categoria_generica
16,8988,gafa eternity m210,Electro y Tecno,modelo_producto
17,11451,baby alive magical mixer,Bebes y Niños,modelo_producto
18,12983,secador de pelo winco w94,Salud y Belleza,modelo_producto
19,11630,eliptico con asiento,Deporte y Fitness,categoria_generica
20,10264,galaxy active 2,Electro y Tecno,categoria_generica
21,6551,microondas samsung 32 litros,Electro y Tecno,modelo_producto
22,4340,carteras las oreiro,Indumentaria y Calzado,categoria_generica
23,8769,noblex smart box,Electro y Tecno,categoria_marca
24,10877,kohinoor,Electro y Tecno,modelo_producto
25,6749,drone phantom,Electro y Tecno,categoria_generica
26,5603,balde con mopa centrifuga,"Muebles, Hogar y Deco",modelo_producto
27,5962,mueble recibidor,"Muebles, Hogar y Deco",categoria_generica
28,7759,tv admiral 55 pulgadas,Electro y Tecno,categoria_atributo
29,1942,atlas perfume,Salud y Belleza,categoria_generica
30,11778,samsung galaxy s23 plus green,Electro y Tecno,modelo_producto
31,10350,black decker licuadora,Electro y Tecno,categoria_generica
32,4562,juguete mamadera avent,Bebes y Niños,categoria_generica
33,6116,heladera 50 cm ancho,Electro y Tecno,modelo_producto
34,770,hyperx cloud 2,Electro y Tecno,categoria_generica
35,10128,iphone 13 mini red,Electro y Tecno,modelo_producto
36,2464,mopa giratoria,"Muebles, Hogar y Deco",categoria_generica
37,1972,inflador inalambrico,Deporte y Fitness,categoria_atributo
38,7982,quantum five,Electro y Tecno,categoria_generica
39,11859,heladera westinghouse no frost,Electro y Tecno,modelo_producto
40,9809,asiento de silicona para bicicleta,Deporte y Fitness,modelo_producto
41,10803,home samsung,Electro y Tecno,categoria_marca
42,10960,set de ollas tramontina turim 7 piezas,"Muebles, Hogar y Deco",modelo_producto
43,147,iluminacion inteligente,Electro y Tecno,categoria_generica
44,5583,e reader noax aura lector,Electro y Tecno,modelo_producto
45,5516,cortadora de cesped inalambrica,Electro y Tecno,categoria_atributo
46,6896,moschino uomo,Salud y Belleza,categoria_generica
47,3260,multimetro digital,Electro y Tecno,categoria_generica
48,1598,motorola g84 5g,Electro y Tecno,modelo_producto
49,7400,placard 5 puertas,"Muebles, Hogar y Deco",categoria_generica
50,1100,autos de coleccion,Autos y Motos,categoria_generica
51,1058,jbl clip 5,Electro y Tecno,modelo_producto
52,9130,game runner,Electro y Tecno,categoria_generica
53,11485,muñeca barbie land,Bebes y Niños,categoria_generica
54,3803,sexionary,Bebes y Niños,modelo_producto
55,2685,dove shampoo y acondicionador,Salud y Belleza,modelo_producto
56,2737,simulador de remo,Deporte y Fitness,categoria_generica
57,7666,philco heladera bajo mesada mabe,Electro y Tecno,modelo_producto
58,6264,estufa winco,Electro y Tecno,categoria_generica
59,2284,cocina philco,Electro y Tecno,categoria_marca
60,9211,talle m remera mujer,Indumentaria y Calzado,modelo_producto
61,11157,tendedero de ropa,"Muebles, Hogar y Deco",categoria_generica
62,6352,colchones suavestar 1 plaza,"Muebles, Hogar y Deco",modelo_producto
63,3683,tagwood,Electro y Tecno,modelo_producto
64,12250,heladera lacar 2110,Electro y Tecno,categoria_generica
65,7014,cortadora de cesped black and decker,Electro y Tecno,modelo_producto
66,9186,smart panasonic,Electro y Tecno,categoria_atributo
67,7346,bandolera las oreiro,Indumentaria y Calzado,categoria_generica
68,9013,omron 7121,Salud y Belleza,categoria_generica
69,12426,garmin 965,Electro y Tecno,categoria_generica
70,1212,celular samsung s25,Electro y Tecno,modelo_producto
71,3003,tapa de inodoro,"Muebles, Hogar y Deco",categoria_generica
72,1079,moza r3,Electro y Tecno,categoria_generica
73,8711,heladera candy no frost,Electro y Tecno,modelo_producto
74,9721,juguete deadpool muñeco,Bebes y Niños,categoria_generica
75,8782,smart tv xiaomi,Electro y Tecno,categoria_marca
76,7020,samsung anafes a gas 5 hornallas,Electro y Tecno,modelo_producto
77,22,cafeteras express,Electro y Tecno,categoria_generica
78,11022,luz led exterior solar,"Muebles, Hogar y Deco",modelo_producto
79,5819,lavarropas con carga superior,Electro y Tecno,modelo_producto
80,1197,rtx 2060 super,Electro y Tecno,categoria_generica
81,2668,lusqtoff racing,"Muebles, Hogar y Deco",categoria_generica
82,8254,pelopincho 4500 litros,"Muebles, Hogar y Deco",categoria_atributo
83,4116,montura para caño de gas,Electro y Tecno,modelo_producto
84,10337,timbre inalambrico sanderson,Electro y Tecno,categoria_atributo
85,6684,camara nikon d3500,Electro y Tecno,categoria_generica
86,4465,preservision areds 2,Salud y Belleza,categoria_generica
87,2808,motorola moto g73,Electro y Tecno,modelo_producto
88,4753,medidor láser bosch,Electro y Tecno,categoria_generica
89,11502,porta algodon para bebe,Bebes y Niños,modelo_producto
90,13019,plancha winco a vapor,Salud y Belleza,modelo_producto
91,11647,dolphin futsal,Deporte y Fitness,categoria_generica
92,510,motorola edge 70 pro,Electro y Tecno,modelo_producto
93,2388,horno electrico samsung,Electro y Tecno,categoria_marca
94,9415,e20 modulo,"Muebles, Hogar y Deco",categoria_generica
95,9298,alacena de baño colgante,"Muebles, Hogar y Deco",modelo_producto
96,8791,home theater noga,Electro y Tecno,categoria_generica
97,1059,plancha a vapor philips,Electro y Tecno,modelo_producto
98,5140,juguete pistola suprabond,Bebes y Niños,categoria_generica
99,8040,alloy origins,Electro y Tecno,categoria_generica
100,6087,aspiradora robot gadnic z900 trapeadora 200m2,Electro y Tecno,modelo_producto
101,334,samsung galaxy a01,Electro y Tecno,modelo_producto
102,3990,anafe eléctrico 1 hornalla,Electro y Tecno,categoria_atributo
103,11065,bomba centrifuga lusqtoff,"Muebles, Hogar y Deco",categoria_generica
104,2033,tableta grafica wacom,Electro y Tecno,categoria_generica
105,6671,cerave protector solar,Salud y Belleza,categoria_generica
106,5730,samsung galaxy s24 ultra colores,Electro y Tecno,modelo_producto
107,12500,afilador kld,Electro y Tecno,categoria_generica
108,9024,philco con bluetooth,Electro y Tecno,categoria_marca
109,12689,valija samsonite mediana,Indumentaria y Calzado,categoria_generica
110,1053,motorola moto g34,Electro y Tecno,modelo_producto
111,8176,respaldo de cama plaza y media,"Muebles, Hogar y Deco",modelo_producto
112,10677,ultracomb procesadora,Electro y Tecno,categoria_generica
113,3345,pack muebles,"Muebles, Hogar y Deco",categoria_generica
114,2187,infinix hot 40 pro,Electro y Tecno,modelo_producto
115,6495,bicicleta avelino rodado 29,Deporte y Fitness,categoria_atributo
116,12173,tissot prc 200,Electro y Tecno,categoria_generica
117,11943,silicone case samsung a54,Electro y Tecno,modelo_producto
118,5686,victrix pro bfg,Bebes y Niños,categoria_generica
119,3020,juguete convertidor tv,Electro y Tecno,categoria_generica
120,10105,smart tv sansei 32,Electro y Tecno,categoria_atributo
121,7082,sony reproductor de blu ray,Electro y Tecno,modelo_producto
122,5158,sierra de banco stanley,Deporte y Fitness,modelo_producto
123,12525,planchita babyliss,Salud y Belleza,categoria_generica
124,3343,color venecia,"Muebles, Hogar y Deco",categoria_generica
125,837,pava electrica liliana,Electro y Tecno,categoria_marca
126,4655,caloventor liliana frio calor,Electro y Tecno,modelo_producto
127,8038,keychron k1,Electro y Tecno,categoria_generica
128,10167,muñeca baby alive con pelo,Bebes y Niños,modelo_producto
129,11282,almohadilla termica cervical silfab,Salud y Belleza,modelo_producto
130,9849,inguinal taekwondo,Deporte y Fitness,categoria_generica
131,2660,cama turca 2 plazas,"Muebles, Hogar y Deco",modelo_producto
132,1116,samsung galaxy z flip 7,Electro y Tecno,modelo_producto
133,4695,heladera neba a280,Electro y Tecno,categoria_generica
134,6556,funda samsung s20 fe,Electro y Tecno,modelo_producto
135,7152,breville barista pro,Electro y Tecno,categoria_generica
136,263,silla oficina,"Muebles, Hogar y Deco",categoria_generica
137,9351,llaves combinadas stanley,"Muebles, Hogar y Deco",categoria_marca
138,8672,campana electrolux de6rx retractil,Electro y Tecno,modelo_producto
139,4798,aspiradora dyson,Electro y Tecno,categoria_generica
140,6435,hot wheels bmw,Bebes y Niños,categoria_generica
141,10007,parlante bluetooth 15 pulgadas,Electro y Tecno,categoria_atributo
142,12040,vidrio templado moto g22,Electro y Tecno,modelo_producto
143,2693,nitro red,Salud y Belleza,categoria_generica
144,9158,funda de samsung,Electro y Tecno,categoria_marca
145,6434,carro para herramientas con ruedas,Autos y Motos,modelo_producto
146,4189,celular hyundai,Electro y Tecno,categoria_generica
147,4348,apliques,"Muebles, Hogar y Deco",modelo_producto
148,1556,cafetera moulinex dolce gusto,Electro y Tecno,modelo_producto
149,11045,springwall mcb 115,"Muebles, Hogar y Deco",categoria_generica
150,5288,lavarropas beko,Electro y Tecno,categoria_generica
151,580,tecno spark 20 pro,Electro y Tecno,modelo_producto
152,11753,anafe ariston a gas 5 hornallas,Electro y Tecno,modelo_producto
153,403,sandwicheras y wafleras,Electro y Tecno,categoria_generica
154,12707,t go,Indumentaria y Calzado,categoria_generica
155,8408,acople rapido neumatico,Autos y Motos,categoria_generica
156,5198,whirlpool lavarropas 10 kg,Electro y Tecno,modelo_producto
157,11115,vasos durax irupe,"Muebles, Hogar y Deco",categoria_generica
158,10518,gabinete porta herramientas,Electro y Tecno,categoria_generica
159,11616,conservadora 10 litros,Electro y Tecno,categoria_atributo
160,2889,vaporiera atma,Electro y Tecno,categoria_marca
161,2547,samsung galaxy a25 5g,Electro y Tecno,modelo_producto
162,1508,bad boy cobalt,Salud y Belleza,categoria_generica
163,2990,irrigador bucal gadnic,Salud y Belleza,categoria_marca
164,5404,juguete coche paraguita,Bebes y Niños,categoria_generica
165,8186,placard orlandi 6 puertas,"Muebles, Hogar y Deco",modelo_producto
166,12409,bordeadora exahome,Electro y Tecno,categoria_generica
167,7570,juguete practicuna para bebe,Bebes y Niños,modelo_producto
168,7464,secador de pelo gama diamond ceramic,Salud y Belleza,modelo_producto
169,6511,kit tromen,Deporte y Fitness,categoria_generica
170,11802,samsung galaxy a13 core,Electro y Tecno,modelo_producto
171,12455,smartwatch k37,Electro y Tecno,categoria_generica
172,4429,ajedrez de vidrio,"Muebles, Hogar y Deco",categoria_generica
173,14,iphone 17,Electro y Tecno,modelo_producto
174,5699,adidas tensaur niño,Deporte y Fitness,categoria_marca
175,2049,consola arcade,Electro y Tecno,categoria_generica
176,136,motorola g20,Electro y Tecno,modelo_producto
177,6209,philco balanza analogica,Electro y Tecno,categoria_marca
178,5585,cafetera delonghi dedica duo ec890,Electro y Tecno,modelo_producto
179,341,tcl 405,Electro y Tecno,categoria_generica
180,6208,smart tv enova,Electro y Tecno,categoria_atributo
181,2445,mochila con ruedas para niños,Indumentaria y Calzado,modelo_producto
182,6853,vaso rigolleau,"Muebles, Hogar y Deco",categoria_generica
183,9256,reposera gravedad cero easy,"Muebles, Hogar y Deco",modelo_producto
184,13005,perfume joy dior,Salud y Belleza,categoria_generica
185,10089,cortadora de fiambre familiar ultracomb,Electro y Tecno,modelo_producto
186,12545,colmi c60,Electro y Tecno,categoria_generica
187,2706,camicletas y pata patas,Bebes y Niños,categoria_generica
188,129,samsung galaxy a03 core,Electro y Tecno,modelo_producto
189,5522,radiograbador sanyo,Electro y Tecno,categoria_generica
190,1320,samsung j8,Electro y Tecno,modelo_producto
191,6852,luz para parrilla,"Muebles, Hogar y Deco",categoria_generica
192,12466,heladera ultracomb,Electro y Tecno,categoria_generica
193,766,redmi 13 pro,Electro y Tecno,modelo_producto
194,4268,microondas peabody,Electro y Tecno,categoria_marca
195,7607,bicicleta de paseo rodado 26,Deporte y Fitness,categoria_atributo
196,6242,epson l8160,Electro y Tecno,categoria_generica
197,407,apple airpods 4,Electro y Tecno,modelo_producto
198,11094,colchon 100 x 200,"Muebles, Hogar y Deco",modelo_producto
199,4752,horno de empotrar electrico,Electro y Tecno,categoria_atributo
200,1485,zapatillas rusty,Indumentaria y Calzado,categoria_generica
201,5116,secador modelador,Salud y Belleza,categoria_generica
202,11408,muñeca lol omg serie 4,Bebes y Niños,modelo_producto
203,11316,rowenta plancha de vapor,Salud y Belleza,modelo_producto
204,2043,revestimiento pared exterior,Electro y Tecno,categoria_generica
205,72,motorola g24,Electro y Tecno,modelo_producto
206,9867,adipower legend,Deporte y Fitness,categoria_generica
207,6385,mueble wengue,"Muebles, Hogar y Deco",categoria_generica
208,4700,sony shake x70d,Electro y Tecno,modelo_producto
209,3918,pelota de voley wilson,Deporte y Fitness,modelo_producto
210,2820,exhibidora inelro 470,Electro y Tecno,categoria_generica
211,3383,autos de juguete y accesorios,Bebes y Niños,categoria_generica
212,1184,paquete instax mini 12,Electro y Tecno,modelo_producto
213,8047,teclado nisuta,Electro y Tecno,categoria_generica
214,6509,auriculares adidas,Electro y Tecno,categoria_marca
215,8858,dell latitude e7470,Electro y Tecno,modelo_producto
216,11250,logo juego,"Muebles, Hogar y Deco",categoria_generica
217,9463,hedbanz,"Muebles, Hogar y Deco",modelo_producto
218,12424,razer wolverine,Electro y Tecno,categoria_generica
219,252,smart box,Electro y Tecno,categoria_atributo
220,8119,horno electrico grill rojo atma,Electro y Tecno,modelo_producto
221,2976,cocina eskabe,Electro y Tecno,categoria_generica
222,40,secador de pelo,Salud y Belleza,categoria_generica
223,982,hp pavilion x360,Electro y Tecno,modelo_producto
224,6232,sodastream art,Electro y Tecno,categoria_generica
225,12833,vanitory esquinero colgante,"Muebles, Hogar y Deco",categoria_generica
226,9919,termotanque electrico philco 73 litros,Electro y Tecno,modelo_producto
227,9635,muñeca barbie colorada,Bebes y Niños,categoria_generica
228,3164,termotanque electrico philco,Electro y Tecno,categoria_marca
229,12197,xiaomi 11t pro,Electro y Tecno,modelo_producto
230,7983,mouse recargable,Electro y Tecno,categoria_generica
231,8240,vaso para cafe stanley,"Muebles, Hogar y Deco",modelo_producto
232,2920,bucleadora,Electro y Tecno,modelo_producto
233,5892,logitech m185,Electro y Tecno,categoria_generica
234,12436,purificador pura,"Muebles, Hogar y Deco",categoria_generica
235,3498,kodak televisor de 24 pulgadas,Electro y Tecno,categoria_atributo
236,9909,auriculares xiaomi redmi buds 4 lite,Electro y Tecno,modelo_producto
237,7519,aire comprimido 5 y medio,Bebes y Niños,modelo_producto
238,6661,wahl cortadora de pelo,Salud y Belleza,modelo_producto
239,1626,tcl 20b,Electro y Tecno,categoria_generica
240,6074,pau d'arco,Deporte y Fitness,categoria_generica
241,3825,buclera automatica,Salud y Belleza,categoria_generica
242,0,iphone 13,Electro y Tecno,modelo_producto
243,6875,almohadilla electrica silfab,Salud y Belleza,categoria_atributo
244,10827,drunkdeer a75,Electro y Tecno,categoria_generica
245,10944,gorra disney,Indumentaria y Calzado,categoria_generica
246,2050,jbl 710,Electro y Tecno,modelo_producto
247,5555,radiograbador philips,Electro y Tecno,categoria_marca
248,11199,alacena con campana,"Muebles, Hogar y Deco",categoria_generica
249,4829,mensula para termotanque,Electro y Tecno,categoria_generica
250,5484,flip 4 jbl,Electro y Tecno,modelo_producto
251,12773,canilla monocomando flexible piazza,"Muebles, Hogar y Deco",modelo_producto
252,11488,juguete monopatin avengers,Bebes y Niños,categoria_generica
253,8575,mesa plegable redonda,"Muebles, Hogar y Deco",categoria_atributo
254,814,proyector de estrellas,Electro y Tecno,categoria_generica
255,4619,philips smart tv 32 pulgadas android,Electro y Tecno,modelo_producto
256,10293,vaporera smart tek,Electro y Tecno,categoria_atributo
257,10110,auriculares marshall minor iii,Electro y Tecno,modelo_producto
258,7206,vaporera avent,Electro y Tecno,categoria_generica
259,2661,respaldo cama king,"Muebles, Hogar y Deco",categoria_generica
260,6880,ciel d'or,Salud y Belleza,categoria_generica
261,8411,bateria 12x60,Autos y Motos,categoria_generica
262,10716,lenovo l450,Electro y Tecno,modelo_producto
263,1567,playstation auriculares ps5,Electro y Tecno,categoria_generica
264,9069,campana atma,Electro y Tecno,categoria_marca
265,10520,griferia para bidet capea,Electro y Tecno,modelo_producto
266,1674,cocina ariston,Electro y Tecno,categoria_generica
267,12739,mesa redonda de plastico con 4 sillas,"Muebles, Hogar y Deco",modelo_producto
268,104,iphone 8 plus,Electro y Tecno,modelo_producto
269,11545,mesa exterior frapera,"Muebles, Hogar y Deco",categoria_generica
270,4206,alexa con pantalla,Electro y Tecno,categoria_generica
271,3424,muñecas gatirena,Bebes y Niños,categoria_generica
272,11916,freidora gadnic f4.0,Electro y Tecno,modelo_producto
273,4572,bicicleta rodado 29 talle m,Deporte y Fitness,categoria_atributo
274,11857,microondas candy 20 litros,Electro y Tecno,categoria_atributo
275,8515,juguete muñeco de hulk,Bebes y Niños,modelo_producto
276,8334,perfume polo red hombre,Salud y Belleza,modelo_producto
277,4281,microondas smeg,Electro y Tecno,categoria_generica
278,7635,motomel 90,Deporte y Fitness,categoria_generica
279,1752,canon g7x mark iii,Electro y Tecno,modelo_producto
280,2090,planchita bellissima,Salud y Belleza,categoria_generica
281,4311,lavavajillas lg,Electro y Tecno,categoria_marca
282,8204,mueble organizador lavadero,"Muebles, Hogar y Deco",categoria_generica
283,7300,samsung j7,Electro y Tecno,modelo_producto
284,609,gaming pc,Electro y Tecno,categoria_generica
285,5718,gabinetes,Electro y Tecno,modelo_producto
286,12771,respaldo sommier con mesas flotantes,"Muebles, Hogar y Deco",modelo_producto
287,5303,bordeadora gamma,Electro y Tecno,categoria_generica
288,9138,electrolux erg36,Electro y Tecno,modelo_producto
289,2161,bicicleta randers rodado 29,Deporte y Fitness,modelo_producto
290,9236,valija frozen,Indumentaria y Calzado,categoria_generica
291,1537,impresoras multifuncion,Electro y Tecno,categoria_generica
292,9406,repisa biblioteca,"Muebles, Hogar y Deco",categoria_generica
293,5444,samsung galaxy celular j4,Electro y Tecno,modelo_producto
294,8953,smart kanji 40,Electro y Tecno,categoria_atributo
295,6961,muñeca lol sirena,Bebes y Niños,categoria_generica
296,12377,kanji fon,Electro y Tecno,categoria_generica
297,1310,calefon a gas envasado,Electro y Tecno,modelo_producto
298,5529,waflera moulinex,Electro y Tecno,categoria_marca
299,9508,vanta premium label,Salud y Belleza,categoria_generica
300,10706,freezer columbia,Electro y Tecno,categoria_generica
301,8646,longvie calefon salida lateral derecha,Electro y Tecno,modelo_producto
302,224,zapatilla,Indumentaria y Calzado,modelo_producto
303,5011,termometro digital cocina,"Muebles, Hogar y Deco",categoria_generica
304,3176,olla a presion atma,"Muebles, Hogar y Deco",modelo_producto
305,4180,calefactor ceramico,Electro y Tecno,categoria_generica
306,43,motorola edge 40,Electro y Tecno,modelo_producto
307,10738,philco php32ha3an,Electro y Tecno,modelo_producto
308,4186,caloventor kanji,Electro y Tecno,categoria_generica
309,9701,guantes de arquero de river,Bebes y Niños,modelo_producto
310,11268,depiladora gama oasis look,Salud y Belleza,modelo_producto
311,9201,cafetera espresso ce 5110 cuppa,Electro y Tecno,modelo_producto
312,1467,adaptador wifi,Electro y Tecno,categoria_atributo
313,12917,termo humma,"Muebles, Hogar y Deco",categoria_generica
314,9830,paleta ale galan,Deporte y Fitness,categoria_generica
315,6715,galaxy a72,Electro y Tecno,categoria_generica
316,5207,rallador electrico peabody,Electro y Tecno,categoria_marca
317,5406,mochila porta bebe,Bebes y Niños,categoria_generica
318,3502,heladeras bajo mesada con freezer,Electro y Tecno,modelo_producto
319,6933,juguete pistola percutora,Salud y Belleza,categoria_generica
320,10786,exo i3,Electro y Tecno,categoria_generica
321,4372,inodoro ferrum andina corto,"Muebles, Hogar y Deco",modelo_producto
322,65,samsung a02,Electro y Tecno,modelo_producto
323,5821,realme celular note,Electro y Tecno,categoria_generica
324,7142,samsung odyssey g3,Electro y Tecno,modelo_producto
325,5635,termo kushiro,"Muebles, Hogar y Deco",categoria_generica
326,7292,potencia de parlantes,Electro y Tecno,categoria_generica
327,10186,heladera vostok bajo mesada,Electro y Tecno,modelo_producto
328,6605,parrilla eléctrica atma,Electro y Tecno,categoria_marca
329,11930,freezer inelro 520 litros,Electro y Tecno,categoria_atributo
330,8880,drean family 066b,Electro y Tecno,modelo_producto
331,6693,aspiradora sansei,Electro y Tecno,categoria_generica
332,6171,bandolera porta celular,Indumentaria y Calzado,categoria_generica
333,1499,hudson cocina,"Muebles, Hogar y Deco",categoria_generica
334,9921,samsung galaxy funda a33 5g,Electro y Tecno,modelo_producto
335,12993,estee lauder daywear,Salud y Belleza,categoria_generica
336,1317,huawei gw,Electro y Tecno,categoria_generica
337,1233,secaplatos,"Muebles, Hogar y Deco",modelo_producto
338,4548,juguete moises cuna,Bebes y Niños,categoria_generica
339,4371,cocina a gas 4 hornallas,Electro y Tecno,modelo_producto
340,7258,patillera buda,Electro y Tecno,categoria_generica
341,4644,secarropa drean 5.5,Electro y Tecno,modelo_producto
342,12488,auriculares m25,Electro y Tecno,categoria_generica
343,949,canilla para lavarropas,"Muebles, Hogar y Deco",categoria_generica
344,2776,lavarropa whirlpool 9 kg,Electro y Tecno,modelo_producto
345,8937,microscopio digital gadnic,Electro y Tecno,categoria_marca
346,4969,quien es quien juego de mesa,Bebes y Niños,modelo_producto
347,4934,alisador,Salud y Belleza,modelo_producto
348,3941,pelota inflable,Deporte y Fitness,categoria_generica
349,4020,máquina de coser semi industrial,Electro y Tecno,categoria_atributo
350,7943,cafetera express automática,Electro y Tecno,categoria_generica
351,2222,motorola xt2341-2,Electro y Tecno,modelo_producto
352,9783,bici lamborghini rodado 12,Deporte y Fitness,categoria_atributo
353,9252,respaldo de pana 2 plazas,"Muebles, Hogar y Deco",modelo_producto
354,1693,secador con difusor,Salud y Belleza,categoria_generica
355,12513,rallador yelmo,Electro y Tecno,categoria_generica
356,987,maquina de coser brother,Electro y Tecno,modelo_producto
357,12896,flotador cama,"Muebles, Hogar y Deco",categoria_generica
358,7157,redmi 6 pro,Electro y Tecno,modelo_producto
359,3029,juguete triciclo rainbow,Bebes y Niños,categoria_generica
360,10767,ventilador tivoli,Electro y Tecno,categoria_generica
361,11699,barra de sonido lg sk1d 2.0ch,Electro y Tecno,modelo_producto
362,10594,aspiradora ranser,Electro y Tecno,categoria_generica
363,10345,ventilador peabody digital,Electro y Tecno,categoria_marca
364,8410,estereo nakamichi,Autos y Motos,categoria_generica
365,11718,iphone icopy plus 2.1,Electro y Tecno,modelo_producto
366,12900,piero modena,"Muebles, Hogar y Deco",categoria_generica
367,5546,parrilla oster,Electro y Tecno,categoria_generica
368,6760,alcatel 1l,Electro y Tecno,categoria_atributo
369,4165,cortadora de cesped petri,Electro y Tecno,modelo_producto
370,11019,pileta de acero inoxidable para mesada,"Muebles, Hogar y Deco",modelo_producto
371,11590,adidas harden vol 5,Deporte y Fitness,modelo_producto
372,385,maquinas de coser,Electro y Tecno,categoria_generica
373,8348,polvo traslucido loreal,Salud y Belleza,categoria_generica
374,5425,drean excellent blue 6. de lavado,Electro y Tecno,modelo_producto
375,1332,tienda de campaña,Electro y Tecno,categoria_generica
376,4336,mochila amayra,Indumentaria y Calzado,categoria_generica
377,7154,máquina de cortar pelo,Electro y Tecno,modelo_producto
378,12897,roca ibis,"Muebles, Hogar y Deco",categoria_generica
379,11522,nerf roblox mm2,Bebes y Niños,categoria_generica
380,1152,apple tv,Electro y Tecno,categoria_marca
381,11465,ventiladores liliana con control remoto,Electro y Tecno,modelo_producto
382,12244,joystick dynacom ps4,Electro y Tecno,categoria_generica
383,7523,muñeca deuce monster high,Bebes y Niños,modelo_producto
384,6868,perfume calvin klein shock mujer,Salud y Belleza,modelo_producto
385,2632,gadnic z900,Electro y Tecno,modelo_producto
386,6077,barra de pilates,Deporte y Fitness,categoria_generica
387,10587,roomba j7+,Electro y Tecno,categoria_generica
388,2345,tcl 55 pulgadas 4k,Electro y Tecno,categoria_atributo
389,9245,lamparas,"Muebles, Hogar y Deco",modelo_producto
390,12889,termo coleman,"Muebles, Hogar y Deco",categoria_generica
391,11606,barra de sonido moonki,Electro y Tecno,modelo_producto
392,10703,auriculares seisa,Electro y Tecno,categoria_generica
393,11367,perlivitha labial,Salud y Belleza,categoria_generica
394,11758,reloj samsung watch 5 pro,Electro y Tecno,modelo_producto
395,5352,cocina fornax,Electro y Tecno,categoria_generica
396,12557,motorola g42,Electro y Tecno,modelo_producto
397,5254,samsung secarropas inverter,Electro y Tecno,categoria_marca
398,8294,a10 modulo,"Muebles, Hogar y Deco",categoria_generica
399,4916,corta cuticula,Electro y Tecno,categoria_generica
400,7891,samsung tab s7,Electro y Tecno,modelo_producto
401,9360,alfombra magica juego,Bebes y Niños,categoria_generica
402,2116,bacha de cocina johnson,"Muebles, Hogar y Deco",modelo_producto
403,5823,teclado mecanico 100%,Electro y Tecno,categoria_generica
404,4050,heladera drean 362 litros,Electro y Tecno,modelo_producto
405,4205,proyector smart,Electro y Tecno,categoria_atributo
406,2392,philco heladera con dispenser,Electro y Tecno,modelo_producto
407,2008,epson impresora a3,Electro y Tecno,categoria_generica
408,7422,organizador de marcadores,"Muebles, Hogar y Deco",categoria_generica
409,79,balanzas de baño,Salud y Belleza,categoria_generica
410,2367,samsung a34 5g,Electro y Tecno,modelo_producto
411,2360,amazfit bip 5,Electro y Tecno,categoria_generica
412,5879,philco lavasecarropas,Electro y Tecno,categoria_marca
413,8243,cabina led gadnic,"Muebles, Hogar y Deco",categoria_marca
414,3515,lavarropas gafa 6500,Electro y Tecno,modelo_producto
415,9350,silla gamer noga,"Muebles, Hogar y Deco",categoria_atributo
416,968,razer blackshark v2,Electro y Tecno,categoria_generica
417,9665,muñeca avion de barbie,Bebes y Niños,modelo_producto
418,11261,cepillo stylish gama keration brush 3d secador cabello,Salud y Belleza,modelo_producto
419,8120,lenovo ideapad slim 3 portatil,Electro y Tecno,modelo_producto
420,10908,valvula descarga mochila capea,Indumentaria y Calzado,modelo_producto
421,6831,juego de baño,"Muebles, Hogar y Deco",categoria_generica
422,5331,colchón inflable de dos plazas,"Muebles, Hogar y Deco",modelo_producto
423,1088,billetera mujer,Indumentaria y Calzado,categoria_generica
424,9815,instax mini film,Deporte y Fitness,categoria_generica
425,4207,pantalla carplay,Electro y Tecno,categoria_generica
426,9754,juguete muñeca lol,Bebes y Niños,categoria_generica
427,8874,ventilador de pared philco,Electro y Tecno,modelo_producto
428,422,atornillador inalambrico,Electro y Tecno,categoria_atributo
429,3531,huawei gw metal,Electro y Tecno,categoria_generica
430,3436,mesa plegable de aluminio,Deporte y Fitness,categoria_atributo
431,6152,jbl flip 6,Electro y Tecno,modelo_producto
432,13044,elongador de espalda,Salud y Belleza,categoria_generica
433,1000,philips sopera electrica,Electro y Tecno,categoria_marca
434,11399,aire acondicionado split inverter midea fc msagii-18h-01e,Electro y Tecno,modelo_producto
435,7446,silla smile,"Muebles, Hogar y Deco",categoria_generica
436,1468,tcl 40se,Electro y Tecno,categoria_generica
437,6903,máscara nasal para cpap,Autos y Motos,modelo_producto
438,8427,compresor de aire lusqtoff 50 litros,Bebes y Niños,categoria_atributo
439,10036,samsung galaxy a22 5g,Electro y Tecno,modelo_producto
440,7205,tcl 30+,Electro y Tecno,categoria_generica
441,11121,tabla de planchar reforzada,"Muebles, Hogar y Deco",modelo_producto
442,7032,samsung neo qled 55,Electro y Tecno,modelo_producto
443,2822,parlante ken brown,Electro y Tecno,categoria_generica
444,855,espatula ultrasonica,"Muebles, Hogar y Deco",categoria_generica
445,10240,pava electrica hytoshy,Electro y Tecno,categoria_atributo
446,8890,dell latitude 5530,Electro y Tecno,modelo_producto
447,9679,juguete helicóptero rc,Bebes y Niños,categoria_generica
448,2169,dvd,Electro y Tecno,categoria_generica
449,7807,exo 2 en 1,Electro y Tecno,modelo_producto
450,6181,xiaomi mi bro,Electro y Tecno,categoria_marca
451,12394,andis master,Salud y Belleza,categoria_generica
452,7219,dynacom joystick,Electro y Tecno,categoria_generica
453,5513,maquina de coser cuero,Electro y Tecno,modelo_producto
454,6498,bicicleta playera con cambios,Deporte y Fitness,modelo_producto
455,9363,lámpara dicroica led,"Muebles, Hogar y Deco",categoria_generica
456,5558,pantalla reflectora,Electro y Tecno,categoria_generica
457,10088,jbl estuche de carga auriculares,Electro y Tecno,modelo_producto
458,12757,sillon esquinero bremen lino,"Muebles, Hogar y Deco",modelo_producto
459,11424,despensero 2 puertas 180,Bebes y Niños,modelo_producto
460,11766,xiaomi amazfit bip 3 características,Salud y Belleza,modelo_producto
461,11476,juguete ranbak 501,Deporte y Fitness,categoria_generica
462,3199,whirlpool wcf09by,Electro y Tecno,modelo_producto
463,9056,balanza beurer,Electro y Tecno,categoria_generica
464,10432,freidora 3 litros,Electro y Tecno,categoria_atributo
465,11939,samsung galaxy sm-a047mzkfaro,Electro y Tecno,modelo_producto
466,4499,compresor para auto portatil,Autos y Motos,categoria_atributo
467,6772,vr box,Electro y Tecno,categoria_generica
468,4690,philco torre lavasecarropas,Electro y Tecno,categoria_marca
469,11179,aro de selfie,"Muebles, Hogar y Deco",categoria_generica
470,4949,zapatillas talle 25,Indumentaria y Calzado,categoria_generica
471,11505,juguete cepillo bellissima,Bebes y Niños,categoria_generica
472,6779,celular libre huawei gw blanco,Electro y Tecno,modelo_producto
473,6438,auto robot,Autos y Motos,categoria_generica
474,11360,tous touch,Salud y Belleza,categoria_generica
475,9156,consola hdmi,Electro y Tecno,categoria_generica
476,2528,calefon orbis tiro balanceado,Electro y Tecno,modelo_producto
477,12722,sabanas santista kamacolor 2 1/2,"Muebles, Hogar y Deco",modelo_producto
478,3341,mueble para heladera,Electro y Tecno,categoria_generica
479,12402,lg k71,Electro y Tecno,modelo_producto
480,185,escalera de aluminio,"Muebles, Hogar y Deco",categoria_generica
481,10754,freidora oryx,Electro y Tecno,categoria_generica
482,11670,aire acondicionado portatil philco pa ph20 manual,Electro y Tecno,modelo_producto
483,11989,smart tv candy 43,Electro y Tecno,categoria_atributo
484,4817,cafetera philco,Electro y Tecno,categoria_marca
485,6090,lavarropas automatico gafa carga superior,Electro y Tecno,modelo_producto
486,916,mini motosierra,Electro y Tecno,categoria_generica
487,4733,motorola edge 30,Electro y Tecno,modelo_producto
488,5010,bajo mesada 120,"Muebles, Hogar y Deco",categoria_generica
489,1371,valcatil max shampoo,Salud y Belleza,categoria_generica
490,1940,plancha atma,Salud y Belleza,categoria_marca
491,3601,cafetera kanji,Electro y Tecno,categoria_generica
492,7571,carpa infantil castillo,Bebes y Niños,categoria_generica
493,12749,pileta sol de verano 3x2,"Muebles, Hogar y Deco",modelo_producto
494,8928,heladera samsung rt35,Electro y Tecno,modelo_producto
495,10717,piccolo cafetera,Electro y Tecno,categoria_generica
496,11501,juguete laberinto para gatos,Bebes y Niños,modelo_producto
497,13014,perfume con neceser hombre,Salud y Belleza,modelo_producto
498,11921,tablet noblex 8 pulgadas,Electro y Tecno,modelo_producto
499,11645,grand gopher,Deporte y Fitness,categoria_generica
500,4744,dock nintendo switch,Electro y Tecno,categoria_generica
501,1235,cartel luminoso led,"Muebles, Hogar y Deco",categoria_generica
502,4025,poco x8 pro max,Electro y Tecno,modelo_producto
503,3643,lg kite,Electro y Tecno,categoria_marca
504,9925,aire acondicionado hisense 3000 frigorías,Electro y Tecno,categoria_atributo
505,9205,mochila alpine skate 40 litros,Indumentaria y Calzado,categoria_atributo
506,9119,tcl d55,Electro y Tecno,categoria_generica
507,342,motorola g06,Electro y Tecno,modelo_producto
508,11571,bicicleta mountain bike lamborghini rodado 29 21 velocidades,Deporte y Fitness,categoria_atributo
509,7283,riñonera para celular,Electro y Tecno,categoria_generica
510,7089,tablet samsung s8,Electro y Tecno,modelo_producto
511,4474,prada paradoxe perfume,Salud y Belleza,categoria_generica
512,12763,bomba gamma 3/4,"Muebles, Hogar y Deco",modelo_producto
513,11038,sillon hamaca colgante,"Muebles, Hogar y Deco",categoria_generica
514,2716,juguete pistola arenadora,Bebes y Niños,categoria_generica
515,12691,montagne road 5,Indumentaria y Calzado,categoria_generica
516,8689,cartucho hp 662 color,Electro y Tecno,modelo_producto
517,3532,infinix hot 50,Electro y Tecno,categoria_generica
518,9860,topper lambi,Deporte y Fitness,categoria_marca
519,54,termotanque,Electro y Tecno,modelo_producto
520,2412,caloventor atma,Electro y Tecno,categoria_marca
521,4246,calefactor axel,Electro y Tecno,categoria_generica
522,6088,balanza xiaomi mi body composition scale 2,Electro y Tecno,modelo_producto
523,6565,freidora de aire 3 litros,Electro y Tecno,categoria_atributo
524,12878,membrana liquida weber,"Muebles, Hogar y Deco",categoria_generica
525,10445,heladera neba a360,Electro y Tecno,categoria_generica
526,11444,aire acondicionado sansei 3200,Electro y Tecno,modelo_producto
527,5326,sommier suavestar 2 plazas,"Muebles, Hogar y Deco",modelo_producto
528,2194,garmin swim 2,Electro y Tecno,categoria_generica
529,536,idole lancome,Salud y Belleza,categoria_generica
530,12451,hp 1275,Electro y Tecno,modelo_producto
531,9588,figura funko pop de star wars,Bebes y Niños,modelo_producto
532,9469,depiladora braun silk-épil 9,Salud y Belleza,modelo_producto
533,9112,all clad,Electro y Tecno,categoria_generica
534,4028,xiaomi mi band 9,Electro y Tecno,modelo_producto
535,4425,biblioteca nordica,"Muebles, Hogar y Deco",categoria_generica
536,9219,valija hot wheels,Bebes y Niños,categoria_generica
537,8578,mini bicicleta fija,Deporte y Fitness,categoria_generica
538,395,heladera electrolux,Electro y Tecno,categoria_marca
539,8728,samsung 75 neo qled,Electro y Tecno,modelo_producto
540,3067,combos teclado y mouse,Electro y Tecno,categoria_generica
541,8540,bicicleta philco patio rodado 20,Deporte y Fitness,modelo_producto
542,5452,soporte tv 60 pulgadas,Electro y Tecno,categoria_atributo
543,2439,pendrive,Electro y Tecno,modelo_producto
544,1800,garmin fenix 8,Electro y Tecno,categoria_generica
545,2770,noblex radio reloj despertador,Electro y Tecno,modelo_producto
546,12656,zapatillas toupy 47 street,Indumentaria y Calzado,modelo_producto
547,7443,piero namaste,"Muebles, Hogar y Deco",categoria_generica
548,504,reposera,"Muebles, Hogar y Deco",modelo_producto
549,2847,calefon gas natural,Electro y Tecno,categoria_generica
550,2855,protector solar dermaglos,Salud y Belleza,categoria_generica
551,12111,xiaomi imilab w01,Electro y Tecno,modelo_producto
552,1538,portaretratos digitales,Electro y Tecno,categoria_generica
553,4532,aire acondicionado atma,Electro y Tecno,categoria_marca
554,2836,freidora de aire smartlife,Electro y Tecno,modelo_producto
555,12860,cocina casera clarin,"Muebles, Hogar y Deco",categoria_generica
556,10675,c5l max,Electro y Tecno,categoria_generica
557,559,samsung a13,Electro y Tecno,modelo_producto
558,6935,muñeca barbie pelinegra,Bebes y Niños,categoria_generica
559,7333,repuesto mochila roca,Indumentaria y Calzado,categoria_generica
560,11696,termotanque eléctrico energy safe 80 litros,Electro y Tecno,categoria_atributo
561,10555,tcl 5148a,Electro y Tecno,categoria_generica
562,9906,iphone 11 pro max midnight green,Electro y Tecno,modelo_producto
563,9335,sombrilla grande para jardin,"Muebles, Hogar y Deco",modelo_producto
564,11445,aire acondicionado alaska 3450,Electro y Tecno,modelo_producto
565,4906,sky devices,Electro y Tecno,categoria_generica
566,11164,luz para calcar,"Muebles, Hogar y Deco",categoria_generica
567,6415,spicebomb night vision,Salud y Belleza,categoria_generica
568,7879,funda samsung a24,Electro y Tecno,modelo_producto
569,8521,juguete cepillo para bebe,Bebes y Niños,modelo_producto
570,8336,secador de pelo revlon,Salud y Belleza,modelo_producto
571,2244,parlantes philips,Electro y Tecno,categoria_marca
572,5878,camara polaroid,Electro y Tecno,categoria_generica
573,7085,televisor motorola 43 pulgadas,Electro y Tecno,modelo_producto
574,7638,iglu para playa,Deporte y Fitness,categoria_generica
575,6767,juguera centrifuga,Electro y Tecno,categoria_generica
576,1949,bateria g31,Autos y Motos,categoria_generica
577,6112,tv noblex 40 pulgadas,Electro y Tecno,modelo_producto
578,9398,respaldo pana,"Muebles, Hogar y Deco",categoria_generica
579,9714,juguete nerf roblox,Bebes y Niños,categoria_generica
580,3686,monitor gamer level up 24,Electro y Tecno,categoria_atributo
581,5848,rheem calefon,Electro y Tecno,categoria_generica
582,9287,sillon chester 2 cuerpos,"Muebles, Hogar y Deco",modelo_producto
583,12345,samsung s21 plus,Electro y Tecno,modelo_producto
584,10680,citiz nespresso,Electro y Tecno,categoria_generica
585,1083,lector e books amazon kindle,Electro y Tecno,modelo_producto
586,116,tensiometros,Salud y Belleza,categoria_generica
587,7962,lavarropas atma,Electro y Tecno,categoria_marca
588,2472,gazebo exterior plegable quick up,"Muebles, Hogar y Deco",categoria_atributo
589,9806,conservadora 5 litros,Deporte y Fitness,categoria_atributo
590,1550,xiaomi poco m6 pro,Electro y Tecno,modelo_producto
591,4608,cargadores para auto,Electro y Tecno,categoria_generica
592,7454,gazebo 3x6,"Muebles, Hogar y Deco",categoria_generica
593,3951,campanas,Electro y Tecno,modelo_producto
594,1566,calefon tiro balanceado,Electro y Tecno,categoria_generica
595,4105,cerradura con huella digital,Electro y Tecno,modelo_producto
596,282,cuchillo,"Muebles, Hogar y Deco",modelo_producto
597,1819,rejilla para ducha,Electro y Tecno,categoria_generica
598,12109,parlante 15 pulgadas,Electro y Tecno,categoria_atributo
599,12923,manguera solytac,"Muebles, Hogar y Deco",categoria_generica
600,4247,anafe de una hornalla,Electro y Tecno,modelo_producto
601,11473,juguete frozen toys,Bebes y Niños,categoria_generica
602,869,lentes de realidad virtual,Electro y Tecno,categoria_generica
603,12696,zapatillas globe,Indumentaria y Calzado,categoria_generica
604,3255,heladera midea,Electro y Tecno,categoria_marca
605,8662,hyperx cloud revolver s,Electro y Tecno,modelo_producto
606,1260,centrum silver,Salud y Belleza,categoria_generica
607,4453,triomino,Bebes y Niños,modelo_producto
608,4457,secador de pelo 5 en 1,Salud y Belleza,modelo_producto
609,12216,soldadora sin gas,Electro y Tecno,categoria_generica
610,7687,monitor 19 pulgadas lg,Electro y Tecno,modelo_producto
611,3919,bicicleta fija olmo,Deporte y Fitness,categoria_generica
612,5074,tender de ropa,"Muebles, Hogar y Deco",categoria_generica
613,9026,cava cervecera,Electro y Tecno,categoria_generica
614,39,smartwatch,Electro y Tecno,modelo_producto
615,7399,tender de ropa de aluminio,"Muebles, Hogar y Deco",modelo_producto
616,1651,waterpik,Electro y Tecno,modelo_producto
617,3513,haylou gt1 pro,Electro y Tecno,categoria_generica
618,8033,transmisor de bluetooth,Electro y Tecno,categoria_atributo
619,6761,xiaomi m365,Electro y Tecno,modelo_producto
620,12440,acer swift x,Electro y Tecno,categoria_marca
621,9879,ecowinco,Deporte y Fitness,modelo_producto
622,4730,bomba presurizadora inteligente,Electro y Tecno,categoria_generica
623,5040,sillon reposera,"Muebles, Hogar y Deco",categoria_generica
624,3890,juguete practicuna avanti,Bebes y Niños,categoria_generica
625,6168,dell ryzen 7,Electro y Tecno,modelo_producto
626,3005,rapsodia perfume,Salud y Belleza,categoria_generica
627,918,termotanques y calefones,Electro y Tecno,categoria_generica
628,6302,motorola 300,Electro y Tecno,modelo_producto
629,12474,kodak seren,Electro y Tecno,categoria_generica
630,401,juguete membrana de caucho,"Muebles, Hogar y Deco",modelo_producto
631,7712,microondas aurora rupha 20,Electro y Tecno,modelo_producto
632,3325,balde mopa,"Muebles, Hogar y Deco",categoria_generica
633,7225,juguera yelmo,Electro y Tecno,categoria_generica
634,11676,tablet positivo bgh twist tab t770k características,Electro y Tecno,modelo_producto
635,6764,mixer profesional,Electro y Tecno,categoria_atributo
636,10665,microcomponente noblex,Electro y Tecno,categoria_marca
637,4736,celular samsung j2,Electro y Tecno,modelo_producto
638,12551,reloj innjoo,Electro y Tecno,categoria_generica
639,11439,figura funko pop el zorro,Bebes y Niños,modelo_producto
640,12974,secador de pelo remington shine therapy d18a,Salud y Belleza,modelo_producto
641,12445,samsung ww90aa46bw,Electro y Tecno,modelo_producto
642,11182,juego acapulco,"Muebles, Hogar y Deco",categoria_generica
643,1517,trenes de juguete,Bebes y Niños,categoria_generica
644,6426,glossier you,Salud y Belleza,categoria_generica
645,9020,pestañadora con embrague,Electro y Tecno,categoria_generica
646,11603,trx 2.0,Deporte y Fitness,categoria_generica
647,9237,mochila con carro,Indumentaria y Calzado,categoria_generica
648,4656,anafe de 4 hornallas a gas,Electro y Tecno,modelo_producto
649,9264,bomba presurizadora para 4 baños,"Muebles, Hogar y Deco",modelo_producto
650,9776,juguete gd10,Electro y Tecno,categoria_generica
651,3480,cable usb a usb c,Electro y Tecno,modelo_producto
652,1832,gimbal para celular,Electro y Tecno,categoria_generica
653,10850,termotanque liliana,Electro y Tecno,categoria_marca
654,9926,horno eléctrico yelmo 40 litros,Electro y Tecno,categoria_atributo
655,4413,sihoo m57,"Muebles, Hogar y Deco",categoria_generica
656,4018,gato hidraulico 3 toneladas,Electro y Tecno,modelo_producto
657,4788,tostadora black & decker,Electro y Tecno,categoria_generica
658,1049,drean next 6.06,Electro y Tecno,modelo_producto
659,10727,samsung un65au7000gczb,Electro y Tecno,modelo_producto
660,10664,traba volante,Electro y Tecno,categoria_generica
661,8380,retinol eucerin,Salud y Belleza,categoria_generica
662,9798,bicicleta con cambio rodado 26,Deporte y Fitness,categoria_atributo
663,7450,saboteur juego,Bebes y Niños,categoria_generica
664,4322,talle l en pantalon,Indumentaria y Calzado,modelo_producto
665,10505,griferia roca ducha,"Muebles, Hogar y Deco",categoria_generica
666,12747,vaso stanley travel quencher,"Muebles, Hogar y Deco",modelo_producto
667,8707,redmi note 10 5g,Electro y Tecno,modelo_producto
668,2908,zte a33,Electro y Tecno,categoria_generica
669,10159,hp severbon cortadora de césped,Electro y Tecno,modelo_producto
670,10221,iphone xs max,Electro y Tecno,categoria_marca
671,4158,tocadiscos audio technica,Electro y Tecno,categoria_generica
672,775,extensor de wifi,Electro y Tecno,categoria_atributo
673,11418,aire acondicionado bgh frio calor,Electro y Tecno,modelo_producto
674,10322,geforce gtx 1070,Electro y Tecno,categoria_generica
675,1156,ropa de cama,"Muebles, Hogar y Deco",categoria_generica
676,12605,a3d91gseag,Electro y Tecno,modelo_producto
677,7556,cutter retractil de seguridad,Bebes y Niños,modelo_producto
678,7011,planchita gama ceramic shine ion,Salud y Belleza,modelo_producto
679,5662,bateria j7 2016,Autos y Motos,categoria_generica
680,995,poco f8 pro,Electro y Tecno,categoria_generica
681,5723,lavarropas drean next 6 kg 6.06 eco,Electro y Tecno,modelo_producto
682,12473,planchita pampita,Salud y Belleza,categoria_generica
683,571,teteras,"Muebles, Hogar y Deco",modelo_producto
684,6507,ejercitador de antebrazo,Deporte y Fitness,categoria_generica
685,3248,moto rondi,Electro y Tecno,categoria_generica
686,925,asus tuf gaming f15,Electro y Tecno,modelo_producto
687,4556,juguete baby pink,Bebes y Niños,categoria_generica
688,11100,pillow top queen,"Muebles, Hogar y Deco",categoria_generica
689,10721,iphone white,Electro y Tecno,categoria_marca
690,12230,cafetera gadnic cme01,Electro y Tecno,modelo_producto
691,10605,macbook 2018,Electro y Tecno,categoria_generica
692,86,head zapatillas,Indumentaria y Calzado,categoria_generica
693,7071,sandwichera eléctrica 3 en 1,Electro y Tecno,categoria_atributo
694,9945,samsung 65 qled 4k q65b,Electro y Tecno,modelo_producto
695,8042,chomba racing,Electro y Tecno,categoria_generica
696,8288,atma mix,"Muebles, Hogar y Deco",categoria_marca
697,11997,celular google pixel 7,Electro y Tecno,modelo_producto
698,6843,neceser versace,"Muebles, Hogar y Deco",categoria_generica
699,9102,champu clarificante,Electro y Tecno,categoria_generica
700,9727,goma fuelle para inodoro,"Muebles, Hogar y Deco",modelo_producto
701,6419,loreal cañas,Salud y Belleza,categoria_generica
702,2754,philips smart tv 43 android,Electro y Tecno,modelo_producto
703,11569,boxeo,Deporte y Fitness,modelo_producto
704,5894,logitech m720,Electro y Tecno,categoria_generica
705,1316,cafetera gadnic,Electro y Tecno,categoria_marca
706,8635,heladera patrick side by side,Electro y Tecno,modelo_producto
707,8004,roku ultra,Electro y Tecno,categoria_generica
708,6958,peluche star wars,Bebes y Niños,categoria_generica
709,7451,sillon baulera,"Muebles, Hogar y Deco",categoria_generica
710,11798,montura para caño de gas 1/2,Electro y Tecno,modelo_producto
711,10820,ventilador inalambrico,Electro y Tecno,categoria_atributo
712,11693,sony god of war ragnarok fisico,Electro y Tecno,modelo_producto
713,10488,mavic 3 cine,Electro y Tecno,categoria_generica
714,4500,pista de autos duravit,Bebes y Niños,modelo_producto
715,4458,the ordinary acido salicilico,Salud y Belleza,modelo_producto
716,9263,sommier gani 2 plazas,"Muebles, Hogar y Deco",modelo_producto
717,10079,funda samsung s22 ultra,Electro y Tecno,modelo_producto
718,893,cámara de seguridad,Electro y Tecno,categoria_generica
719,3923,bicicleta kawasaki,Deporte y Fitness,categoria_generica
720,9380,copas de vino,"Muebles, Hogar y Deco",categoria_generica
721,9541,shampoo para foliculitis,Salud y Belleza,categoria_generica
722,8699,motorola earbuds 2-s,Electro y Tecno,modelo_producto
723,8006,samsung celular,Electro y Tecno,categoria_marca
724,1448,nintendo switch dehuka,Electro y Tecno,categoria_generica
725,1739,samsung galaxy s21 plus,Electro y Tecno,modelo_producto
726,11380,cubierta 2.75 17 trasera,Autos y Motos,modelo_producto
727,6052,pistola masajeadora profesional,Salud y Belleza,categoria_atributo
728,4078,freezer neba f310,Electro y Tecno,categoria_generica
729,11736,soundcore liberty air 2 pro,Electro y Tecno,modelo_producto
730,7513,aire acondicionado hitachi 3200 inverter,Electro y Tecno,categoria_atributo
731,8512,juguete desmalezadora omaha,Bebes y Niños,categoria_generica
732,12945,bacha plastica,"Muebles, Hogar y Deco",categoria_generica
733,5899,calefon lorenzetti,Electro y Tecno,categoria_generica
734,4091,cava de vinos vondom,Electro y Tecno,modelo_producto
735,5006,mesa de arrime para cama,"Muebles, Hogar y Deco",modelo_producto
736,9242,talle 41,Indumentaria y Calzado,categoria_generica
737,12128,moto g13 difuso,Electro y Tecno,categoria_generica
738,12376,lg on2d,Electro y Tecno,modelo_producto
739,12241,business tv samsung,Electro y Tecno,categoria_marca
740,7480,perfume first,Salud y Belleza,categoria_generica
741,2040,iphone micrófono de solapa,Electro y Tecno,modelo_producto
742,8059,cpu exo,Electro y Tecno,categoria_generica
743,6859,biblioteca organizador,"Muebles, Hogar y Deco",categoria_generica
744,9802,rueditas para bici rodado 12,Deporte y Fitness,categoria_atributo
745,2566,jbl xtreme 3,Electro y Tecno,modelo_producto
746,7906,batidora planetaria cuk,Electro y Tecno,categoria_generica
747,160,motorola g22,Electro y Tecno,modelo_producto
748,6148,tcl smart tv,Electro y Tecno,categoria_atributo
749,4875,mixer minipimer,Electro y Tecno,categoria_generica
750,7435,sábanas de una plaza,"Muebles, Hogar y Deco",modelo_producto
751,4513,corralitos,Bebes y Niños,modelo_producto
752,4459,carolina herrera clasico mujer,Salud y Belleza,modelo_producto
753,377,juguete moto scooter,Bebes y Niños,categoria_generica
754,6657,impresora hp 3775,Electro y Tecno,modelo_producto
755,6386,set de crochet,"Muebles, Hogar y Deco",categoria_generica
756,9334,termómetro de cocina profesional,"Muebles, Hogar y Deco",categoria_atributo
757,10720,dx 110,Electro y Tecno,categoria_generica
758,262,motorola one vision,Electro y Tecno,categoria_marca
759,3924,guantes venum,Deporte y Fitness,categoria_generica
760,7793,funda para samsung a23,Electro y Tecno,modelo_producto
761,9497,cepillo secador teknikpro,Salud y Belleza,categoria_generica
762,6692,aspiradora pektra,Electro y Tecno,categoria_generica
763,11946,heladera whirlpool frost free,Electro y Tecno,modelo_producto
764,5921,articulos de limpieza,"Muebles, Hogar y Deco",categoria_generica
765,4356,cocina de 2 hornallas con horno,Electro y Tecno,modelo_producto
766,10616,vsg singularity,Electro y Tecno,categoria_generica
767,2054,pimentero electrico,Electro y Tecno,categoria_atributo
768,10135,cobertor aire acondicionado exterior,Electro y Tecno,modelo_producto
769,6823,vasos de vidrio durax,"Muebles, Hogar y Deco",modelo_producto
770,1021,gtx 1050,Electro y Tecno,categoria_generica
771,7697,galaxy tab s8 ultra,Electro y Tecno,modelo_producto
772,529,motorola signature,Electro y Tecno,categoria_marca
773,4776,nokia 1 plus,Electro y Tecno,categoria_generica
774,9661,juguete bitty boomers,Bebes y Niños,categoria_generica
775,9331,respaldo 2 plazas,"Muebles, Hogar y Deco",categoria_generica
776,12018,auriculares lenovo lp40 pro,Electro y Tecno,modelo_producto
777,9538,deep red,Salud y Belleza,categoria_generica
778,2588,xbox noga auriculares,Electro y Tecno,categoria_generica
779,3545,samsung adaptador de auriculares,Electro y Tecno,modelo_producto
780,8350,carry on cabina,Indumentaria y Calzado,categoria_generica
781,7866,eskabe acquapiu a4,Electro y Tecno,categoria_generica
782,4502,peavey bandit 112,Autos y Motos,categoria_generica
783,2419,samsung a02s,Electro y Tecno,modelo_producto
784,7527,carpa coleman 4 personas,Deporte y Fitness,modelo_producto
785,9218,mochila capea de colgar,Indumentaria y Calzado,modelo_producto
786,3331,espejo con aumento,"Muebles, Hogar y Deco",categoria_generica
787,9332,placard 120 x 180,"Muebles, Hogar y Deco",modelo_producto
788,4291,batidor electrico,Electro y Tecno,categoria_atributo
789,141,dispenser de agua,Electro y Tecno,categoria_generica
790,558,samsung galaxy a10s,Electro y Tecno,modelo_producto
791,9627,figura funko freddie mercury,Bebes y Niños,modelo_producto
792,9520,masajeador de pies de madera,Salud y Belleza,modelo_producto
793,7950,sandwichera electrica liliana,Electro y Tecno,categoria_marca
794,2840,soporte para tv 32,Electro y Tecno,modelo_producto
795,9886,lectores y scanners,Electro y Tecno,categoria_generica
796,8845,max you m6,Deporte y Fitness,categoria_generica
797,7843,caja de agua vereda,Electro y Tecno,modelo_producto
798,9572,ferrari bateria,Bebes y Niños,categoria_generica
799,8055,pochoclera dulce,Electro y Tecno,categoria_generica
800,11178,silla milan,"Muebles, Hogar y Deco",categoria_generica
801,4467,missoni pour homme,Salud y Belleza,categoria_generica
802,10340,licuadora liliana con molinillo,Electro y Tecno,modelo_producto
803,7281,tostadora westinghouse,Electro y Tecno,categoria_generica
804,5600,caja de herramientas black decker,"Muebles, Hogar y Deco",modelo_producto
805,12318,samsung au7000 65,Electro y Tecno,modelo_producto
806,11868,heladera sigma 365 litros,Electro y Tecno,categoria_atributo
807,4156,mouse pad xl,Electro y Tecno,categoria_generica
808,620,apple pencil,Electro y Tecno,categoria_marca
809,10076,side by side philco,Electro y Tecno,modelo_producto
810,2122,gatitos explosivos,"Muebles, Hogar y Deco",categoria_generica
811,8764,impresora epson l3110,Electro y Tecno,categoria_generica
812,7322,rotoorbital,Electro y Tecno,modelo_producto
813,10292,lg gram 16,Electro y Tecno,modelo_producto
814,53,moto e7,Electro y Tecno,categoria_generica
815,1098,maletin de maquillaje,Salud y Belleza,categoria_generica
816,3403,juguete pistola gadnic,Salud y Belleza,categoria_marca
817,9733,juguete muñeca maricela,Bebes y Niños,categoria_generica
818,3801,modular de melamina,"Muebles, Hogar y Deco",categoria_generica
819,12043,xbox series s fortnite,Electro y Tecno,modelo_producto
820,9093,robot para armar,Electro y Tecno,categoria_generica
821,6368,almohada de espuma viscoelástica,"Muebles, Hogar y Deco",modelo_producto
822,3054,colchoneta plegable,Deporte y Fitness,categoria_atributo
823,10623,noblex ee24x4000,Electro y Tecno,modelo_producto
824,7107,turbo ventilador atma,Electro y Tecno,categoria_marca
825,3604,dongle bluetooth,Electro y Tecno,categoria_atributo
826,10937,mochila camuflada,Indumentaria y Calzado,categoria_generica
827,9074,botella con sorbete,Electro y Tecno,categoria_generica
828,9582,juguete power rangers dino fury zords,Bebes y Niños,modelo_producto
829,8748,planchita y secador de pelo gama,Salud y Belleza,modelo_producto
830,8061,noblex 75,Electro y Tecno,modelo_producto
831,5540,cafetera oryx,Electro y Tecno,categoria_generica
832,11071,mega construx pokemon,"Muebles, Hogar y Deco",categoria_generica
833,8567,cars mini racers,Deporte y Fitness,categoria_generica
834,7074,hp notebook 2 en 1,Electro y Tecno,modelo_producto
835,12061,thunderobot 911 air,Electro y Tecno,categoria_generica
836,10895,reloj casio f 91ws hombre,Electro y Tecno,modelo_producto
837,5113,ajo envejecido,Salud y Belleza,categoria_generica
838,9310,cuadro de ducha fv,"Muebles, Hogar y Deco",modelo_producto
839,12464,anteojos para eclipse,Electro y Tecno,categoria_generica
840,9109,samsung qn85q70aagczb,Electro y Tecno,modelo_producto
841,6940,juguete practicuna bebitos,Bebes y Niños,categoria_generica
842,10643,exprimidor electrolux,Electro y Tecno,categoria_marca
843,1908,ponchera de vidrio,"Muebles, Hogar y Deco",categoria_generica
844,4521,control remoto one for all,Electro y Tecno,modelo_producto
845,7232,tv pioneer,Electro y Tecno,categoria_generica
846,3226,bordeadora eléctrica,Electro y Tecno,categoria_atributo
847,10185,reloj de pared 30 cm,Electro y Tecno,modelo_producto
848,24,hornitos electricos,Electro y Tecno,categoria_generica
849,12188,ventilador crivel de pared,Electro y Tecno,modelo_producto
850,12886,sillon gota,"Muebles, Hogar y Deco",categoria_generica
851,10331,impresora epson l1300,Electro y Tecno,categoria_generica
852,6062,lenovo yoga tab 11,Electro y Tecno,modelo_producto
853,2696,luteina y zeaxantina,Salud y Belleza,categoria_generica
854,7374,bachas para cocina de acero inoxidable,"Muebles, Hogar y Deco",modelo_producto
855,4793,ott tv box,Electro y Tecno,categoria_generica
856,6738,philips multiprocesadora,Electro y Tecno,categoria_marca
857,2366,philco aspiradora para tapizados,Electro y Tecno,modelo_producto
858,4575,bolso paletero adidas,Deporte y Fitness,categoria_marca
859,539,juguete hamaca paraguaya,Bebes y Niños,categoria_generica
860,7999,dinosaurio robot,Electro y Tecno,categoria_generica
861,9585,juguete jurassic world dominion mattel,Bebes y Niños,modelo_producto
862,8995,gadnic cp170,Salud y Belleza,modelo_producto
863,1984,drean gold blue 8.6,Electro y Tecno,modelo_producto
864,2207,cargador portátil para celular,Electro y Tecno,categoria_atributo
865,2451,piletas inflables,"Muebles, Hogar y Deco",categoria_generica
866,637,jbl boombox 3,Electro y Tecno,modelo_producto
867,2,freidoras,Electro y Tecno,categoria_generica
868,8572,max you s1,Deporte y Fitness,categoria_generica
869,11589,amazfit gts 2 mini,Deporte y Fitness,modelo_producto
870,4958,mochila discovery,Indumentaria y Calzado,categoria_generica
871,8665,telefono inalambrico motorola m700,Electro y Tecno,modelo_producto
872,319,ducha escocesa,Electro y Tecno,categoria_generica
873,4361,liston led bajo alacena,"Muebles, Hogar y Deco",modelo_producto
874,12997,giesso puro naturaleza,Salud y Belleza,categoria_generica
875,6355,colchon princess cannon,"Muebles, Hogar y Deco",categoria_generica
876,12501,lenovo he05,Electro y Tecno,modelo_producto
877,183,climatizador midea,Electro y Tecno,categoria_marca
878,8942,cafetera winco express,Electro y Tecno,categoria_generica
879,6127,licuadora liliana jarra vidrio,Electro y Tecno,modelo_producto
880,2892,logitech f710,Electro y Tecno,categoria_generica
881,11816,horno electrico white westinghouse,Electro y Tecno,categoria_atributo
882,118,planchas,Electro y Tecno,modelo_producto
883,11496,muñeca barbie pileta,Bebes y Niños,categoria_generica
884,11089,liston led interconectable,"Muebles, Hogar y Deco",categoria_generica
885,7265,auriculares i12,Electro y Tecno,categoria_generica
886,10094,licuadora oster pica hielo,Electro y Tecno,modelo_producto
887,8413,gps tracker,Autos y Motos,categoria_generica
888,9288,combo termo y mate stanley,"Muebles, Hogar y Deco",modelo_producto
889,3188,aspiradora sin bolsa,Electro y Tecno,categoria_generica
890,6651,dell latitude 5520,Electro y Tecno,modelo_producto
891,8887,lg microondas espejado,Electro y Tecno,categoria_marca
892,2139,prada l'homme,Salud y Belleza,categoria_generica
893,8694,lavavajillas samsung 14 cubiertos,Electro y Tecno,modelo_producto
894,5281,jirafa de basquet,Electro y Tecno,categoria_generica
895,6396,baulera placard,"Muebles, Hogar y Deco",categoria_generica
896,10230,samsung a04e funda,Electro y Tecno,modelo_producto
897,3856,cochecitos,Bebes y Niños,modelo_producto
898,2697,ultraflex,Salud y Belleza,modelo_producto
899,5220,ipad 8va generacion,Electro y Tecno,categoria_generica
900,1393,banqueta plegable,Deporte y Fitness,categoria_atributo
901,11756,guitarra electrica epiphone special 2,Electro y Tecno,categoria_atributo
902,8615,secarropas drean wind s 5.5,Electro y Tecno,modelo_producto
903,2907,freezer exhibidor,Electro y Tecno,categoria_generica
904,2738,lijadora de banco,Deporte y Fitness,categoria_generica
905,8532,lego avengers endgame,Bebes y Niños,categoria_generica
906,6150,balanza digital de precision,Electro y Tecno,modelo_producto
907,10910,repuesto mochila ferrum andina,Indumentaria y Calzado,modelo_producto
908,5081,cama baul,"Muebles, Hogar y Deco",categoria_generica
909,201,dormitorio,"Muebles, Hogar y Deco",modelo_producto
910,3600,caloventor pared,Electro y Tecno,categoria_generica
911,5063,cocina longvie,Electro y Tecno,categoria_marca
912,4093,dell latitude 7420,Electro y Tecno,modelo_producto
913,8877,oximetro san up,Salud y Belleza,categoria_generica
914,3036,kelvinator aire acondicionado,Electro y Tecno,categoria_generica
915,5757,lg heladera de acero inoxidable,Electro y Tecno,modelo_producto
916,4332,lunchera chimola,Indumentaria y Calzado,categoria_generica
917,831,heladera philco side by side,Electro y Tecno,modelo_producto
918,2866,stylus pen,Electro y Tecno,categoria_generica
919,5536,barral de ducha,"Muebles, Hogar y Deco",categoria_generica
920,5314,memoria ram drr4 hyperx fury,Electro y Tecno,categoria_atributo
921,12774,level up silla gamer,"Muebles, Hogar y Deco",categoria_atributo
922,945,bomba elevadora de agua,Electro y Tecno,modelo_producto
923,12449,climatizador vont,Electro y Tecno,categoria_generica
924,11009,mesa de pino con 4 sillas,"Muebles, Hogar y Deco",modelo_producto
925,10164,waflera yelmo 3 en 1,Electro y Tecno,modelo_producto
926,10666,ventilador midea,Electro y Tecno,categoria_marca
927,6479,wolverine marvel legends,Bebes y Niños,categoria_generica
928,5844,botella discovery,Electro y Tecno,categoria_generica
929,9379,bifera carol,"Muebles, Hogar y Deco",categoria_generica
930,10876,reloj inteligente smartwatch xinji n1,Electro y Tecno,modelo_producto
931,9496,perfume ibiza hombre,Salud y Belleza,categoria_generica
932,3205,babyliss planchita,Electro y Tecno,categoria_generica
933,2494,juguete monopatin gadnic,Bebes y Niños,categoria_marca
934,11964,parlante panacom sp 3060,Electro y Tecno,modelo_producto
935,3381,pelelas,Bebes y Niños,modelo_producto
936,1924,stronger with you absolutely,Salud y Belleza,modelo_producto
937,12350,sky elite t10,Electro y Tecno,categoria_generica
938,1355,cocina whirlpool wfx57di,Electro y Tecno,modelo_producto
939,9114,exprimidor electrico,Electro y Tecno,categoria_atributo
940,9437,pileta con luces,"Muebles, Hogar y Deco",categoria_generica
941,1970,slp 100 pro,Deporte y Fitness,categoria_generica
942,10788,akaso v50x,Electro y Tecno,categoria_generica
943,1826,lg k52,Electro y Tecno,modelo_producto
944,10967,sabanas 200 hilos 2 plazas,"Muebles, Hogar y Deco",modelo_producto
945,2591,notebook hp pavilion,Electro y Tecno,categoria_marca
946,71,redmi 14c,Electro y Tecno,modelo_producto
947,5895,cuaderno mooving,Electro y Tecno,categoria_generica
948,5692,bolso head deportivo,Bebes y Niños,categoria_generica
949,9954,iphone 11 pro max green,Electro y Tecno,modelo_producto
950,9179,gabinete exo,Electro y Tecno,categoria_generica
951,3043,kit de distribución gol trend,Deporte y Fitness,modelo_producto
952,6424,cortizone 10,Salud y Belleza,categoria_generica
953,10646,olla sarten,"Muebles, Hogar y Deco",categoria_generica
954,3163,jbl partybox 1000,Electro y Tecno,modelo_producto
955,12157,tostadora harry potter,Electro y Tecno,categoria_generica
956,10083,tv philco 42 pulgadas,Electro y Tecno,modelo_producto
957,1210,compresor de aire portatil,Electro y Tecno,categoria_atributo
958,2106,valija de herramientas,Indumentaria y Calzado,categoria_generica
959,5400,mesa de plástico rectangular,"Muebles, Hogar y Deco",modelo_producto
960,9022,celular admiral,Electro y Tecno,categoria_generica
961,7822,batidora moulinex planetaria,Electro y Tecno,categoria_marca
962,2350,tcl mini led 65,Electro y Tecno,modelo_producto
963,6817,protector termico argan,"Muebles, Hogar y Deco",categoria_generica
964,4219,fary home,Electro y Tecno,categoria_generica
965,8201,cocina volcan 55 cm,Electro y Tecno,modelo_producto
966,1135,redmi 11,Electro y Tecno,modelo_producto
967,771,lavarropas carga frontal,Electro y Tecno,categoria_generica
968,11260,aspiradores de secreciones,Salud y Belleza,categoria_generica
969,9633,perchero infantil montessori,Bebes y Niños,categoria_generica
970,11421,peluche happy nappers de unicornio,Bebes y Niños,modelo_producto
971,11678,planchita de pelo gama elegance led bella tourmaline,Salud y Belleza,modelo_producto
972,1759,xiaomi watch 2 pro,Electro y Tecno,modelo_producto
973,3318,termo stanley mate,"Muebles, Hogar y Deco",categoria_marca
974,9367,repuesto termo atom,"Muebles, Hogar y Deco",categoria_generica
975,2256,capsulas nescafe,Electro y Tecno,categoria_generica
976,3729,juego de vajilla 30 piezas,"Muebles, Hogar y Deco",modelo_producto
977,5454,extractor de baño 6 pulgadas,Electro y Tecno,categoria_atributo
978,2796,philips ambilight 75,Electro y Tecno,modelo_producto
979,10247,lg tv celular,Electro y Tecno,categoria_marca
980,3430,bicicleta tomaselli rodado 26,Deporte y Fitness,categoria_atributo
981,11468,juguete sit fit,Deporte y Fitness,categoria_generica
982,6288,epson l850,Electro y Tecno,categoria_generica
983,952,iphone 16e,Electro y Tecno,modelo_producto
984,12144,home aire acondicionado,Electro y Tecno,categoria_generica
985,8165,bolsos materos,"Muebles, Hogar y Deco",categoria_generica
986,10456,tablet bgh q10,Electro y Tecno,modelo_producto
987,12421,stereo targa,Electro y Tecno,categoria_generica
988,8623,dell all in one core i5,Electro y Tecno,modelo_producto
989,2482,tensiómetro manual,Salud y Belleza,categoria_generica
990,1131,macbook air m5,Electro y Tecno,categoria_generica
991,2723,ametralladora de juguete,Bebes y Niños,categoria_generica
992,8961,heladera con freezer columbia,Electro y Tecno,modelo_producto
993,6910,auto dinosaurio,Autos y Motos,categoria_generica
994,12764,manguera led 10 metros,"Muebles, Hogar y Deco",modelo_producto
995,3562,horno electrico longvie,Electro y Tecno,categoria_marca
996,5629,tender mor,"Muebles, Hogar y Deco",categoria_generica
997,10150,termotanque a gas 23 litros,Electro y Tecno,categoria_atributo
998,5180,noblex radio reloj despertador carrefour,Electro y Tecno,modelo_producto
999,8994,tcl l9+,Electro y Tecno,categoria_generica
1000,4628,horno electrico bgh 30 litros,Electro y Tecno,modelo_producto
1001,10837,corsair 570x,Electro y Tecno,categoria_generica
1002,12683,zapatillas montagne crossland,Indumentaria y Calzado,categoria_generica
1003,2845,samsung lentes 3d,Electro y Tecno,modelo_producto
1004,12499,aiwa t2010,Electro y Tecno,categoria_generica
1005,2957,bombon ferrero rocher,"Muebles, Hogar y Deco",categoria_generica
1006,9995,monitor samsung 23 pulgadas,Electro y Tecno,modelo_producto
1007,8032,planchita westinghouse,Salud y Belleza,categoria_generica
1008,3867,estacion de servicio duravit,Bebes y Niños,modelo_producto
1009,2994,masajeador de pies gadnic,Salud y Belleza,modelo_producto
1010,7304,noblex auriculares,Electro y Tecno,categoria_marca
1011,2835,roku express 4k,Electro y Tecno,categoria_generica
1012,901,cocina,"Muebles, Hogar y Deco",modelo_producto
1013,11924,ventilador de pie liliana vp20p,Electro y Tecno,modelo_producto
1014,3423,guitarra de juguete,Bebes y Niños,categoria_generica
1015,9619,aire acondicionado sanyo inverter,Electro y Tecno,categoria_atributo
1016,3051,majirel tintura,Deporte y Fitness,categoria_generica
1017,10540,moto g9 play,Electro y Tecno,categoria_generica
1018,9895,batidora kitchenaid heavy duty 6 9 lts,Electro y Tecno,modelo_producto
1019,4498,gato hidraulico 2 toneladas,Autos y Motos,modelo_producto
1020,9345,inodoro dual roca,"Muebles, Hogar y Deco",categoria_generica
1021,9550,bateria samsung j2 core,Electro y Tecno,modelo_producto
1022,2919,cable trs,Electro y Tecno,categoria_generica
1023,11728,motorola edge 30 ultra bundle,Electro y Tecno,modelo_producto
1024,4208,balanza de mano,Electro y Tecno,categoria_generica
1025,1438,samsung a25 5g,Electro y Tecno,modelo_producto
1026,4086,hp notebook ram,Electro y Tecno,categoria_marca
1027,2575,tensiometro digital aspen,Salud y Belleza,categoria_generica
1028,12639,escolar mochila carrito nena,Indumentaria y Calzado,modelo_producto
1029,8253,farol led recargable,"Muebles, Hogar y Deco",categoria_generica
1030,4358,placard platinum 6 puertas,"Muebles, Hogar y Deco",modelo_producto
1031,8026,licuadora y picadora,Electro y Tecno,categoria_generica
1032,10507,mouse con cable usb,Electro y Tecno,modelo_producto
1033,3015,aire acondicionado inverter 5000 frigorias,Electro y Tecno,categoria_atributo
1034,8566,inflador para rifle pcp,Deporte y Fitness,modelo_producto
1035,5862,freidora westinghouse,Electro y Tecno,categoria_generica
1036,12123,camara sony zv1,Electro y Tecno,modelo_producto
1037,11480,muñeca barbie look,Bebes y Niños,categoria_generica
1038,10862,consola noga,Electro y Tecno,categoria_generica
1039,3329,juego simon,"Muebles, Hogar y Deco",categoria_generica
1040,4728,asus vivobook i5,Electro y Tecno,modelo_producto
1041,9149,bañera de hielo,Electro y Tecno,categoria_generica
1042,11685,estación de acoplamiento ultra delgada de hp 2013,Electro y Tecno,modelo_producto
1043,6466,aire acondicionado peabody,Electro y Tecno,categoria_marca
1044,5597,colchon 1 40 x 1 90,"Muebles, Hogar y Deco",modelo_producto
1045,3905,juguete huevito de bebe,Bebes y Niños,modelo_producto
1046,3822,baño de crema loreal,Salud y Belleza,modelo_producto
1047,6877,chic carolina herrera,Salud y Belleza,categoria_generica
1048,11701,samsung galaxy funda note 10 plus,Electro y Tecno,modelo_producto
1049,182,carteras de mujer,Indumentaria y Calzado,categoria_generica
1050,4923,cafetera comercial,Electro y Tecno,categoria_generica
1051,4438,inodoro cuadrado,"Muebles, Hogar y Deco",categoria_generica
1052,8752,aire portatil philco 3500,Electro y Tecno,modelo_producto
1053,3448,valijas wilson,Deporte y Fitness,categoria_generica
1054,10019,tablet exo 7 pulgadas,Electro y Tecno,categoria_atributo
1055,2862,ninja licuadora,Electro y Tecno,categoria_generica
1056,8875,tablet philco tp10f,Electro y Tecno,modelo_producto
1057,10537,monopatin electrico razor,Deporte y Fitness,categoria_atributo
1058,2381,galaxy watch 5,Electro y Tecno,categoria_generica
1059,7417,crazy ice,Bebes y Niños,categoria_generica
1060,2025,xiaomi 14 ultra,Electro y Tecno,modelo_producto
1061,5033,tender con calor,"Muebles, Hogar y Deco",categoria_generica
1062,7167,pava electrica moulinex,Electro y Tecno,categoria_marca
1063,9137,a3 celular,Electro y Tecno,categoria_generica
1064,7377,tapa de inodoro de madera laqueada,"Muebles, Hogar y Deco",modelo_producto
1065,90,lavavajillas,Electro y Tecno,modelo_producto
1066,5101,perfume charlie revlon,Salud y Belleza,categoria_generica
1067,10753,reproductor de cd,Electro y Tecno,categoria_generica
1068,123,motorola g23,Electro y Tecno,modelo_producto
1069,3692,desfribilador,Electro y Tecno,modelo_producto
1070,8098,zorra transporte,Electro y Tecno,categoria_generica
1071,8667,cafetera embolo 1 litro,Electro y Tecno,categoria_atributo
1072,4383,sillas apilables reforzadas,"Muebles, Hogar y Deco",categoria_generica
1073,3494,termotanque longvie 110 litros,Electro y Tecno,modelo_producto
1074,8870,xbox noga drifter,Electro y Tecno,categoria_generica
1075,179,philco tostadora electrica,Electro y Tecno,categoria_marca
1076,10447,samsung 22 pulgadas,Electro y Tecno,modelo_producto
1077,11543,figura cuphead funko,Bebes y Niños,categoria_generica
1078,9458,vajillero,"Muebles, Hogar y Deco",modelo_producto
1079,3916,amazfit gtr mini,Electro y Tecno,categoria_generica
1080,9267,muñeca barbie silla de ruedas,Bebes y Niños,modelo_producto
1081,8346,gubias para torno de madera,Salud y Belleza,modelo_producto
1082,6097,heladera kohinoor no frost duocooling,Electro y Tecno,modelo_producto
1083,351,cesto de basura,"Muebles, Hogar y Deco",categoria_generica
1084,10562,caloventor bkf,Electro y Tecno,categoria_generica
1085,10493,planchita gama marula,Salud y Belleza,categoria_generica
1086,1555,tv noblex 58 pulgadas,Electro y Tecno,modelo_producto
1087,7644,banco pesas,Deporte y Fitness,categoria_generica
1088,9230,mochila lenovo,Indumentaria y Calzado,categoria_marca
1089,6337,pileta mor 3000 litros,"Muebles, Hogar y Deco",categoria_atributo
1090,5877,beone tablet,Electro y Tecno,categoria_generica
1091,7794,termotanque electrico plano,Electro y Tecno,categoria_atributo
1092,12075,samsung galaxy de a33,Electro y Tecno,modelo_producto
1093,6795,mochila conservadora,Indumentaria y Calzado,categoria_generica
1094,11114,bote inflable bestway,"Muebles, Hogar y Deco",categoria_generica
1095,2398,celular nubia music,Electro y Tecno,categoria_generica
1096,10134,horno a gas empotrable longvie,Electro y Tecno,modelo_producto
1097,2196,cafetera cuk gadnic,Electro y Tecno,categoria_marca
1098,1899,plantas artificiales de interior,"Muebles, Hogar y Deco",modelo_producto
1099,6266,moto 110,Autos y Motos,categoria_generica
1100,4036,motorola edge 30 neo,Electro y Tecno,modelo_producto
1101,7880,patriot viper steel,Electro y Tecno,categoria_generica
1102,9744,muñeco lol boys,Bebes y Niños,categoria_generica
1103,3506,samsung galaxy core prime,Electro y Tecno,modelo_producto
1104,10369,nintendo galaxy videojuego,Electro y Tecno,categoria_generica
1105,3356,ultraviolet paco rabanne,Salud y Belleza,categoria_generica
1106,12941,flamenco inflable,"Muebles, Hogar y Deco",categoria_generica
1107,6552,capsulas dolce gusto recargables,Electro y Tecno,modelo_producto
1108,5861,soldadora de mano,Electro y Tecno,categoria_generica
1109,2621,aspiradora electrica,Electro y Tecno,categoria_atributo
1110,924,sony god of war 4,Electro y Tecno,modelo_producto
1111,10773,calefon longvie,Electro y Tecno,categoria_marca
1112,4210,microondas kelvinator,Electro y Tecno,categoria_generica
1113,6146,estabilizador elevador de tension,Electro y Tecno,modelo_producto
1114,5013,caja de herramientas bosch,"Muebles, Hogar y Deco",modelo_producto
1115,12947,travel quencher,"Muebles, Hogar y Deco",categoria_generica
1116,2155,carpa para 4 personas,Deporte y Fitness,modelo_producto
1117,4907,mouse havit,Electro y Tecno,categoria_generica
1118,12024,samsung galaxy a04 green,Electro y Tecno,modelo_producto
1119,9405,life de los simpsons,Bebes y Niños,modelo_producto
1120,8362,secador de pelo perros,Salud y Belleza,modelo_producto
1121,3124,horno pastelero 6 moldes,Electro y Tecno,modelo_producto
1122,1875,redragon zeus,Electro y Tecno,categoria_generica
1123,7573,juguete desplazador inodoro,Bebes y Niños,categoria_generica
1124,1172,spicebomb extreme,Salud y Belleza,categoria_generica
1125,7646,atomik niña,Deporte y Fitness,categoria_generica
1126,11662,samsung galaxy a24,Electro y Tecno,modelo_producto
1127,10756,botella yeti,Electro y Tecno,categoria_generica
1128,8102,tocador escritorio,"Muebles, Hogar y Deco",categoria_generica
1129,8972,mesa plegable notebook,Electro y Tecno,categoria_atributo
1130,1855,tablet philco,Electro y Tecno,categoria_marca
1131,6601,samsung s7 fe,Electro y Tecno,modelo_producto
1132,2019,mouse logitech g305,Electro y Tecno,categoria_generica
1133,8244,cuchillos y tenedores tramontina,"Muebles, Hogar y Deco",modelo_producto
1134,5460,maquina de pastas philips,Electro y Tecno,modelo_producto
1135,914,bicicleta rodado 26 mujer,Deporte y Fitness,categoria_atributo
1136,9125,a3 plus,Electro y Tecno,categoria_generica
1137,8150,mochila de shopkins,Indumentaria y Calzado,categoria_generica
1138,7726,lenovo ideapad flex 5,Electro y Tecno,modelo_producto
1139,777,vanitory flotante,"Muebles, Hogar y Deco",categoria_generica
1140,7904,mini camara espia,Electro y Tecno,categoria_generica
1141,11742,aire acondicionado philco 4472 frigorias,Electro y Tecno,modelo_producto
1142,2292,delfin masajeador,Salud y Belleza,categoria_generica
1143,12107,classic tourmaline atma,Salud y Belleza,categoria_marca
1144,8537,juguete linkimals,Bebes y Niños,categoria_generica
1145,5253,logitech mx keys,Electro y Tecno,categoria_generica
1146,3527,ventilador 3 en 1,Electro y Tecno,modelo_producto
1147,130,apple airpods max,Electro y Tecno,categoria_marca
1148,5852,guinche electrico,Electro y Tecno,categoria_atributo
1149,5586,zapatillas head mujer urbanas,Indumentaria y Calzado,modelo_producto
1150,12893,vaso honolulu,"Muebles, Hogar y Deco",categoria_generica
1151,10971,ropero melamina 2 puertas corredizas,"Muebles, Hogar y Deco",modelo_producto
1152,9885,etiquetadoras,Electro y Tecno,modelo_producto
1153,8794,tablet admiral one,Electro y Tecno,categoria_generica
1154,198,iluminacion,Electro y Tecno,modelo_producto
1155,3907,juguete hidrolavadora,Electro y Tecno,categoria_generica
1156,3402,juguete booster con isofix,Bebes y Niños,modelo_producto
1157,2132,la belle jean paul gaultier,Salud y Belleza,modelo_producto
1158,7325,shirasaya,Electro y Tecno,modelo_producto
1159,10653,bago memoria,Electro y Tecno,categoria_generica
1160,5611,juego llaves combinadas,"Muebles, Hogar y Deco",categoria_generica
1161,1590,freidora de aire philips,Electro y Tecno,modelo_producto
1162,6015,mythic oil,Salud y Belleza,categoria_generica
1163,2166,mini procesadora,Deporte y Fitness,categoria_generica
1164,2272,cocina electrica atma,Electro y Tecno,categoria_marca
1165,10701,logitech c920e,Electro y Tecno,categoria_generica
1166,11737,funda samsung z fold 4,Electro y Tecno,modelo_producto
1167,2841,amoladora de 7 pulgadas,Electro y Tecno,categoria_atributo
1168,1166,patapata,"Muebles, Hogar y Deco",modelo_producto
1169,8517,juguete porta bpm,Bebes y Niños,categoria_generica
1170,3450,maquinas para hacer helados,Electro y Tecno,categoria_generica
1171,12118,inflador para moto manual,Electro y Tecno,modelo_producto
1172,11059,termo matero coleman,"Muebles, Hogar y Deco",categoria_generica
1173,6521,cable usb tipo c motorola,Electro y Tecno,modelo_producto
1174,663,galaxy watch 7,Electro y Tecno,categoria_generica
1175,1342,claqueta,Electro y Tecno,modelo_producto
1176,9180,perchero rebatible,Electro y Tecno,categoria_generica
1177,8110,calefactor electrolux,Electro y Tecno,categoria_marca
1178,1744,xiaomi mi tv stick,Electro y Tecno,modelo_producto
1179,192,tensiometro digital,Salud y Belleza,categoria_generica
1180,12695,fila engage,Indumentaria y Calzado,categoria_generica
1181,8478,mesa ratona wengue,"Muebles, Hogar y Deco",categoria_generica
1182,6272,roomba robot,Electro y Tecno,categoria_generica
1183,11034,mueble lavadero con pileta,"Muebles, Hogar y Deco",modelo_producto
1184,10339,heladera con puerta de vidrio,Electro y Tecno,modelo_producto
1185,5280,velador industrial,Electro y Tecno,categoria_atributo
1186,5678,electra aire acondicionado,Electro y Tecno,categoria_generica
1187,11528,juguete persa bebe,Bebes y Niños,categoria_generica
1188,1581,razer blackshark v2 x,Electro y Tecno,modelo_producto
1189,3568,estufa star trak,Electro y Tecno,categoria_generica
1190,2305,muñeca monster high cleo,Bebes y Niños,modelo_producto
1191,1047,babyliss pro nano titanium,Salud y Belleza,modelo_producto
1192,6649,motorola moto e22,Electro y Tecno,modelo_producto
1193,4402,griferia piazza baño,"Muebles, Hogar y Deco",categoria_generica
1194,12139,nespresso pixie clips,Electro y Tecno,categoria_generica
1195,11822,pava electrica atma nordica,Electro y Tecno,modelo_producto
1196,7924,laptop dell inspiron,Electro y Tecno,categoria_marca
1197,8557,asiento para bicicleta playera,Deporte y Fitness,modelo_producto
1198,1266,juguete carpa canadiense,Deporte y Fitness,categoria_generica
1199,4675,samsung galaxy celular a3,Electro y Tecno,modelo_producto
1200,9540,plancha de ceramica,Salud y Belleza,categoria_generica
1201,4455,organizador piazza complementos c5014 pequeno,"Muebles, Hogar y Deco",modelo_producto
1202,6626,auriculares qcy h3,Electro y Tecno,categoria_generica
1203,2698,parlantes y subwoofers,Autos y Motos,categoria_generica
1204,9851,topper de niño,Deporte y Fitness,categoria_marca
1205,10519,combo gamer noga,Electro y Tecno,categoria_atributo
1206,12806,bolso termico lumilagro,"Muebles, Hogar y Deco",categoria_generica
1207,3466,auriculares tipo c samsung,Electro y Tecno,modelo_producto
1208,9147,molinillo de granos,Electro y Tecno,categoria_generica
1209,4930,vitroceramico,Electro y Tecno,modelo_producto
1210,3835,plancha inalambrica,Salud y Belleza,categoria_atributo
1211,9771,juguete emuladora,Bebes y Niños,categoria_generica
1212,4866,tcl tv,Electro y Tecno,categoria_generica
1213,11105,cocina drean cd5507ai,Electro y Tecno,modelo_producto
1214,11610,canasta termica plegable,Deporte y Fitness,categoria_atributo
1215,2379,batidora planetaria liliana,Electro y Tecno,categoria_marca
1216,5631,alacena moderna,"Muebles, Hogar y Deco",categoria_generica
1217,9159,logitech g815,Electro y Tecno,categoria_generica
1218,4137,horno a gas ariston,Electro y Tecno,modelo_producto
1219,12885,jardin manguera de riego,"Muebles, Hogar y Deco",modelo_producto
1220,13011,plancha oster 7201,Salud y Belleza,categoria_generica
1221,7109,impresora canon g2110,Electro y Tecno,categoria_generica
1222,1547,impresora hp smart tank 210,Electro y Tecno,modelo_producto
1223,6709,smart kassel,Electro y Tecno,categoria_atributo
1224,3481,samsung heladera freezer inferior,Electro y Tecno,modelo_producto
1225,4698,cafetera nespresso essenza,Electro y Tecno,categoria_generica
1226,9430,organizador bambu,"Muebles, Hogar y Deco",categoria_generica
1227,4327,zapatillas talle 46,Indumentaria y Calzado,categoria_generica
1228,10527,lenovo tb x505f,Electro y Tecno,modelo_producto
1229,10649,monitor nbx,Electro y Tecno,categoria_generica
1230,9656,muñeca de lilo y stitch,Bebes y Niños,modelo_producto
1231,10390,planchita de pelo de viaje,Salud y Belleza,modelo_producto
1232,6731,cortabarba philco,Electro y Tecno,categoria_marca
1233,4070,tinta hp gt52,Electro y Tecno,modelo_producto
1234,8476,juguete botinero orlandi,Bebes y Niños,categoria_generica
1235,7810,horno florencia 7867e,Electro y Tecno,categoria_generica
1236,575,juego bano ferrum bari inodoro,"Muebles, Hogar y Deco",modelo_producto
1237,8445,aire acondicionado split chico,Electro y Tecno,modelo_producto
1238,9811,sharpie s gel,Deporte y Fitness,categoria_generica
1239,570,juego de comedor,"Muebles, Hogar y Deco",categoria_generica
1240,3142,aspiradora robot roomba,Electro y Tecno,categoria_generica
1241,9504,biotina 10000 mcg,Salud y Belleza,categoria_generica
1242,8640,batidora de mano black and decker,Electro y Tecno,modelo_producto
1243,7952,radio portatil a pilas,Electro y Tecno,categoria_atributo
1244,12830,cocina domec cxav,Electro y Tecno,categoria_generica
1245,5794,dell latitude 7480,Electro y Tecno,modelo_producto
1246,10018,samsung the frame 75,Electro y Tecno,modelo_producto
1247,2064,garnier olia,Electro y Tecno,categoria_generica
1248,11169,swiffer mop,"Muebles, Hogar y Deco",categoria_generica
1249,4132,heladera minibar whirlpool,Electro y Tecno,categoria_marca
1250,7429,mopa gadnic,"Muebles, Hogar y Deco",categoria_marca
1251,6108,tv box android 4k,Electro y Tecno,modelo_producto
1252,6296,tcl l5,Electro y Tecno,categoria_generica
1253,12777,placard ricchezze 6 puertas,"Muebles, Hogar y Deco",modelo_producto
1254,4536,juguete escopeta nerf,Bebes y Niños,categoria_generica
1255,500,iphone 16,Electro y Tecno,modelo_producto
1256,3764,mopa electrica,"Muebles, Hogar y Deco",categoria_atributo
1257,12136,anafe domec vitrocerámico,Electro y Tecno,categoria_generica
1258,5654,termómetro basal,Salud y Belleza,categoria_generica
1259,9417,alacena 120,"Muebles, Hogar y Deco",categoria_generica
1260,7183,sony shake x3d,Electro y Tecno,modelo_producto
1261,5295,secarropas inverter,Electro y Tecno,categoria_atributo
1262,2569,electro estimulador muscular,Electro y Tecno,categoria_generica
1263,2003,iphone 13 starlight,Electro y Tecno,modelo_producto
1264,10600,sony oled,Electro y Tecno,categoria_marca
1265,9551,auto audi a bateria para niños,Bebes y Niños,modelo_producto
1266,8395,protector solar anessa perfect uv,Salud y Belleza,modelo_producto
1267,10682,huion inspiroy,Electro y Tecno,categoria_generica
1268,1054,celular samsung a04,Electro y Tecno,modelo_producto
1269,12638,mochila everlast mujer boca de pez,Indumentaria y Calzado,modelo_producto
1270,12829,1.5 qt,"Muebles, Hogar y Deco",categoria_generica
1271,414,respaldo cama 2 plazas,"Muebles, Hogar y Deco",modelo_producto
1272,2105,luncheras termicas,Indumentaria y Calzado,categoria_generica
1273,3509,cafetera saeco lirika,Electro y Tecno,categoria_generica
1274,2750,lavarropas drean next 6.06,Electro y Tecno,modelo_producto
1275,8538,bolsas de dormir y aislantes,Deporte y Fitness,categoria_generica
1276,9923,notebook dell inspiron 15 3000,Electro y Tecno,modelo_producto
1277,10257,fila calzini mujer,Electro y Tecno,categoria_generica
1278,2315,robot juguete,Bebes y Niños,categoria_generica
1279,577,eros versace,Salud y Belleza,categoria_generica
1280,7893,soporte para notebook regulable,Electro y Tecno,modelo_producto
1281,2721,aire inverter 3000,Electro y Tecno,categoria_atributo
1282,9115,d mannose,Electro y Tecno,categoria_generica
1283,3767,flexible monocomando,"Muebles, Hogar y Deco",categoria_generica
1284,11629,bolsa de dormir escape,Deporte y Fitness,modelo_producto
1285,1025,reloj gadnic,Electro y Tecno,categoria_marca
1286,8734,huawei mediapad t3 7,Electro y Tecno,modelo_producto
1287,4870,raclette grill,Electro y Tecno,categoria_generica
1288,139,redmi 15c,Electro y Tecno,modelo_producto
1289,2456,sommier de 2 plazas,"Muebles, Hogar y Deco",modelo_producto
1290,12514,panter parlante,Electro y Tecno,categoria_generica
1291,3920,cinta caminadora plegable,Deporte y Fitness,categoria_atributo
1292,11820,campana llanos 90 cm,Electro y Tecno,modelo_producto
1293,11074,sommier resortes pocket,"Muebles, Hogar y Deco",categoria_generica
1294,12072,intel nuc i7,Electro y Tecno,categoria_generica
1295,12296,plafon ventilador de techo,Electro y Tecno,modelo_producto
1296,8353,perfume feraud paris,Salud y Belleza,categoria_generica
1297,12916,pixelage juego,Bebes y Niños,categoria_generica
1298,9913,horno electrico yelmo 17 litros,Electro y Tecno,categoria_atributo
1299,1126,sony wh-1000xm5,Electro y Tecno,modelo_producto
1300,940,poco f5 pro,Electro y Tecno,categoria_generica
1301,799,samsung lavarropas inverter,Electro y Tecno,categoria_marca
1302,8508,juguete jabon para niños,Bebes y Niños,modelo_producto
1303,8332,secador de pelo remington silk,Salud y Belleza,modelo_producto
1304,4762,jbl quantum 610,Electro y Tecno,modelo_producto
1305,5618,organizador de melamina,"Muebles, Hogar y Deco",categoria_generica
1306,9170,huawei 9,Electro y Tecno,categoria_generica
1307,9309,mate con tapa antivuelco,"Muebles, Hogar y Deco",modelo_producto
1308,3369,neumaticos,Autos y Motos,categoria_generica
1309,7497,cubiertas 205 60 r15 pirelli,Autos y Motos,modelo_producto
1310,10861,burako profesional,Bebes y Niños,categoria_atributo
1311,5247,heladera con freezer vertical,Electro y Tecno,modelo_producto
1312,808,poco c75,Electro y Tecno,categoria_generica
1313,7633,mini balanza,Deporte y Fitness,categoria_generica
1314,1051,samsung s23 plus,Electro y Tecno,modelo_producto
1315,8780,parrilla george foreman,Electro y Tecno,categoria_generica
1316,5037,cajones de verdura,"Muebles, Hogar y Deco",categoria_generica
1317,7767,samsung galaxy funda s8,Electro y Tecno,modelo_producto
1318,4954,zapatilla multinorma,Indumentaria y Calzado,categoria_generica
1319,1699,gentleman society,Salud y Belleza,categoria_generica
1320,2435,minipimer atma,Electro y Tecno,categoria_marca
1321,8,lavarropas,Electro y Tecno,categoria_generica
1322,2095,disco rigido interno 1tb western,Electro y Tecno,categoria_atributo
1323,2818,motorola razr 40,Electro y Tecno,modelo_producto
1324,7532,control xbox series,Bebes y Niños,categoria_generica
1325,5087,alfombra,"Muebles, Hogar y Deco",modelo_producto
1326,10301,ducha cuadrada 30x30,Electro y Tecno,categoria_generica
1327,9956,funda para lavarropas carga frontal impermeable,Electro y Tecno,modelo_producto
1328,2109,cama sommier 2 plazas,"Muebles, Hogar y Deco",categoria_generica
1329,10255,bomba de agua para estanque,Electro y Tecno,modelo_producto
1330,6666,cava wine collection,Electro y Tecno,categoria_generica
1331,4921,46147.0,Electro y Tecno,modelo_producto
1332,1815,lavavajillas ariston,Electro y Tecno,categoria_generica
1333,10801,moulinex uno,Electro y Tecno,categoria_marca
1334,4009,aire acondicionado portatil midea,Electro y Tecno,modelo_producto
1335,8895,planchita gama attiva,Salud y Belleza,categoria_generica
1336,9390,destornilladores total,"Muebles, Hogar y Deco",categoria_generica
1337,340,tv stick,Electro y Tecno,categoria_generica
1338,7463,led smart tv serie dorada,Electro y Tecno,categoria_atributo
1339,2516,iphone 15 pro max natural,Electro y Tecno,modelo_producto
1340,9286,sommier bicama 1 plaza,"Muebles, Hogar y Deco",modelo_producto
1341,9647,juguete tolva para pintar,Bebes y Niños,modelo_producto
1342,10052,secador de pelo philips drycare,Salud y Belleza,modelo_producto
1343,10492,auriculares noga aris,Electro y Tecno,categoria_generica
1344,3884,juguete monopatin globber,Bebes y Niños,categoria_generica
1345,12165,lg s4-w12ja3aa,Electro y Tecno,modelo_producto
1346,5965,cocina palace,Electro y Tecno,categoria_generica
1347,12611,beosound,Electro y Tecno,modelo_producto
1348,9762,juguete iglu playa,Deporte y Fitness,categoria_generica
1349,1659,mopas y lampazos,"Muebles, Hogar y Deco",categoria_generica
1350,10252,sony shake x1d,Electro y Tecno,modelo_producto
1351,3063,camaras deportivas y de accion,Electro y Tecno,categoria_generica
1352,9045,freezer peabody,Electro y Tecno,categoria_marca
1353,45,iphone 15 pro,Electro y Tecno,modelo_producto
1354,8369,fine smooth,Salud y Belleza,categoria_generica
1355,6746,keychron v1,Electro y Tecno,categoria_generica
1356,1544,horno electrico black and decker,Electro y Tecno,categoria_atributo
1357,2665,set de cuchillos de cocina,"Muebles, Hogar y Deco",modelo_producto
1358,7163,calentador de manos usb,Electro y Tecno,modelo_producto
1359,8285,perchero movil,"Muebles, Hogar y Deco",categoria_generica
1360,12274,tapa camara notebook,Electro y Tecno,categoria_generica
1361,12686,talle 14 pantalon,Indumentaria y Calzado,categoria_generica
1362,1755,celular motorola edge 50,Electro y Tecno,modelo_producto
1363,7591,juguete triciclo,Bebes y Niños,categoria_generica
1364,10499,freezer frare f90,Electro y Tecno,categoria_generica
1365,322,juguete mesa de pool,Deporte y Fitness,modelo_producto
1366,8922,aceitera y vinagrera de vidrio,Electro y Tecno,modelo_producto
1367,512,motorola moto c,Electro y Tecno,categoria_marca
1368,7115,nespresso lattissima touch,Electro y Tecno,categoria_generica
1369,11587,bicicleta gts rodado 16,Deporte y Fitness,categoria_atributo
1370,6775,ducha peirano,"Muebles, Hogar y Deco",categoria_generica
1371,4731,picadora de carne gadnic,Electro y Tecno,modelo_producto
1372,10872,camara unicornio,Electro y Tecno,categoria_generica
1373,10458,aspiradora liliana la150,Electro y Tecno,modelo_producto
1374,9533,plancha horizontal,Salud y Belleza,categoria_generica
1375,10956,catres,"Muebles, Hogar y Deco",modelo_producto
1376,7268,vitroconvector electrico,Electro y Tecno,categoria_atributo
1377,2303,dron dji mini 4 pro,Bebes y Niños,modelo_producto
1378,1038,menacor,Salud y Belleza,modelo_producto
1379,2760,samsung galaxy celular a32,Electro y Tecno,modelo_producto
1380,8056,licuadora multiprocesadora,Electro y Tecno,categoria_generica
1381,3786,cortina doble,"Muebles, Hogar y Deco",categoria_generica
1382,1407,parlante jbl flip 6,Electro y Tecno,modelo_producto
1383,10674,camara jvc,Electro y Tecno,categoria_generica
1384,1110,pelota pilates,Deporte y Fitness,categoria_generica
1385,2799,pava electrica midea,Electro y Tecno,categoria_marca
1386,8454,lego the office,Bebes y Niños,categoria_generica
1387,12740,cocina domec cgxv 56 cm,Electro y Tecno,modelo_producto
1388,6686,aspiradora westinghouse,Electro y Tecno,categoria_generica
1389,180,motorola g85,Electro y Tecno,modelo_producto
1390,12690,valija de mano chica,Indumentaria y Calzado,modelo_producto
1391,1365,modular para comedor,"Muebles, Hogar y Deco",categoria_generica
1392,9630,cubiertos de acero inoxidable gamuza,"Muebles, Hogar y Deco",modelo_producto
1393,4843,velador usb,Electro y Tecno,categoria_generica
1394,2245,remington planchita,Salud y Belleza,categoria_generica
1395,12631,koorui monitor juegos 24andquot monitor,Electro y Tecno,modelo_producto
1396,4179,carplay inalambrico,Electro y Tecno,categoria_atributo
1397,12234,consola retro kanji,Electro y Tecno,categoria_generica
1398,4935,hornito,Electro y Tecno,modelo_producto
1399,9047,crique electrico,Autos y Motos,categoria_atributo
1400,59,samsung a05,Electro y Tecno,modelo_producto
1401,15,microondas,Electro y Tecno,categoria_generica
1402,6247,mixer midea,Electro y Tecno,categoria_marca
1403,6857,placard armable,"Muebles, Hogar y Deco",categoria_generica
1404,9234,julian doctor,Indumentaria y Calzado,categoria_generica
1405,10291,cargador samsung a50,Electro y Tecno,modelo_producto
1406,8903,roku express 3960,Electro y Tecno,categoria_generica
1407,4566,juguete cochecito ultracompacto,Bebes y Niños,categoria_generica
1408,6367,juego de sillas comedor,"Muebles, Hogar y Deco",modelo_producto
1409,11680,freidora eléctrica de aire gadnic 8067 6.5l,Electro y Tecno,modelo_producto
1410,9191,polaroid go,Electro y Tecno,categoria_generica
1411,7501,bateria one fusion,Autos y Motos,categoria_generica
1412,13030,mielle aceite,Salud y Belleza,categoria_generica
1413,9132,cuchillo electrico,Electro y Tecno,categoria_atributo
1414,9749,juguete triciclo de princesas,Bebes y Niños,modelo_producto
1415,11277,afeitadora gama gsh master,Salud y Belleza,modelo_producto
1416,1881,picoloro,Electro y Tecno,modelo_producto
1417,8309,aerosol mate,"Muebles, Hogar y Deco",categoria_generica
1418,5797,imou ranger 2c,Electro y Tecno,categoria_generica
1419,1412,samsung galaxy a16 5g,Electro y Tecno,modelo_producto
1420,5518,arrocera atma,Electro y Tecno,categoria_marca
1421,4743,canon eos 2000d,Electro y Tecno,categoria_generica
1422,9950,iphone 8 plus space gray,Electro y Tecno,modelo_producto
1423,9844,piluso pescador,Deporte y Fitness,categoria_generica
1424,11049,silla de pesca plegable,"Muebles, Hogar y Deco",categoria_atributo
1425,12857,vaso termico broksol,"Muebles, Hogar y Deco",categoria_generica
1426,12288,metallique tom ford,Electro y Tecno,categoria_generica
1427,11846,xiaomi watch s1 pro,Electro y Tecno,modelo_producto
1428,8206,mesa de cocina con ruedas,"Muebles, Hogar y Deco",modelo_producto
1429,11478,muñeca barbie vestido,Bebes y Niños,categoria_generica
1430,1877,licuadora,Electro y Tecno,modelo_producto
1431,9144,cafetera clasica,Electro y Tecno,categoria_generica
1432,6016,joy perfume,Salud y Belleza,categoria_generica
1433,6147,horno electrico con spiedo,Electro y Tecno,categoria_atributo
1434,2570,asus vivobook 16,Electro y Tecno,modelo_producto
1435,8838,zhiyun weebill s,Electro y Tecno,categoria_generica
1436,8306,vanitory laqueado,"Muebles, Hogar y Deco",categoria_generica
1437,306,heladera samsung inverter,Electro y Tecno,categoria_marca
1438,948,motorola e6,Electro y Tecno,modelo_producto
1439,1591,xbox gamesir g7,Electro y Tecno,categoria_generica
1440,8803,freidora de aire daihatsu,Electro y Tecno,modelo_producto
1441,4966,aspersores,"Muebles, Hogar y Deco",modelo_producto
1442,12071,taladro black decker,Electro y Tecno,categoria_generica
1443,2812,iphone 13 green,Electro y Tecno,modelo_producto
1444,11167,doggy attack,"Muebles, Hogar y Deco",categoria_generica
1445,7600,black and decker matrix,Deporte y Fitness,modelo_producto
1446,9778,muñeca bicicleta lamborghini rodado 16,Deporte y Fitness,categoria_atributo
1447,10476,ray ban benji,Electro y Tecno,categoria_generica
1448,10353,motorola buds 250,Electro y Tecno,modelo_producto
1449,3699,zapatillas talle 35,Indumentaria y Calzado,categoria_generica
1450,10964,juego de mesa say my name,Bebes y Niños,modelo_producto
1451,11283,perry ellis 360 red,Salud y Belleza,modelo_producto
1452,1960,juguete lotso peluche,Bebes y Niños,categoria_generica
1453,1504,perfume ariana grande,Salud y Belleza,categoria_generica
1454,12015,motosierra electrica black decker,Electro y Tecno,categoria_atributo
1455,10195,samsung galaxy s23 green,Electro y Tecno,modelo_producto
1456,3222,auriculares suono,Electro y Tecno,categoria_generica
1457,4926,sandwichera philips,Electro y Tecno,categoria_marca
1458,10382,soporte para manguera de riego,Electro y Tecno,modelo_producto
1459,1022,pava silbadora,Electro y Tecno,categoria_generica
1460,8272,sabanas de stitch,"Muebles, Hogar y Deco",categoria_generica
1461,9850,kit de mechas,Deporte y Fitness,categoria_generica
1462,7702,auriculares jbl tune 110,Electro y Tecno,modelo_producto
1463,8183,medidas de sommier de 1 plaza,"Muebles, Hogar y Deco",modelo_producto
1464,4301,mousepad xxl,Electro y Tecno,categoria_generica
1465,7122,motorola moto g23,Electro y Tecno,modelo_producto
1466,1804,zte blade v50,Electro y Tecno,categoria_generica
1467,2753,samsung galaxy tablet 11 pulgadas,Electro y Tecno,modelo_producto
1468,12803,lumilagro ruta 40,"Muebles, Hogar y Deco",categoria_generica
1469,6612,smart rca 65,Electro y Tecno,categoria_atributo
1470,9145,estereo noblex,Electro y Tecno,categoria_marca
1471,5656,depiladora braun,Salud y Belleza,categoria_generica
1472,7851,philco oximetro digital,Salud y Belleza,categoria_marca
1473,5887,cafetera de goteo,Electro y Tecno,categoria_generica
1474,10099,xiaomi poco x3 pro,Electro y Tecno,modelo_producto
1475,6486,comiditas de juguete,Bebes y Niños,categoria_generica
1476,9054,garmin marq,Electro y Tecno,categoria_generica
1477,10112,bb cream satin maybelline,Electro y Tecno,modelo_producto
1478,6359,caja de herramientas daewoo,"Muebles, Hogar y Deco",modelo_producto
1479,9455,modulo e6s,"Muebles, Hogar y Deco",categoria_generica
1480,1594,motorola g54 5g,Electro y Tecno,modelo_producto
1481,7611,essenza mini black,Electro y Tecno,categoria_generica
1482,7741,notebook bangho max l5,Electro y Tecno,modelo_producto
1483,9060,aquila fly,Electro y Tecno,categoria_generica
1484,3013,auto de juguete camion hot wheels,Bebes y Niños,modelo_producto
1485,1652,hallusa natural complejo hgh 60,Salud y Belleza,modelo_producto
1486,251,licuadora philips,Electro y Tecno,categoria_marca
1487,3168,xiaomi poco c75,Electro y Tecno,modelo_producto
1488,7914,horno electrico de mesa,Electro y Tecno,categoria_atributo
1489,12990,gama oasis sensation,Salud y Belleza,categoria_generica
1490,4297,zte a35,Electro y Tecno,categoria_generica
1491,3797,bomba lusqtoff,"Muebles, Hogar y Deco",categoria_generica
1492,11591,barra de sonido gadnic bs900,Electro y Tecno,modelo_producto
1493,10918,mochilas puffer mujer,Indumentaria y Calzado,categoria_generica
1494,9757,muñeca chamoy amiguis,Bebes y Niños,categoria_generica
1495,8022,notebook daewoo,Electro y Tecno,categoria_generica
1496,1720,starlink v4,Deporte y Fitness,categoria_generica
1497,4970,juego de vajilla completo para 6 personas,"Muebles, Hogar y Deco",modelo_producto
1498,6098,xiaomi mi band 6,Electro y Tecno,modelo_producto
1499,2239,dvr camaras,Electro y Tecno,categoria_generica
1500,8122,colodion,Electro y Tecno,modelo_producto
1501,9359,bolso porta mate,"Muebles, Hogar y Deco",categoria_generica
1502,12628,notebook innjoo voom max 14,Electro y Tecno,modelo_producto
1503,9,relojes,Electro y Tecno,categoria_generica
1504,9053,dvd noblex,Electro y Tecno,categoria_marca
1505,204,motorola moto g05,Electro y Tecno,modelo_producto
1506,10050,horno ariston electrico empotrable,Electro y Tecno,categoria_atributo
1507,8133,mochila tactica 45 litros,Indumentaria y Calzado,categoria_atributo
1508,1444,dji avata 2,Electro y Tecno,categoria_generica
1509,445,perfume kevin,Salud y Belleza,categoria_generica
1510,271,jbl flip 7,Electro y Tecno,modelo_producto
1511,6311,fila trend 2.0,Indumentaria y Calzado,modelo_producto
1512,6379,sillon playero,"Muebles, Hogar y Deco",categoria_generica
1513,2956,inflador para colchon inflable,"Muebles, Hogar y Deco",modelo_producto
1514,6769,tv toshiba,Electro y Tecno,categoria_generica
1515,149,lenovo tab m11,Electro y Tecno,modelo_producto
1516,3373,pinza para abrazaderas,Autos y Motos,categoria_generica
1517,9709,barbie hada muñeca,Bebes y Niños,categoria_generica
1518,7288,lumina milano,Electro y Tecno,categoria_generica
1519,7598,nespresso essenza mini white,Electro y Tecno,modelo_producto
1520,1787,samsung microondas empotrable,Electro y Tecno,categoria_marca
1521,2422,cargador para moto,Electro y Tecno,categoria_generica
1522,8129,peluche valija juliana veterinaria,Bebes y Niños,modelo_producto
1523,7466,secador de pelo remington d3015,Salud y Belleza,modelo_producto
1524,3473,cable hdmi a tipo c,Electro y Tecno,modelo_producto
1525,11185,sillas banquetas,"Muebles, Hogar y Deco",categoria_generica
1526,3431,bicicleta topmega rodado 29,Deporte y Fitness,categoria_atributo
1527,10313,multicocina electrica winco,Electro y Tecno,categoria_atributo
1528,2189,termotanque alta recuperacion,Electro y Tecno,categoria_generica
1529,12012,smartwatch suono sm-tgbk,Electro y Tecno,modelo_producto
1530,2142,masajeador pistola,Salud y Belleza,categoria_generica
1531,2455,set matero stanley,"Muebles, Hogar y Deco",categoria_marca
1532,11078,tetera con infusor de vidrio,"Muebles, Hogar y Deco",modelo_producto
1533,4576,llavin de 1/2,Deporte y Fitness,modelo_producto
1534,3978,samsung lavarropa automático carga superior,Electro y Tecno,modelo_producto
1535,62,impresoras,Electro y Tecno,categoria_generica
1536,6513,mesa para camping,Deporte y Fitness,categoria_generica
1537,3339,litera para gatos,"Muebles, Hogar y Deco",categoria_generica
1538,3962,lavarropas electrolux digital wash 6.5 kg,Electro y Tecno,modelo_producto
1539,402,pavas electricas,Electro y Tecno,categoria_generica
1540,12532,aspiradora bgh,Electro y Tecno,categoria_marca
1541,4512,butacas auto y huevitos,Bebes y Niños,categoria_generica
1542,10948,riñonera mickey,Indumentaria y Calzado,categoria_generica
1543,10181,samsung galaxy celular j3,Electro y Tecno,modelo_producto
1544,2063,consola family,Electro y Tecno,categoria_generica
1545,7054,catan game of thrones,Electro y Tecno,modelo_producto
1546,8221,termo pico matero,"Muebles, Hogar y Deco",categoria_generica
1547,2980,manguera de hidrolavadora,Electro y Tecno,categoria_generica
1548,8755,pava electrica con reloj de temperatura,Electro y Tecno,categoria_atributo
1549,7971,jbl c50hi,Electro y Tecno,modelo_producto
1550,5066,oximetro coronet,Salud y Belleza,categoria_generica
1551,11136,sillon con apoya pies,"Muebles, Hogar y Deco",modelo_producto
1552,10310,monopatin electrico randers,Deporte y Fitness,categoria_marca
1553,9008,sodastream genesis,Electro y Tecno,categoria_generica
1554,1187,reproductores,Electro y Tecno,modelo_producto
1555,8881,redmi note 9s,Electro y Tecno,modelo_producto
1556,7974,lavavajillas atma,Electro y Tecno,categoria_marca
1557,12148,skullcandy jib true,Electro y Tecno,categoria_generica
1558,11252,mopa vonne,"Muebles, Hogar y Deco",categoria_generica
1559,1600,samsung 55,Electro y Tecno,modelo_producto
1560,10435,disco externo toshiba,Electro y Tecno,categoria_generica
1561,7554,juguete pochoclera disney,Bebes y Niños,categoria_generica
1562,11440,muñeca barbie celia cruz,Bebes y Niños,modelo_producto
1563,12975,base de maquillaje fit me maybelline tonos,Salud y Belleza,modelo_producto
1564,3107,whirlpool lavarropas 12 kg,Electro y Tecno,modelo_producto
1565,12530,smartwatch kw37,Electro y Tecno,categoria_generica
1566,8180,termo waterdog 500 ml,"Muebles, Hogar y Deco",modelo_producto
1567,6204,termotanque electrico ariston,Electro y Tecno,categoria_atributo
1568,11295,kit revitalift loreal,Salud y Belleza,categoria_generica
1569,12066,samsung a34 claro,Electro y Tecno,modelo_producto
1570,11138,cuchillo jumbo tramontina,"Muebles, Hogar y Deco",categoria_generica
1571,11604,bicicleta armor 29,Deporte y Fitness,categoria_generica
1572,5169,home theater,Electro y Tecno,categoria_generica
1573,3478,hp smart tank 515,Electro y Tecno,modelo_producto
1574,6192,heladera whirlpool vintage,Electro y Tecno,categoria_marca
1575,3657,toshiba notebook,Electro y Tecno,categoria_generica
1576,12400,lg 65nano80spa,Electro y Tecno,modelo_producto
1577,11241,cocina kanji,Electro y Tecno,categoria_generica
1578,11980,cargador de samsung a54 5g,Electro y Tecno,modelo_producto
1579,5625,ventosas de silicona,"Muebles, Hogar y Deco",categoria_generica
1580,6787,inodoro alto con mochila,"Muebles, Hogar y Deco",modelo_producto
1581,8456,peluche pandy paws,Bebes y Niños,categoria_generica
1582,8421,aire acondicionado sigma frio calor,Electro y Tecno,modelo_producto
1583,5311,epson l5190,Electro y Tecno,categoria_generica
1584,8154,mochila de niña,Indumentaria y Calzado,categoria_generica
1585,7875,anafe electrico winco,Electro y Tecno,categoria_atributo
1586,5123,afeitadora de hombre,Salud y Belleza,categoria_generica
1587,7746,heladera bajo mesada philco,Electro y Tecno,modelo_producto
1588,10816,celular kanji,Electro y Tecno,categoria_generica
1589,1327,lg spirit,Electro y Tecno,categoria_marca
1590,11124,sifon bacha baño,"Muebles, Hogar y Deco",categoria_generica
1591,763,electrolux lavarropas carga frontal,Electro y Tecno,modelo_producto
1592,9352,silla gamer constrictor,"Muebles, Hogar y Deco",categoria_atributo
1593,7295,lavarropas automático,Electro y Tecno,categoria_generica
1594,12037,sony auriculares pulse 3d,Electro y Tecno,modelo_producto
1595,6921,auto de juguete hot wheels,Bebes y Niños,modelo_producto
1596,6000,plancha liliana a vapor,Salud y Belleza,modelo_producto
1597,1621,celular nokia,Electro y Tecno,categoria_generica
1598,3855,transtube,Autos y Motos,modelo_producto
1599,1432,samsung a23 5g,Electro y Tecno,modelo_producto
1600,11002,inodoro piazza amalfi medidas,"Muebles, Hogar y Deco",modelo_producto
1601,7536,mesa eames rectangular,"Muebles, Hogar y Deco",categoria_generica
1602,12939,skyworth 43,Electro y Tecno,categoria_generica
1603,5433,tv sony 50 pulgadas,Electro y Tecno,modelo_producto
1604,1411,soporte para tv 50 pulgadas,Electro y Tecno,categoria_atributo
1605,9720,juguete lego technic,Bebes y Niños,categoria_generica
1606,9984,monopatin electrico max you s3,Deporte y Fitness,categoria_atributo
1607,9531,secador para piso,Salud y Belleza,categoria_generica
1608,5420,kit de dibujo,Deporte y Fitness,categoria_generica
1609,8943,motorola razr plegable,Electro y Tecno,categoria_marca
1610,2453,cocina orbis acero inoxidable,Electro y Tecno,modelo_producto
1611,1424,hollyland lark m2,Electro y Tecno,categoria_generica
1612,680,celular libre blu studio mega,Electro y Tecno,modelo_producto
1613,8886,ray ban boyfriend,Electro y Tecno,categoria_generica
1614,1240,vástago de canilla,"Muebles, Hogar y Deco",categoria_generica
1615,6502,bolsa de dormir adulto,Deporte y Fitness,modelo_producto
1616,2361,maquina de coser gadnic,Electro y Tecno,modelo_producto
1617,10828,corset modelador,Electro y Tecno,categoria_generica
1618,4364,bajo mesada sin bacha,"Muebles, Hogar y Deco",modelo_producto
1619,4043,philips monitor de 19 pulgadas,Electro y Tecno,modelo_producto
1620,1425,amazfit active 2,Electro y Tecno,categoria_generica
1621,5666,almohadon para auto,Autos y Motos,categoria_generica
1622,8723,macbook pro 16 pulgadas,Electro y Tecno,categoria_atributo
1623,10174,minipimer liliana 7 en 1,Electro y Tecno,modelo_producto
1624,5012,bacha johnson doble,"Muebles, Hogar y Deco",categoria_generica
1625,10232,stanley one hand,Electro y Tecno,categoria_marca
1626,1509,kenzo homme,Salud y Belleza,categoria_generica
1627,8064,horno a induccion,Electro y Tecno,categoria_generica
1628,4537,juguete triciclo minnie,Bebes y Niños,categoria_generica
1629,10104,tablet proton sapphire x-view,Electro y Tecno,modelo_producto
1630,12692,kappa logo alter,Indumentaria y Calzado,categoria_generica
1631,6690,secarropas patrick,Electro y Tecno,categoria_generica
1632,11848,celular noblex a60 características,Electro y Tecno,modelo_producto
1633,12875,silla de comer rainbow,Bebes y Niños,modelo_producto
1634,9949,samsung galaxy z flip 5,Electro y Tecno,modelo_producto
1635,6313,zapatillas talle 36 varon,Indumentaria y Calzado,modelo_producto
1636,746,lamparas de mesa,"Muebles, Hogar y Deco",categoria_generica
1637,1032,cama de una plaza,"Muebles, Hogar y Deco",modelo_producto
1638,13064,protandim,Salud y Belleza,modelo_producto
1639,3629,qcy t13,Electro y Tecno,categoria_generica
1640,3472,horno y freidora de aire atma,Electro y Tecno,modelo_producto
1641,12292,exo wave i101,Electro y Tecno,categoria_generica
1642,2553,jbl wave flex,Electro y Tecno,categoria_marca
1643,4173,termotanque eléctrico rheem,Electro y Tecno,categoria_atributo
1644,9907,nintendo switch hori split pad pro,Electro y Tecno,modelo_producto
1645,12866,bestway colchoneta inflable,Deporte y Fitness,categoria_generica
1646,963,yara tous,Salud y Belleza,categoria_generica
1647,3571,monitor curvo 27,Electro y Tecno,categoria_generica
1648,5639,fifa ps3,"Muebles, Hogar y Deco",categoria_generica
1649,2813,sony ps5 standard,Electro y Tecno,modelo_producto
1650,11520,juguete encanto disfraz,Bebes y Niños,categoria_generica
1651,2565,joystick nintendo switch,Electro y Tecno,categoria_generica
1652,9644,pistola de calor daewoo,Electro y Tecno,modelo_producto
1653,12968,adventrix juego arco flecha rosa,"Muebles, Hogar y Deco",modelo_producto
1654,12506,unnic aspiradora,Electro y Tecno,categoria_generica
1655,5838,lenovo 11,Electro y Tecno,modelo_producto
1656,2126,pulverizador fumigador,"Muebles, Hogar y Deco",categoria_generica
1657,5834,secarropas gafa,Electro y Tecno,categoria_marca
1658,7769,samsung galaxy a54 5g,Electro y Tecno,modelo_producto
1659,6858,cocina con tapa,Electro y Tecno,categoria_generica
1660,10358,ventilador 24 pulgadas,Electro y Tecno,categoria_atributo
1661,7059,cargador black and decker,Electro y Tecno,modelo_producto
1662,7161,tcl t pro,Electro y Tecno,categoria_generica
1663,3828,almohadilla térmica,Salud y Belleza,categoria_generica
1664,8758,apple watch series 6,Electro y Tecno,modelo_producto
1665,8313,vaso copa,"Muebles, Hogar y Deco",categoria_generica
1666,10777,mibro t1,Electro y Tecno,categoria_generica
1667,10990,despensero mosconi 1.80,"Muebles, Hogar y Deco",modelo_producto
1668,4318,whitenblack,Electro y Tecno,modelo_producto
1669,3903,juguete bloques duravit,Bebes y Niños,categoria_generica
1670,3869,cochecito bebesit con huevito,Bebes y Niños,modelo_producto
1671,3118,scandal le parfum mujer,Salud y Belleza,modelo_producto
1672,6236,soldadora daewoo,Electro y Tecno,categoria_generica
1673,3703,zapatillas talle 34,Indumentaria y Calzado,categoria_generica
1674,10213,funda a52 samsung,Electro y Tecno,modelo_producto
1675,2900,minipimer moulinex,Electro y Tecno,categoria_marca
1676,5548,tableta magica,Electro y Tecno,categoria_generica
1677,7695,lavarropas siam carga superior,Electro y Tecno,modelo_producto
1678,11219,rack secaplatos,"Muebles, Hogar y Deco",categoria_generica
1679,10020,tablet toshiba 10 pulgadas,Electro y Tecno,categoria_atributo
1680,3053,bicicleta cross,Deporte y Fitness,categoria_generica
1681,499,lapicera 3d,Electro y Tecno,categoria_generica
1682,10524,gafa genesis 6800,Electro y Tecno,modelo_producto
1683,7482,betaina hcl,Salud y Belleza,categoria_generica
1684,3045,mesa de ping pong plegable,Deporte y Fitness,categoria_atributo
1685,12721,cocina patrick cp756ai 55c acero inoxidable,Electro y Tecno,modelo_producto
1686,9142,reloj uomo,Electro y Tecno,categoria_generica
1687,12801,termo lumilagro de boca,"Muebles, Hogar y Deco",modelo_producto
1688,6931,juguete mesa cervecera,"Muebles, Hogar y Deco",categoria_generica
1689,10401,acer notebook 5,Electro y Tecno,modelo_producto
1690,12527,g13 se,Electro y Tecno,categoria_generica
1691,9698,juguete split alaska,Bebes y Niños,categoria_generica
1692,1213,electrolux aspiradora vertical,Electro y Tecno,categoria_marca
1693,978,logitech g pro x superlight 2,Electro y Tecno,modelo_producto
1694,13021,masajeador smart tech,Salud y Belleza,categoria_atributo
1695,10635,tx9 pro,Electro y Tecno,categoria_generica
1696,8583,caño de asiento de bicicleta,Deporte y Fitness,modelo_producto
1697,11813,campana tst 75 cm,Electro y Tecno,modelo_producto
1698,9996,pantalla proyector 100 pulgadas,Electro y Tecno,categoria_atributo
1699,1457,foco camara,Electro y Tecno,categoria_generica
1700,5343,lampara colgante vidrio,"Muebles, Hogar y Deco",categoria_generica
1701,10074,omron monitor de presión arterial,Electro y Tecno,modelo_producto
1702,547,vitamina b3,Salud y Belleza,categoria_generica
1703,8501,mesa de luz y madera,"Muebles, Hogar y Deco",modelo_producto
1704,113,secarropas,Electro y Tecno,categoria_generica
1705,7757,motorola cargador turbo power,Electro y Tecno,modelo_producto
1706,1105,juguete pelotero para bebes,Bebes y Niños,modelo_producto
1707,484,la roche posay protector solar,Salud y Belleza,modelo_producto
1708,5810,xiaomi auriculares bluetooth,Electro y Tecno,categoria_marca
1709,7363,cocina electrolux 76 cm,Electro y Tecno,modelo_producto
1710,10303,razer blackwidow lite,Electro y Tecno,categoria_generica
1711,2666,mueble juguetero,"Muebles, Hogar y Deco",categoria_generica
1712,5820,bomba de agua gamma,Electro y Tecno,modelo_producto
1713,9410,pulguitas juego,Bebes y Niños,categoria_generica
1714,9723,organo musical yamaha,Electro y Tecno,categoria_generica
1715,7864,disco giratorio para cintura,Electro y Tecno,modelo_producto
1716,6593,horno electrico 65 litros,Electro y Tecno,categoria_atributo
1717,507,straps gym,Deporte y Fitness,categoria_generica
1718,6321,mochila chimola mujer,Indumentaria y Calzado,categoria_generica
1719,10728,botella frozen,Electro y Tecno,categoria_generica
1720,12750,pileta bestway redonda 366,"Muebles, Hogar y Deco",modelo_producto
1721,2694,magic wand,Salud y Belleza,categoria_generica
1722,7910,ventilador de pie tivoli,Electro y Tecno,modelo_producto
1723,5609,bahiut vajillero moderno,"Muebles, Hogar y Deco",categoria_generica
1724,2391,microfono blue yeti,Electro y Tecno,categoria_generica
1725,7048,lavasecarropas lg 20 kg,Electro y Tecno,modelo_producto
1726,1139,drean lavarropas,Electro y Tecno,categoria_marca
1727,6440,auto rc,Autos y Motos,categoria_generica
1728,290,conservadora,Electro y Tecno,categoria_generica
1729,12011,airpods pro 2 aaa,Electro y Tecno,modelo_producto
1730,7286,mouse vsg,Electro y Tecno,categoria_generica
1731,5599,bomba presurizadora 2 baños,Electro y Tecno,modelo_producto
1732,2240,sarten hudson,"Muebles, Hogar y Deco",categoria_generica
1733,5146,juguete booster graco,Bebes y Niños,categoria_generica
1734,2055,interruptor wifi,Electro y Tecno,categoria_atributo
1735,8888,lenovo thinkpad x280,Electro y Tecno,modelo_producto
1736,4855,caloventor vertical,Electro y Tecno,categoria_generica
1737,11098,juego de ratan para jardin,"Muebles, Hogar y Deco",modelo_producto
1738,7491,bombshell perfume,Salud y Belleza,categoria_generica
1739,12200,irobot roomba i7+,Electro y Tecno,modelo_producto
1740,10692,bordeadora daewoo,Electro y Tecno,categoria_generica
1741,1901,cocina gafa,Electro y Tecno,categoria_marca
1742,6797,sommier 1 plaza y media,"Muebles, Hogar y Deco",categoria_generica
1743,11972,freidora peabody pe-af605n,Electro y Tecno,modelo_producto
1744,9623,lego star wars minifigures,Bebes y Niños,modelo_producto
1745,9507,homedics masajeador de espalda,Salud y Belleza,modelo_producto
1746,10793,batidora braun,Electro y Tecno,categoria_generica
1747,1340,espumador,Electro y Tecno,modelo_producto
1748,3050,pedalera bicicleta,Electro y Tecno,categoria_generica
1749,10061,horno eléctrico philco manual,Electro y Tecno,modelo_producto
1750,8606,banco de abdominales,Deporte y Fitness,categoria_generica
1751,2533,termotanque eléctrico 30 litros,Electro y Tecno,categoria_atributo
1752,10911,mochila everlast porta notebook,Indumentaria y Calzado,modelo_producto
1753,11047,almohada triangular cannon,"Muebles, Hogar y Deco",categoria_generica
1754,11129,bodega de madera para vinos,"Muebles, Hogar y Deco",modelo_producto
1755,1132,freezer vertical exhibidor,Electro y Tecno,categoria_generica
1756,3590,lenovo p11,Electro y Tecno,modelo_producto
1757,4550,juguete camicleta patacleta,Bebes y Niños,categoria_generica
1758,4476,missoni wave,Salud y Belleza,categoria_generica
1759,2959,hidrolavadora gadnic,Electro y Tecno,categoria_marca
1760,12746,silla gamer momo design,"Muebles, Hogar y Deco",categoria_atributo
1761,1070,motorola g200,Electro y Tecno,modelo_producto
1762,12124,reloj forerunner 45,Electro y Tecno,categoria_generica
1763,9801,bicicleta lamborghini rodado 16,Deporte y Fitness,categoria_atributo
1764,5593,billetera everlast,Indumentaria y Calzado,categoria_generica
1765,5455,ollas hudson acero inoxidable,Electro y Tecno,modelo_producto
1766,9100,bandolera trendy,Electro y Tecno,categoria_generica
1767,424,delantales de cocina,"Muebles, Hogar y Deco",categoria_generica
1768,8912,recortadora de barba philips,Electro y Tecno,modelo_producto
1769,2201,galaxy buds 3,Electro y Tecno,categoria_generica
1770,8660,horno eléctrico liliana 60 litros,Electro y Tecno,modelo_producto
1771,10957,baules,"Muebles, Hogar y Deco",modelo_producto
1772,7978,soldadora eléctrica,Electro y Tecno,categoria_atributo
1773,2205,impresora láser color,Electro y Tecno,categoria_generica
1774,11772,monitor para pc samsung 24 pulgadas,Electro y Tecno,modelo_producto
1775,12496,hp elitedisplay,Electro y Tecno,categoria_marca
1776,12883,desagote bacha cocina,"Muebles, Hogar y Deco",categoria_generica
1777,5128,humidificador aspen,Salud y Belleza,categoria_generica
1778,428,juguete andador bebe,Bebes y Niños,categoria_generica
1779,6702,licuadora kanji,Electro y Tecno,categoria_generica
1780,11622,cinta para reparar mosquitero,Deporte y Fitness,modelo_producto
1781,5755,drean lavarropas excellent blue,Electro y Tecno,modelo_producto
1782,7526,bone shaker monster truck,Bebes y Niños,modelo_producto
1783,6871,aventus creed 100 ml,Salud y Belleza,modelo_producto
1784,936,reloj inteligente mujer,Electro y Tecno,categoria_generica
1785,7774,tv noblex 32 lcd,Electro y Tecno,modelo_producto
1786,12004,samsung galaxy sm-a235mzkearo,Electro y Tecno,modelo_producto
1787,12556,panquequera daewoo,Electro y Tecno,categoria_generica
1788,12899,sillon poltrona,"Muebles, Hogar y Deco",categoria_generica
1789,9271,canilla monocomando para cocina extensible,"Muebles, Hogar y Deco",modelo_producto
1790,6080,kit elvive,Deporte y Fitness,categoria_generica
1791,3184,adaptador sata a usb,Electro y Tecno,modelo_producto
1792,196,juguete game stick,Electro y Tecno,categoria_generica
1793,10538,smart aoc 50,Electro y Tecno,categoria_atributo
1794,8898,teclado mecanico philips,Electro y Tecno,categoria_marca
1795,2781,botella stanley 1 litro,Electro y Tecno,modelo_producto
1796,7984,balanza miligramos,Electro y Tecno,categoria_generica
1797,1503,cuidado bucal,Salud y Belleza,categoria_generica
1798,7479,gadnic torno,Salud y Belleza,categoria_marca
1799,9440,bracitos inflables,"Muebles, Hogar y Deco",categoria_generica
1800,12276,aspiradora liliana la592,Electro y Tecno,modelo_producto
1801,9697,juguete lego train,Bebes y Niños,categoria_generica
1802,1634,epson l805,Electro y Tecno,categoria_generica
1803,6218,lenovo thinkpad e15,Electro y Tecno,modelo_producto
1804,89,licuadoras de mano,Electro y Tecno,categoria_generica
1805,12675,zapatillas montagne dynamic,Indumentaria y Calzado,categoria_generica
1806,5018,mueble organizador con puertas,"Muebles, Hogar y Deco",modelo_producto
1807,3120,drean next 8.14,Electro y Tecno,modelo_producto
1808,9353,termo stanley clasico,"Muebles, Hogar y Deco",categoria_marca
1809,5363,bahiut melamina,"Muebles, Hogar y Deco",categoria_generica
1810,7170,notebook lenovo gamer,Electro y Tecno,categoria_marca
1811,11908,samsung business tv 55,Electro y Tecno,modelo_producto
1812,640,tcl 305,Electro y Tecno,categoria_generica
1813,1488,tv 75 pulgadas medidas,Electro y Tecno,categoria_atributo
1814,1760,xiaomi mi band 3,Electro y Tecno,modelo_producto
1815,8847,quantum q-test,Electro y Tecno,categoria_generica
1816,10735,cepillo alisador,Salud y Belleza,categoria_generica
1817,3888,coche bebesit con huevito,Bebes y Niños,modelo_producto
1818,3809,afeitadora philips serie 3000,Salud y Belleza,modelo_producto
1819,10243,asus x515 i5,Electro y Tecno,modelo_producto
1820,3027,juguete aire acondicionado,Electro y Tecno,categoria_generica
1821,3311,tijera corta caño,"Muebles, Hogar y Deco",categoria_generica
1822,7589,juguete 11037,Bebes y Niños,categoria_generica
1823,275,consolas,Electro y Tecno,modelo_producto
1824,4991,easy placard puertas corredizas,"Muebles, Hogar y Deco",modelo_producto
1825,12201,smarter kanji 4k,Electro y Tecno,categoria_generica
1826,7149,estufa de cuarzo vertical,Electro y Tecno,modelo_producto
1827,4056,aire portatil atma,Electro y Tecno,categoria_marca
1828,3441,trampolín gimnasia,Deporte y Fitness,categoria_generica
1829,10683,logitech m510,Electro y Tecno,categoria_generica
1830,9577,sierra frontal,Autos y Motos,categoria_generica
1831,2589,qled samsung 55,Electro y Tecno,modelo_producto
1832,4052,smart tv enova 50,Electro y Tecno,categoria_atributo
1833,8274,acolchado de boca,"Muebles, Hogar y Deco",categoria_generica
1834,11469,aire acondicionado kanji,Electro y Tecno,categoria_generica
1835,8659,samsung galaxy z flip3 5g,Electro y Tecno,modelo_producto
1836,9525,perfume shadow,Salud y Belleza,categoria_generica
1837,10005,banghó max l5 i7,Electro y Tecno,modelo_producto
1838,4275,fresadora router,Electro y Tecno,categoria_generica
1839,608,mesa plegable de madera,Deporte y Fitness,categoria_atributo
1840,12843,saca arena para sombrilla,"Muebles, Hogar y Deco",modelo_producto
1841,6140,hp compresor 200 litros,Electro y Tecno,modelo_producto
1842,8262,bacha z52,"Muebles, Hogar y Deco",categoria_generica
1843,10715,minitorno lusqtoff,Electro y Tecno,categoria_generica
1844,7543,pata pata mickey,Bebes y Niños,categoria_generica
1845,8931,auriculares inalambricos hp,Electro y Tecno,categoria_marca
1846,10769,jbl 500,Electro y Tecno,modelo_producto
1847,9044,lavarropas kacemaster,Electro y Tecno,categoria_generica
1848,2774,termotanque eléctrico de 80 litros,Electro y Tecno,categoria_atributo
1849,5468,gadnic aspiradora de mano,Electro y Tecno,modelo_producto
1850,4337,balanza de valija,Indumentaria y Calzado,categoria_generica
1851,10818,kaido figura,Electro y Tecno,categoria_generica
1852,1163,asad zanzibar,"Muebles, Hogar y Deco",categoria_generica
1853,12059,cargador de samsung a13,Electro y Tecno,modelo_producto
1854,8523,juguete pistola de estaño,Bebes y Niños,modelo_producto
1855,8338,crema para manos neutrogena,Salud y Belleza,modelo_producto
1856,207,asad lattafa,Salud y Belleza,categoria_generica
1857,4826,red de basquet,Electro y Tecno,categoria_generica
1858,11837,nintendo pokemon go plus +,Electro y Tecno,modelo_producto
1859,11135,silla de ducha para bañera,"Muebles, Hogar y Deco",modelo_producto
1860,6660,samsung buds fe,Electro y Tecno,categoria_marca
1861,9796,mini mochila adidas mujer,Deporte y Fitness,modelo_producto
1862,3504,teclado casio ctk 3500,Electro y Tecno,modelo_producto
1863,2643,nokia c3,Electro y Tecno,categoria_generica
1864,7639,kit de bartender,Deporte y Fitness,categoria_generica
1865,3294,sillas de cocina y comedor,"Muebles, Hogar y Deco",categoria_generica
1866,265,juguete pata pata,Bebes y Niños,categoria_generica
1867,10086,lenovo i7 ram ssd,Electro y Tecno,modelo_producto
1868,12373,auriculares gamenote,Electro y Tecno,categoria_generica
1869,10792,lijadora electrica,Electro y Tecno,categoria_atributo
1870,12259,xiaomi m3 pro,Electro y Tecno,modelo_producto
1871,4885,aspiradora rowenta,Electro y Tecno,categoria_generica
1872,5744,heladera peabody no frost,Electro y Tecno,modelo_producto
1873,6873,alfaparf shampoo matizador,Salud y Belleza,categoria_generica
1874,7329,reebok speed 22 tr,Indumentaria y Calzado,modelo_producto
1875,3344,corta papas,"Muebles, Hogar y Deco",categoria_generica
1876,9269,colchones 1 plaza resortes,"Muebles, Hogar y Deco",modelo_producto
1877,4847,jarra de cafetera,Electro y Tecno,categoria_generica
1878,1554,iphone se 3 generacion,Electro y Tecno,modelo_producto
1879,7811,cafetera moulinex cafecity,Electro y Tecno,categoria_marca
1880,11201,bandeja de cama,Electro y Tecno,categoria_generica
1881,11906,tablet exo wave i101r,Electro y Tecno,modelo_producto
1882,3950,anafes,Electro y Tecno,modelo_producto
1883,7941,estufa halogena winco,Electro y Tecno,categoria_generica
1884,2964,frazada termica,"Muebles, Hogar y Deco",categoria_generica
1885,6965,juguete sillita mecedora,Bebes y Niños,categoria_generica
1886,3317,termo eléctrico para mate,Electro y Tecno,categoria_atributo
1887,8403,estereo para auto con pantalla tactil,Autos y Motos,modelo_producto
1888,1635,redmi 5,Electro y Tecno,modelo_producto
1889,7313,dispenser de cerveza,Electro y Tecno,categoria_generica
1890,7569,juguete ladrillos para niños,Bebes y Niños,modelo_producto
1891,7326,planchita gama bloom elegance led,Salud y Belleza,modelo_producto
1892,9649,juguete carpa gadnic,Deporte y Fitness,categoria_marca
1893,5017,afilador de cuchillos y tijeras,"Muebles, Hogar y Deco",modelo_producto
1894,13029,coconut coffee,Salud y Belleza,categoria_generica
1895,8652,termotanque eléctrico longvie 80 litros,Electro y Tecno,modelo_producto
1896,3261,bose auriculares,Electro y Tecno,categoria_generica
1897,473,vitroconvector peabody,Electro y Tecno,categoria_marca
1898,3711,lunchera infantil,Indumentaria y Calzado,categoria_generica
1899,8913,adaptador m2 a usb,Electro y Tecno,modelo_producto
1900,6847,termo lumilagro,"Muebles, Hogar y Deco",categoria_generica
1901,6172,playstation volante g923,Electro y Tecno,categoria_generica
1902,6595,monitor acer 24 pulgadas,Electro y Tecno,modelo_producto
1903,6510,chinelas ojotas,Deporte y Fitness,categoria_generica
1904,3656,repuesto sodastream,Electro y Tecno,categoria_generica
1905,1988,samsung galaxy tab a9+,Electro y Tecno,modelo_producto
1906,8787,cuchillo electrico yelmo,Electro y Tecno,categoria_atributo
1907,2193,macbook air m3,Electro y Tecno,categoria_generica
1908,1360,mopa con balde,"Muebles, Hogar y Deco",categoria_generica
1909,3988,máquina de coser singer tradition,Electro y Tecno,modelo_producto
1910,9742,muñecas barbie beach,Bebes y Niños,categoria_generica
1911,7901,accesorio bidet para inodoro,"Muebles, Hogar y Deco",modelo_producto
1912,3230,pava liliana,Electro y Tecno,categoria_marca
1913,1935,secador de zapatillas,Salud y Belleza,categoria_generica
1914,375,xiaomi 15 ultra,Electro y Tecno,modelo_producto
1915,1630,lentes con camara,Electro y Tecno,categoria_generica
1916,9912,cava wine collection 18 botellas,Electro y Tecno,modelo_producto
1917,1969,tender vertical plegable,Deporte y Fitness,categoria_atributo
1918,1772,power bank 20000mah,Electro y Tecno,categoria_generica
1919,1237,jacuzzi inflable,"Muebles, Hogar y Deco",categoria_generica
1920,7307,iphone 6s,Electro y Tecno,modelo_producto
1921,12482,smartwatch y68,Electro y Tecno,categoria_generica
1922,10215,funda samsung a34,Electro y Tecno,modelo_producto
1923,5453,botella térmica 1 litro,Electro y Tecno,categoria_atributo
1924,9293,silla gamer iqual,"Muebles, Hogar y Deco",categoria_atributo
1925,6747,guantes de cobre,Electro y Tecno,categoria_generica
1926,5670,juguete saltarin de goma,Bebes y Niños,modelo_producto
1927,5133,ecelon pg locion limpiadora pieles,Salud y Belleza,modelo_producto
1928,176,bazar,"Muebles, Hogar y Deco",modelo_producto
1929,6990,kit de mechas para taladro,Electro y Tecno,modelo_producto
1930,8861,philips saeco intelia,Electro y Tecno,categoria_marca
1931,6392,inflable para pileta,"Muebles, Hogar y Deco",categoria_generica
1932,6051,pata pata triciclo,Bebes y Niños,categoria_generica
1933,5375,tensiometro braun,Salud y Belleza,categoria_generica
1934,9104,teclado gigante,Electro y Tecno,categoria_generica
1935,1878,celular tecno bg7 spark 20c,Electro y Tecno,modelo_producto
1936,8397,herramientas del automotor,Autos y Motos,categoria_generica
1937,12615,panchuquera,Electro y Tecno,modelo_producto
1938,2903,gazebo con paredes,Electro y Tecno,categoria_generica
1939,4589,bordeadora con ruedas,Deporte y Fitness,categoria_generica
1940,279,zapatillas 47,Indumentaria y Calzado,categoria_generica
1941,12555,lg 55nano80sqa,Electro y Tecno,modelo_producto
1942,4813,termotanque kacemaster,Electro y Tecno,categoria_generica
1943,11188,cortina gatos,"Muebles, Hogar y Deco",categoria_generica
1944,730,multigym,Deporte y Fitness,modelo_producto
1945,8882,quint 50 pulgadas,Electro y Tecno,categoria_atributo
1946,12019,jbl flip 5 tiendas,Electro y Tecno,modelo_producto
1947,12963,banda lejopi 10 densidad,"Muebles, Hogar y Deco",modelo_producto
1948,433,cafeteras electricas,Electro y Tecno,categoria_generica
1949,3519,aire portatil surrey,Electro y Tecno,categoria_marca
1950,1801,automático para tanque de agua,Electro y Tecno,modelo_producto
1951,2428,tostadora smeg,Electro y Tecno,categoria_generica
1952,6418,masajeador facial,Salud y Belleza,categoria_generica
1953,10042,notebook dell i5 ssd,Electro y Tecno,modelo_producto
1954,9386,banquetas negras,"Muebles, Hogar y Deco",categoria_generica
1955,9753,muñeca barbie mermaid,Bebes y Niños,categoria_generica
1956,5636,noga stormer,Electro y Tecno,categoria_generica
1957,8127,parlante subwoofer excess 2vias c,Electro y Tecno,modelo_producto
1958,9036,motobomba a explosion,Electro y Tecno,categoria_generica
1959,7620,protector de tension para lavarropas,Electro y Tecno,modelo_producto
1960,2286,matermo,"Muebles, Hogar y Deco",modelo_producto
1961,10834,vaporiera liliana,Electro y Tecno,categoria_marca
1962,806,aspiradora industrial,Electro y Tecno,categoria_atributo
1963,6374,jarritos para cafe,"Muebles, Hogar y Deco",categoria_generica
1964,6780,auriculares sony bluetooth inalambricos wh,Electro y Tecno,modelo_producto
1965,9272,juego de mesa digalo con mimica,Bebes y Niños,modelo_producto
1966,8359,secador de pelo suono,Salud y Belleza,modelo_producto
1967,9085,alienware m18,Electro y Tecno,categoria_generica
1968,9896,cable usb tipo c motorola turbo power,Electro y Tecno,modelo_producto
1969,7883,creatista plus metal,Electro y Tecno,categoria_generica
1970,3836,masajeador espalda,Salud y Belleza,categoria_generica
1971,4925,lg f60,Electro y Tecno,modelo_producto
1972,10860,batidora oster,Electro y Tecno,categoria_generica
1973,5320,mochila hot wheels,Bebes y Niños,categoria_generica
1974,5608,cómoda cajonera dormitorio,"Muebles, Hogar y Deco",categoria_generica
1975,7645,cinta selladora,Deporte y Fitness,categoria_generica
1976,9978,samsung neo qled gaming tv,Electro y Tecno,modelo_producto
1977,1951,game stick pro,Electro y Tecno,categoria_generica
1978,8242,escalera telescópica de aluminio,"Muebles, Hogar y Deco",modelo_producto
1979,12339,lenovo ideapad 310s,Electro y Tecno,modelo_producto
1980,6275,extractor liliana,Electro y Tecno,categoria_marca
1981,9968,heladera portatil black and decker,Electro y Tecno,categoria_atributo
1982,7990,secarropas lumer,Electro y Tecno,categoria_generica
1983,449,hp smart tank 580,Electro y Tecno,modelo_producto
1984,10953,mochila de nene,Indumentaria y Calzado,categoria_generica
1985,6799,accesorios de baño,"Muebles, Hogar y Deco",categoria_generica
1986,6224,impresora hp a3,Electro y Tecno,modelo_producto
1987,10603,secarropas fagor,Electro y Tecno,categoria_generica
1988,13049,perfume starwalker,Salud y Belleza,categoria_generica
1989,10149,camisa rip curl hombre,Electro y Tecno,modelo_producto
1990,3654,estufa de vidrio,Electro y Tecno,categoria_generica
1991,2791,panel de mica liliana,Electro y Tecno,modelo_producto
1992,6050,rodado 29 firebird,Deporte y Fitness,categoria_atributo
1993,7192,muñeca yasmin bratz,Bebes y Niños,categoria_generica
1994,9212,valija mediana 4 ruedas,Indumentaria y Calzado,modelo_producto
1995,719,pizarra magica led,"Muebles, Hogar y Deco",categoria_generica
1996,3750,respaldo con mesa de luz,"Muebles, Hogar y Deco",modelo_producto
1997,10678,vaio i7,Electro y Tecno,categoria_generica
1998,5470,apple adaptador lightning,Electro y Tecno,categoria_marca
1999,4805,noblex ea50x6100,Electro y Tecno,modelo_producto
2000,4526,disfraz peluches de la granja de zenon,Bebes y Niños,modelo_producto
2001,4472,secador de pelo ultracomb,Salud y Belleza,modelo_producto
2002,4797,parlantes para tv smart,Electro y Tecno,categoria_atributo
2003,3588,secarropas ariston,Electro y Tecno,categoria_generica
2004,333,lavarropas drean 6 kg,Electro y Tecno,modelo_producto
2005,2620,parlante aiwa,Electro y Tecno,categoria_generica
2006,1993,cable ethernet 20 metros,Electro y Tecno,modelo_producto
2007,8263,comoda mallorca,"Muebles, Hogar y Deco",categoria_generica
2008,8384,pinceles maquillaje,Salud y Belleza,categoria_generica
2009,1128,microsoft joystick xbox,Electro y Tecno,categoria_generica
2010,9934,valvula entrada de agua mochila ferrum,Electro y Tecno,modelo_producto
2011,3932,roldana para soga,Deporte y Fitness,categoria_generica
2012,7850,moulinex cafetera express,Electro y Tecno,categoria_marca
2013,12823,cortina de baño mickey,"Muebles, Hogar y Deco",modelo_producto
2014,2807,iphone 14 starlight,Electro y Tecno,modelo_producto
2015,7138,home theater panasonic,Electro y Tecno,categoria_generica
2016,1708,juguete bolsos maternales,Bebes y Niños,categoria_generica
2017,9301,colchon tropical cannon,"Muebles, Hogar y Deco",categoria_generica
2018,11780,malla xiaomi mi band 5,Electro y Tecno,modelo_producto
2019,2883,honguito calefactor,Electro y Tecno,categoria_generica
2020,10667,karting eléctrico,Electro y Tecno,categoria_atributo
2021,543,redmi note 9,Electro y Tecno,modelo_producto
2022,6255,termotanque populi,Electro y Tecno,categoria_generica
2023,2164,licencia pelota de river,Deporte y Fitness,modelo_producto
2024,10200,samsung s20 bts,Electro y Tecno,modelo_producto
2025,389,nad suplemento,Salud y Belleza,categoria_generica
2026,12430,cargador sincrolamp,Electro y Tecno,categoria_generica
2027,1656,nano x3,Indumentaria y Calzado,categoria_generica
2028,8211,baul jeep compass,"Muebles, Hogar y Deco",categoria_generica
2029,8935,atma licuadora de mano,Electro y Tecno,modelo_producto
2030,10362,motorola buds plus,Electro y Tecno,categoria_marca
2031,3753,copas labradas de vidrio,"Muebles, Hogar y Deco",modelo_producto
2032,10267,teclado nisuta 60,Electro y Tecno,categoria_generica
2033,7933,aparejo manual a soga,Electro y Tecno,modelo_producto
2034,4517,juguetes coleccion la granja de zenon completa,Bebes y Niños,modelo_producto
2035,4460,ariana grande cloud perfume,Salud y Belleza,modelo_producto
2036,8727,notebook noblex windows 10,Electro y Tecno,modelo_producto
2037,4159,auriculares moto buds,Electro y Tecno,categoria_generica
2038,5665,tripode para auto,Autos y Motos,categoria_generica
2039,8757,tv admiral 65 pulgadas,Electro y Tecno,categoria_atributo
2040,4603,zapatitos de nena,Bebes y Niños,categoria_generica
2041,8302,lusqtoff termo,"Muebles, Hogar y Deco",categoria_generica
2042,9983,hp ryzen 5 ram ssd,Electro y Tecno,modelo_producto
2043,3591,tcl l10,Electro y Tecno,categoria_generica
2044,12602,noblex a50+,Electro y Tecno,modelo_producto
2045,7172,planchita gama gold,Salud y Belleza,categoria_generica
2046,10568,lavavajillas bgh,Electro y Tecno,categoria_marca
2047,12452,camara ovcam,Electro y Tecno,categoria_generica
2048,4373,cama 1 plaza medidas,"Muebles, Hogar y Deco",modelo_producto
2049,3925,head boom,Deporte y Fitness,categoria_generica
2050,883,sony spiderman ps4,Electro y Tecno,modelo_producto
2051,1502,perchas de terciopelo,"Muebles, Hogar y Deco",categoria_generica
2052,1150,pinza pelacable,Electro y Tecno,categoria_generica
2053,976,webcam,Electro y Tecno,modelo_producto
2054,8034,auriculares de river,Electro y Tecno,categoria_generica
2055,8406,amoladora inalambrica lusqtoff,Electro y Tecno,categoria_atributo
2056,10688,lg rm2,Electro y Tecno,modelo_producto
2057,6055,bolso maternal moderno,Bebes y Niños,categoria_generica
2058,1076,flauta melodica,Electro y Tecno,categoria_generica
2059,4045,bomba centrifuga 2 hp,Electro y Tecno,modelo_producto
2060,4445,gazebo reforzado,"Muebles, Hogar y Deco",categoria_generica
2061,5830,vaporera philips,Electro y Tecno,categoria_marca
2062,7375,cubre colchón 2 plazas,"Muebles, Hogar y Deco",modelo_producto
2063,13009,gama oasis supreme,Salud y Belleza,categoria_generica
2064,6530,hp motobomba de agua 2 pulgadas,Electro y Tecno,modelo_producto
2065,9192,notebook bangho,Electro y Tecno,categoria_generica
2066,12208,samsung s23 cargador,Electro y Tecno,modelo_producto
2067,2895,balanza de bioimpedancia,Electro y Tecno,categoria_generica
2068,8205,pileta pelopincho 1102,"Muebles, Hogar y Deco",categoria_generica
2069,6493,bicicleta kawasaki rodado 29,Deporte y Fitness,categoria_atributo
2070,8649,msi b450m pro-vdh max,Electro y Tecno,modelo_producto
2071,3256,badana ciclismo,Indumentaria y Calzado,categoria_generica
2072,2705,auto a bateria infantil rosa,Bebes y Niños,modelo_producto
2073,1261,advil crema aliviar dolor dirigida,Salud y Belleza,modelo_producto
2074,2600,singer 4423,Electro y Tecno,categoria_generica
2075,9922,termotanque electrico señorial de 90 litros,Electro y Tecno,categoria_atributo
2076,78,waflera,Electro y Tecno,modelo_producto
2077,9165,aspiradora liquidos,Electro y Tecno,categoria_generica
2078,3976,electrolux freidora de aire 5 litros,Electro y Tecno,modelo_producto
2079,3217,heladera atma,Electro y Tecno,categoria_marca
2080,9314,mesa y sillas para balcon,"Muebles, Hogar y Deco",modelo_producto
2081,6949,juguete cochecito mellizos,Bebes y Niños,categoria_generica
2082,3323,sillones de pino,"Muebles, Hogar y Deco",categoria_generica
2083,10626,juguera winco,Electro y Tecno,categoria_generica
2084,172,plac out,Salud y Belleza,categoria_generica
2085,11064,stanley mug travel,"Muebles, Hogar y Deco",categoria_marca
2086,5724,nintendo game & watch: super mario bros.,Electro y Tecno,modelo_producto
2087,1533,pelotas de pelotero,Deporte y Fitness,categoria_generica
2088,6119,tv noblex 42 pulgadas,Electro y Tecno,modelo_producto
2089,12310,alien pro 3,Electro y Tecno,categoria_generica
2090,3268,otterbox,Electro y Tecno,modelo_producto
2091,7365,silla gamer con luces led,"Muebles, Hogar y Deco",categoria_atributo
2092,10575,gs5 consola,Electro y Tecno,categoria_generica
2093,2934,colchon 2x2,"Muebles, Hogar y Deco",categoria_generica
2094,4775,motor de porton electrico,Electro y Tecno,categoria_atributo
2095,191,iphone 7,Electro y Tecno,modelo_producto
2096,8966,parlante bluetooth lg,Electro y Tecno,categoria_marca
2097,3220,calefon señorial,Electro y Tecno,categoria_generica
2098,9273,paquete luces led sumergibles,"Muebles, Hogar y Deco",modelo_producto
2099,12505,samsung ww90aa46bx,Electro y Tecno,modelo_producto
2100,3622,mp5 consola,Electro y Tecno,categoria_generica
2101,2998,secador babyliss,Salud y Belleza,categoria_generica
2102,1405,motorola moto edge 20 lite,Electro y Tecno,modelo_producto
2103,9710,pistola family game,Bebes y Niños,categoria_generica
2104,2459,reposera 5 posiciones,"Muebles, Hogar y Deco",categoria_generica
2105,7136,paquete luteina zeaxantina,Electro y Tecno,categoria_generica
2106,9882,powerband,Deporte y Fitness,modelo_producto
2107,12509,dell p45h9,Electro y Tecno,modelo_producto
2108,11430,figura funko pop charmander,Bebes y Niños,modelo_producto
2109,11948,obsession calvin klein mujer,Salud y Belleza,modelo_producto
2110,3652,freezer vondom,Electro y Tecno,categoria_generica
2111,2560,samsung galaxy s8,Electro y Tecno,modelo_producto
2112,12141,olla electrica ultracomb,Electro y Tecno,categoria_atributo
2113,5532,asus expertbook,Electro y Tecno,categoria_marca
2114,3187,heladera briket con freezer,Electro y Tecno,modelo_producto
2115,12625,carboner,Indumentaria y Calzado,modelo_producto
2116,4416,colchon 160x190,"Muebles, Hogar y Deco",categoria_generica
2117,10961,termo stanley 2.3 litros,"Muebles, Hogar y Deco",modelo_producto
2118,5874,podadora de cerco,Electro y Tecno,categoria_generica
2119,8163,mochila delsey,Indumentaria y Calzado,categoria_generica
2120,11745,color wow root cover up,Electro y Tecno,modelo_producto
2121,451,poco x7,Electro y Tecno,categoria_generica
2122,11524,juguete monopatin innjoo,Deporte y Fitness,categoria_generica
2123,6994,kit de peluquería,Salud y Belleza,categoria_generica
2124,9178,aquatouch philips,Salud y Belleza,categoria_marca
2125,4848,xiaomi 5,Electro y Tecno,modelo_producto
2126,2626,asadera para horno,Electro y Tecno,categoria_generica
2127,6029,mochilas y bolsos maternales,Bebes y Niños,categoria_generica
2128,8298,tst wayra,"Muebles, Hogar y Deco",categoria_generica
2129,5759,microsoft auriculares xbox one,Electro y Tecno,modelo_producto
2130,4811,mixer oster,Electro y Tecno,categoria_generica
2131,7255,radiograbador philco,Electro y Tecno,categoria_marca
2132,2568,samsung s10 fe,Electro y Tecno,modelo_producto
2133,1283,anafe electrico 4 hornallas,Electro y Tecno,categoria_atributo
2134,3727,termo stanley 750 ml,"Muebles, Hogar y Deco",modelo_producto
2135,4435,cocina con plancha,Electro y Tecno,categoria_generica
2136,8696,samsung cargador tipo c,Electro y Tecno,modelo_producto
2137,2977,tabla de planchar,"Muebles, Hogar y Deco",categoria_generica
2138,10190,samsung galaxy a9 2018,Electro y Tecno,modelo_producto
2139,8115,destornillador ph2,Electro y Tecno,categoria_generica
2140,1375,rasasi hawas,Salud y Belleza,categoria_generica
2141,5384,casco darth vader,Autos y Motos,categoria_generica
2142,9903,hp bomba elevadora de agua 3/4,Electro y Tecno,modelo_producto
2143,677,ollas tramontina,Electro y Tecno,categoria_generica
2144,2713,juguete muñeca de silicona,Bebes y Niños,modelo_producto
2145,1513,perfume viktor rolf bonbon eau,Salud y Belleza,modelo_producto
2146,7235,samsung rt29,Electro y Tecno,modelo_producto
2147,9740,juguete chifonier infantil,Bebes y Niños,categoria_generica
2148,6243,convector electrolux,Electro y Tecno,categoria_marca
2149,5970,tv skyworth,Electro y Tecno,categoria_generica
2150,7457,sommier 2x2,"Muebles, Hogar y Deco",categoria_generica
2151,11600,bicicleta lamborghini rodado 14,Deporte y Fitness,categoria_atributo
2152,1492,juego de baño ferrum,"Muebles, Hogar y Deco",modelo_producto
2153,1985,xiaomi smart band 9 active,Electro y Tecno,modelo_producto
2154,3505,televisor rca 32 pulgadas,Electro y Tecno,categoria_atributo
2155,18,termotanques electricos,Electro y Tecno,categoria_generica
2156,7004,smart tv samsung 43 pulgadas 4k uhd 43au7000,Electro y Tecno,modelo_producto
2157,432,jugueras y exprimidores,Electro y Tecno,categoria_generica
2158,1719,bicicleta lamborghini,Deporte y Fitness,categoria_generica
2159,7016,pava eléctrica atma acero inoxidable,Electro y Tecno,modelo_producto
2160,11080,comoda centro estant,"Muebles, Hogar y Deco",categoria_generica
2161,9640,pistola masajeadora suono,Salud y Belleza,categoria_generica
2162,4959,mochila tactica,Indumentaria y Calzado,categoria_generica
2163,7146,pizarra magica tablet,Electro y Tecno,categoria_generica
2164,11891,samsung galaxy sm-a145mzsearo,Electro y Tecno,modelo_producto
2165,2437,airtag apple,Electro y Tecno,categoria_marca
2166,2399,hp envy x360,Electro y Tecno,modelo_producto
2167,7217,patillera dragon,Electro y Tecno,categoria_generica
2168,6809,cama elastica 2.44,"Muebles, Hogar y Deco",modelo_producto
2169,11471,coche fisher price,Bebes y Niños,categoria_generica
2170,12006,horno eléctrico 16 litros,Electro y Tecno,categoria_atributo
2171,6555,regulador de velocidad para ventilador de techo,Electro y Tecno,modelo_producto
2172,3721,sillones individuales,"Muebles, Hogar y Deco",categoria_generica
2173,4216,volante dynacom,Electro y Tecno,categoria_generica
2174,10024,lenovo precision pen 2,Electro y Tecno,modelo_producto
2175,9561,reloj llanta de auto,Autos y Motos,modelo_producto
2176,7576,juguete juegos portatil,Bebes y Niños,categoria_atributo
2177,9067,waflera redonda,Electro y Tecno,categoria_generica
2178,8360,masajeador facial eléctrico,Salud y Belleza,categoria_atributo
2179,8756,hp elitebook 840 g7,Electro y Tecno,modelo_producto
2180,6427,glossier perfume,Salud y Belleza,categoria_generica
2181,2905,tupi de mano,Electro y Tecno,categoria_generica
2182,12938,acolchados reversibles,"Muebles, Hogar y Deco",categoria_generica
2183,7815,heladera electrolux infinity,Electro y Tecno,categoria_marca
2184,4681,licuadora atma jarra de vidrio,Electro y Tecno,modelo_producto
2185,11441,barbie muñeca margot robbie,Bebes y Niños,modelo_producto
2186,12976,secador de pelo ultracomb sc 4606,Salud y Belleza,modelo_producto
2187,12720,colchón de resortes piero genova 190 x 80 cm,"Muebles, Hogar y Deco",modelo_producto
2188,10775,reloj lorus,Electro y Tecno,categoria_generica
2189,8715,heladera coventry no frost,Electro y Tecno,modelo_producto
2190,744,toallero electrico,Electro y Tecno,categoria_atributo
2191,3558,brazo extensible para tv,Electro y Tecno,modelo_producto
2192,8716,fire bird 29 mujer,Deporte y Fitness,modelo_producto
2193,2869,maquina vgr,Electro y Tecno,categoria_generica
2194,6450,juguete corralito montessori,Bebes y Niños,categoria_generica
2195,5083,castillo inflable,"Muebles, Hogar y Deco",categoria_generica
2196,11787,notebook hp pavilion de 17 pulgadas,Electro y Tecno,modelo_producto
2197,11608,jamis citizen 2,Deporte y Fitness,categoria_generica
2198,2226,hdmi a rca,Electro y Tecno,categoria_generica
2199,9991,tv noblex 39 pulgadas,Electro y Tecno,modelo_producto
2200,2480,l'interdit rouge,Salud y Belleza,categoria_generica
2201,7299,drean patriot,Electro y Tecno,categoria_marca
2202,2403,heladera sigma,Electro y Tecno,categoria_generica
2203,1776,lenovo ideapad 1,Electro y Tecno,modelo_producto
2204,572,cortinas,"Muebles, Hogar y Deco",modelo_producto
2205,3766,cajonera para placard,"Muebles, Hogar y Deco",categoria_generica
2206,1818,cafetera multicapsula,Electro y Tecno,categoria_generica
2207,1649,astaxantina,Electro y Tecno,modelo_producto
2208,6322,zapatillas 44 hombre,Indumentaria y Calzado,categoria_generica
2209,7733,maquina overlock semi industrial,Electro y Tecno,categoria_atributo
2210,4307,parlantes de pc,Electro y Tecno,categoria_generica
2211,1120,heladera samsung no frost,Electro y Tecno,modelo_producto
2212,3382,estaciones de servicio y lavaderos,Bebes y Niños,categoria_generica
2213,3616,reloj temporizador,Electro y Tecno,categoria_generica
2214,6777,samsung,Electro y Tecno,modelo_producto
2215,6199,bidematic agua fria,"Muebles, Hogar y Deco",categoria_generica
2216,152,iphone xs,Electro y Tecno,categoria_marca
2217,96,minipimer,Electro y Tecno,modelo_producto
2218,11330,meridian trimmer,Salud y Belleza,categoria_generica
2219,4129,mouse logitech m280,Electro y Tecno,categoria_generica
2220,11457,muñeca cutie reveal barbie,Bebes y Niños,modelo_producto
2221,12986,mandarina duck perfume hombre,Salud y Belleza,modelo_producto
2222,4977,placard mosconi 6 puertas,"Muebles, Hogar y Deco",modelo_producto
2223,6114,cable hdmi 20 metros,Electro y Tecno,modelo_producto
2224,7245,gama titanium,Electro y Tecno,categoria_generica
2225,4658,agua saborizada aquarius sabores,Electro y Tecno,modelo_producto
2226,4396,luz bajo mesada,"Muebles, Hogar y Deco",categoria_generica
2227,10155,horno electrico con anafe axel,Electro y Tecno,categoria_atributo
2228,3071,paneles solares,Electro y Tecno,categoria_generica
2229,2162,gazebo 3x3 plegable,Deporte y Fitness,categoria_atributo
2230,10148,tv philco 43 smart,Electro y Tecno,modelo_producto
2231,11633,patines chicago,Deporte y Fitness,categoria_generica
2232,4127,aspiradora karcher wd1,Electro y Tecno,categoria_generica
2233,8054,asus chromebook,Electro y Tecno,categoria_marca
2234,4044,philco heladera puerta reversible,Electro y Tecno,modelo_producto
2235,5707,adidas velosamba,Deporte y Fitness,categoria_marca
2236,5147,juguete vadex revestimiento,Bebes y Niños,categoria_generica
2237,6241,plato de microondas,Electro y Tecno,categoria_generica
2238,11491,vestido disfraz de lilo,Indumentaria y Calzado,modelo_producto
2239,3780,escritorio con espejo,"Muebles, Hogar y Deco",categoria_generica
2240,1349,hogar,"Muebles, Hogar y Deco",modelo_producto
2241,2484,perfume niña,Salud y Belleza,categoria_generica
2242,11402,control remoto aire acondicionado frio calor,Electro y Tecno,modelo_producto
2243,6128,reebok nano x2 mujer,Electro y Tecno,modelo_producto
2244,7121,haylou x1 neo,Electro y Tecno,categoria_generica
2245,6675,picadora y embutidora de carne,Electro y Tecno,modelo_producto
2246,10117,tv sanyo 50 pulgadas,Electro y Tecno,categoria_atributo
2247,566,blitz 110,Autos y Motos,categoria_generica
2248,3316,rack tv moderno,Electro y Tecno,categoria_generica
2249,8314,perchas negras,"Muebles, Hogar y Deco",categoria_generica
2250,2821,sony auriculares ps4,Electro y Tecno,modelo_producto
2251,8077,moulinex cafecity,Electro y Tecno,categoria_marca
2252,12681,mochila spiderman jardin,Indumentaria y Calzado,categoria_generica
2253,2896,boswellia serrata,Electro y Tecno,categoria_generica
2254,7049,aspiradora yelmo as 3314,Electro y Tecno,modelo_producto
2255,4367,tender vertical de acero inoxidable,"Muebles, Hogar y Deco",modelo_producto
2256,12153,botella deportiva contigo,Electro y Tecno,categoria_generica
2257,8465,porta esponja para bacha,Bebes y Niños,modelo_producto
2258,8325,perfume carolina herrera clasico mujer,Salud y Belleza,modelo_producto
2259,8489,aire comprimido gamo,Bebes y Niños,categoria_generica
2260,9537,victorioso legend,Salud y Belleza,categoria_generica
2261,338,asus rtx 3060,Electro y Tecno,modelo_producto
2262,1917,mueble vajillero,"Muebles, Hogar y Deco",categoria_generica
2263,2630,estufa vitroconvector,Electro y Tecno,categoria_generica
2264,12804,silla gamer vonne,"Muebles, Hogar y Deco",categoria_atributo
2265,10892,camara tenda cp7 interior 4mp,Electro y Tecno,modelo_producto
2266,9061,portero senlis,Electro y Tecno,categoria_generica
2267,659,samsung galaxy a56 5g,Electro y Tecno,modelo_producto
2268,2573,aspiradora de mano inalámbrica,Electro y Tecno,categoria_atributo
2269,6191,cargador portatil xiaomi,Electro y Tecno,categoria_marca
2270,7622,mini constructor duravit,Deporte y Fitness,categoria_generica
2271,6615,picadora de carne cuk,Electro y Tecno,modelo_producto
2272,4296,reloj suunto,Electro y Tecno,categoria_generica
2273,11203,humidificador led,"Muebles, Hogar y Deco",categoria_generica
2274,11076,mascarilla de puntos negros,"Muebles, Hogar y Deco",modelo_producto
2275,3542,cable de cargador de iphone,Electro y Tecno,modelo_producto
2276,11593,babolat pure strike vs,Deporte y Fitness,modelo_producto
2277,1639,chromecast 2,Electro y Tecno,categoria_generica
2278,962,azzaro perfume,Salud y Belleza,categoria_generica
2279,10168,cartucho gas butano brogas,Electro y Tecno,modelo_producto
2280,4558,juguete baby call,Bebes y Niños,categoria_generica
2281,5884,ventilador magiclick,Electro y Tecno,categoria_generica
2282,2947,cocina eslabon de lujo,Electro y Tecno,modelo_producto
2283,6849,colchón center,"Muebles, Hogar y Deco",categoria_generica
2284,587,heladera briket,Electro y Tecno,categoria_generica
2285,10084,patineta electrica max you,Electro y Tecno,categoria_atributo
2286,7194,blu ray sony,Electro y Tecno,categoria_marca
2287,12039,motorola moto 70 smartwatch,Electro y Tecno,modelo_producto
2288,3546,tapa camara septica,Electro y Tecno,categoria_generica
2289,10222,lapiz 3d gadnic,Electro y Tecno,modelo_producto
2290,7352,muebles,"Muebles, Hogar y Deco",modelo_producto
2291,5364,sillon jardin,"Muebles, Hogar y Deco",categoria_generica
2292,5488,celular samsung a50,Electro y Tecno,modelo_producto
2293,8960,proyector tiro corto,Electro y Tecno,categoria_generica
2294,5401,juguetes de mickey mouse,Bebes y Niños,modelo_producto
2295,5104,licencia perfume de barbie,Salud y Belleza,modelo_producto
2296,9545,labial nyx,Salud y Belleza,categoria_generica
2297,6329,valija de tela,Indumentaria y Calzado,categoria_generica
2298,9578,bateria compatible motorola g60s lk50,Electro y Tecno,modelo_producto
2299,12393,juguera ranser,Electro y Tecno,categoria_generica
2300,9755,duravit primera infancia,Bebes y Niños,categoria_generica
2301,8856,lenovo thinkpad x1,Electro y Tecno,modelo_producto
2302,5309,xiaomi aspiradora,Electro y Tecno,categoria_marca
2303,8073,pc i9,Electro y Tecno,categoria_generica
2304,7083,cámaras de seguridad wifi exterior,Electro y Tecno,categoria_atributo
2305,6335,kits de mate,"Muebles, Hogar y Deco",categoria_generica
2306,11889,tablet positivo bgh y710,Electro y Tecno,modelo_producto
2307,4582,olmo wish 29,Deporte y Fitness,categoria_generica
2308,8178,carpa inflable tipo casa,"Muebles, Hogar y Deco",modelo_producto
2309,8820,ipad pro 2018,Electro y Tecno,categoria_generica
2310,2714,eurobike rodado 29,Deporte y Fitness,categoria_atributo
2311,12205,lg s4-w18kl3aa,Electro y Tecno,modelo_producto
2312,1848,meta quest,Electro y Tecno,categoria_generica
2313,6345,cocina domec cxuleav reflex,Electro y Tecno,modelo_producto
2314,8305,cama de melamina,"Muebles, Hogar y Deco",categoria_generica
2315,9491,escape perfume mujer,Salud y Belleza,categoria_generica
2316,10859,yelmo cafetera,Electro y Tecno,categoria_generica
2317,91,xiaomi redmi note 13,Electro y Tecno,modelo_producto
2318,8892,philips saeco xsmall,Electro y Tecno,categoria_marca
2319,7015,termotanque electrico philco 80 litros,Electro y Tecno,modelo_producto
2320,9172,optical mouse,Electro y Tecno,categoria_generica
2321,4677,horno electrico 45 litros,Electro y Tecno,categoria_atributo
2322,3019,juguete baby brezza,Bebes y Niños,categoria_generica
2323,7373,cama baulera 1 plaza,"Muebles, Hogar y Deco",modelo_producto
2324,98,pochocleras,Electro y Tecno,modelo_producto
2325,11070,fv temple cocina,"Muebles, Hogar y Deco",categoria_generica
2326,5826,mouse pad 90x40,Electro y Tecno,categoria_generica
2327,2333,hp ink tank wireless 415,Electro y Tecno,modelo_producto
2328,1522,juguete carpa para niños,Bebes y Niños,modelo_producto
2329,778,bvlgari man in black,Salud y Belleza,modelo_producto
2330,10442,palanca logitech g29,Electro y Tecno,categoria_generica
2331,70,iphone 12 pro,Electro y Tecno,modelo_producto
2332,3852,amplificador bluetooth,Autos y Motos,categoria_atributo
2333,6685,omron 7120,Salud y Belleza,categoria_generica
2334,12251,tablet enova 8,Electro y Tecno,categoria_generica
2335,7091,pava electrica bgh,Electro y Tecno,categoria_marca
2336,9932,heladera mabe no frost con dispenser,Electro y Tecno,modelo_producto
2337,1358,placard 4 puertas,"Muebles, Hogar y Deco",categoria_generica
2338,10348,epson ecotank l6270,Electro y Tecno,categoria_generica
2339,125,tostadora,Electro y Tecno,modelo_producto
2340,10949,mochila vaca,Indumentaria y Calzado,categoria_generica
2341,12726,pileta intex redonda 305 x 76,"Muebles, Hogar y Deco",modelo_producto
2342,4010,pc gamer ryzen 7,Electro y Tecno,categoria_atributo
2343,753,bicicleta fija,Deporte y Fitness,categoria_generica
2344,10676,hp 662xl,Electro y Tecno,modelo_producto
2345,12129,juguete licuadora juliana,Bebes y Niños,categoria_generica
2346,6083,sistemas de monitoreo,Electro y Tecno,categoria_generica
2347,12824,botinero 18 pares,"Muebles, Hogar y Deco",categoria_generica
2348,9999,auriculares motorola buds 085,Electro y Tecno,modelo_producto
2349,8063,parlante harman,Electro y Tecno,categoria_generica
2350,6024,bateria g200,Autos y Motos,categoria_generica
2351,8642,harman kardon onyx studio 7,Electro y Tecno,modelo_producto
2352,10557,microcomponente samsung,Electro y Tecno,categoria_marca
2353,314,lattafa khamrah,Salud y Belleza,categoria_generica
2354,4106,zte v40 design,Electro y Tecno,categoria_generica
2355,1288,redmi buds 6 active,Electro y Tecno,modelo_producto
2356,9805,kit de entrenamiento futbol,Deporte y Fitness,modelo_producto
2357,713,celular nubia,Electro y Tecno,categoria_generica
2358,8132,zapatillas topper niños con abrojo,Indumentaria y Calzado,modelo_producto
2359,6842,organizador de baul,"Muebles, Hogar y Deco",categoria_generica
2360,8168,luces,"Muebles, Hogar y Deco",modelo_producto
2361,7093,hp stream 14,Electro y Tecno,modelo_producto
2362,3159,taladro inalambrico lusqtoff,Electro y Tecno,categoria_atributo
2363,3781,gazebo gadnic,"Muebles, Hogar y Deco",categoria_marca
2364,787,controles remotos,Electro y Tecno,categoria_generica
2365,11668,auriculares bluetooth f9 tactil powerbank superior a xiaomi,Electro y Tecno,modelo_producto
2366,11518,muñeca barbie niñera,Bebes y Niños,categoria_generica
2367,3874,juguete gps para niños,Bebes y Niños,modelo_producto
2368,3353,liquid brun french avenue,Salud y Belleza,modelo_producto
2369,7792,impresora f170 epson,Electro y Tecno,categoria_generica
2370,6139,electrolux secarropas carga frontal,Electro y Tecno,modelo_producto
2371,3798,lampazo con balde,"Muebles, Hogar y Deco",categoria_generica
2372,10764,apple watch,Electro y Tecno,categoria_marca
2373,10170,new balance 5740 mujer,Electro y Tecno,modelo_producto
2374,10275,auriculares boca juniors,Electro y Tecno,categoria_generica
2375,5646,kenzo homme night,Salud y Belleza,categoria_generica
2376,5905,megaboom,Electro y Tecno,modelo_producto
2377,10978,escalera de aluminio 2 escalones,"Muebles, Hogar y Deco",modelo_producto
2378,4305,reloj ferrari,Electro y Tecno,categoria_generica
2379,4060,anafe electrico induccion,Electro y Tecno,categoria_atributo
2380,12340,cargador xbox series x,Electro y Tecno,modelo_producto
2381,3425,multigimnasios y bancos,Deporte y Fitness,categoria_generica
2382,1501,canasto ropa,"Muebles, Hogar y Deco",categoria_generica
2383,12404,suono x3,Electro y Tecno,categoria_generica
2384,7013,samsung galaxy tablet a7 lite,Electro y Tecno,modelo_producto
2385,2102,zapatillas niño 26,Indumentaria y Calzado,categoria_generica
2386,9791,bici rodado 29 topmega,Deporte y Fitness,categoria_atributo
2387,2058,aiwa auriculares,Electro y Tecno,categoria_generica
2388,304,cocina electrolux,Electro y Tecno,categoria_marca
2389,9312,cocina de 3 hornallas,Electro y Tecno,modelo_producto
2390,7561,juguete peluche dragon,Bebes y Niños,categoria_generica
2391,5552,ducha lorenzetti,Electro y Tecno,categoria_generica
2392,6677,alarma para moto 110,Electro y Tecno,modelo_producto
2393,520,colchon inflable,"Muebles, Hogar y Deco",categoria_generica
2394,5657,tensiometro beurer,Salud y Belleza,categoria_generica
2395,4401,cama nido con cajones,"Muebles, Hogar y Deco",modelo_producto
2396,12261,samsung m23 funda,Electro y Tecno,modelo_producto
2397,1274,camaras fotograficas,Electro y Tecno,categoria_generica
2398,5251,lijadora electrica de mano,Electro y Tecno,categoria_atributo
2399,1734,xiaomi redmi note 13 pro max,Electro y Tecno,modelo_producto
2400,6258,vsg quasar,Electro y Tecno,categoria_generica
2401,1494,taboo juego,"Muebles, Hogar y Deco",categoria_generica
2402,8085,hp 662,Electro y Tecno,modelo_producto
2403,4522,cuna colecho mega baby,Bebes y Niños,modelo_producto
2404,4463,perfume adolfo dominguez hombre,Salud y Belleza,modelo_producto
2405,10601,desmalezadora philco,Electro y Tecno,categoria_marca
2406,4746,parlante harrison kanji,Electro y Tecno,categoria_generica
2407,11895,auriculares noblex rolling stones,Electro y Tecno,modelo_producto
2408,2429,termotanque heineken,Electro y Tecno,categoria_generica
2409,9693,figura fnaf funko,Bebes y Niños,categoria_generica
2410,4989,need for speed ps3,"Muebles, Hogar y Deco",modelo_producto
2411,6414,hugo boss night,Salud y Belleza,categoria_generica
2412,12610,rocketbook,Electro y Tecno,modelo_producto
2413,1033,coffee station,"Muebles, Hogar y Deco",categoria_generica
2414,12512,kobo elipsa,Electro y Tecno,categoria_generica
2415,3998,whirlpool combo heladera y lavarropas,Electro y Tecno,modelo_producto
2416,3929,banco gym,Deporte y Fitness,categoria_generica
2417,8744,smart tv aoc 32,Electro y Tecno,categoria_atributo
2418,633,cafeteras de filtro,Electro y Tecno,categoria_generica
2419,47,samsung a07,Electro y Tecno,modelo_producto
2420,601,aire acondicionado philco,Electro y Tecno,categoria_marca
2421,2114,cocina escorial master classic,Electro y Tecno,modelo_producto
2422,644,gas pimienta,Electro y Tecno,categoria_generica
2423,6334,juego de sillones,"Muebles, Hogar y Deco",categoria_generica
2424,612,jbl charge 6,Electro y Tecno,modelo_producto
2425,9319,juego de loteria con bolillero,"Muebles, Hogar y Deco",modelo_producto
2426,8996,auriculares edifier,Electro y Tecno,categoria_generica
2427,10969,silla gamer the game house,"Muebles, Hogar y Deco",categoria_atributo
2428,12698,fila cyzer,Indumentaria y Calzado,categoria_generica
2429,5379,creed carmina,Salud y Belleza,categoria_generica
2430,7824,campana liliana kc994,Electro y Tecno,modelo_producto
2431,6957,juguete beanie boos,Bebes y Niños,categoria_generica
2432,7112,pendrive 512 gb,Electro y Tecno,categoria_generica
2433,4669,freezer bajo mesada whirlpool,Electro y Tecno,modelo_producto
2434,2983,candela led,"Muebles, Hogar y Deco",categoria_generica
2435,4638,termotanque electrico 95 litros,Electro y Tecno,categoria_atributo
2436,1454,proyector de galaxia,Electro y Tecno,categoria_generica
2437,2577,aire acondicionado whirlpool,Electro y Tecno,categoria_marca
2438,7772,ninja crispi freidora de aire,Electro y Tecno,modelo_producto
2439,6069,kit compresor de aire,Deporte y Fitness,modelo_producto
2440,11411,auto de juguete hot wheels tesla,Bebes y Niños,modelo_producto
2441,11370,shilajit,Salud y Belleza,modelo_producto
2442,6280,parlante novik,Electro y Tecno,categoria_generica
2443,10897,tide power pods capsulas detergente,Electro y Tecno,modelo_producto
2444,11131,zapatero pie de cama,"Muebles, Hogar y Deco",modelo_producto
2445,441,juguera,Electro y Tecno,modelo_producto
2446,12948,griferia krumm,"Muebles, Hogar y Deco",categoria_generica
2447,7899,camara canon powershot,Electro y Tecno,categoria_generica
2448,1691,coco chanel perfume,Salud y Belleza,categoria_generica
2449,3517,repuesto afeitadora philips,Salud y Belleza,categoria_marca
2450,6528,lenovo ideapad 1 ryzen 5,Electro y Tecno,modelo_producto
2451,8798,wacom one pen,Electro y Tecno,categoria_generica
2452,6057,juguete peluche kuromi,Bebes y Niños,categoria_generica
2453,9871,roller nena,Deporte y Fitness,categoria_generica
2454,6125,game stick lite 4k,Electro y Tecno,modelo_producto
2455,6711,cervecera whirlpool,Electro y Tecno,categoria_marca
2456,7869,estufa cerámica eléctrica,Electro y Tecno,categoria_atributo
2457,6908,bateria a11,Autos y Motos,categoria_generica
2458,9374,cocina con spiedo,Electro y Tecno,categoria_generica
2459,3320,mopa virulana,"Muebles, Hogar y Deco",categoria_generica
2460,7823,tinta hp gt51,Electro y Tecno,modelo_producto
2461,8021,nivel con laser,Electro y Tecno,categoria_generica
2462,1743,motorola moto z2 play,Electro y Tecno,modelo_producto
2463,9457,mopa giratoria negra 360 centrifuga,"Muebles, Hogar y Deco",modelo_producto
2464,6432,cubiertas para bicicleta rodado 26,Deporte y Fitness,categoria_atributo
2465,10469,proyector estrellas galaxia,Electro y Tecno,categoria_generica
2466,11861,stanley big bear bottle,Electro y Tecno,modelo_producto
2467,5659,cubiertas 205 55 r16 pirelli,Autos y Motos,modelo_producto
2468,7796,planchita gama bloom,Salud y Belleza,categoria_generica
2469,5001,velador led recargable,"Muebles, Hogar y Deco",categoria_generica
2470,10647,microfono con autotune,Electro y Tecno,categoria_generica
2471,1112,microfonos,Electro y Tecno,modelo_producto
2472,4832,lenovo pendrive,Electro y Tecno,categoria_marca
2473,11966,notebook compaq presario 21,Electro y Tecno,modelo_producto
2474,2777,máquinas de cortar pelo profesional,Electro y Tecno,categoria_atributo
2475,9231,xl remera,Indumentaria y Calzado,categoria_generica
2476,5801,heladera briket 1310,Electro y Tecno,categoria_generica
2477,3379,puertas de seguridad,Bebes y Niños,categoria_generica
2478,6475,muñecas helicóptero de barbie,Bebes y Niños,modelo_producto
2479,5732,philips planchita y buclera 2 en 1,Salud y Belleza,modelo_producto
2480,4314,smartwatch w26 plus negro simple,Electro y Tecno,modelo_producto
2481,2513,paneles de mica,Electro y Tecno,categoria_generica
2482,7342,valija chica con ruedas,Indumentaria y Calzado,modelo_producto
2483,8070,sarten panquequera,"Muebles, Hogar y Deco",categoria_generica
2484,10906,tapa mochila inodoro ferrum,"Muebles, Hogar y Deco",modelo_producto
2485,4786,samsung s24 ultra,Electro y Tecno,modelo_producto
2486,2237,auriculares daewoo,Electro y Tecno,categoria_generica
2487,10161,celulares redmi note 8,Electro y Tecno,modelo_producto
2488,5127,secador vanta,Salud y Belleza,categoria_generica
2489,6759,cafetera pedrini,Electro y Tecno,categoria_generica
2490,3596,motorola smartwatch,Electro y Tecno,categoria_marca
2491,1289,amazfit t rex 3,Electro y Tecno,modelo_producto
2492,9436,especiero de vidrio,"Muebles, Hogar y Deco",categoria_generica
2493,5164,bicicleta xl,Deporte y Fitness,categoria_generica
2494,2872,timbre inalámbrico,Electro y Tecno,categoria_atributo
2495,8074,pava de acero,Electro y Tecno,categoria_generica
2496,5195,pava eléctrica atma vintage,Electro y Tecno,modelo_producto
2497,3350,tubuladura,"Muebles, Hogar y Deco",modelo_producto
2498,1959,juguete tobogán infantil,Bebes y Niños,categoria_generica
2499,7789,soporte para tablet auto,Electro y Tecno,modelo_producto
2500,12180,forerunner 255s music,Electro y Tecno,categoria_generica
2501,11934,reloj tommy hilfiger hendrix,Electro y Tecno,modelo_producto
2502,12834,cannon compac plus,"Muebles, Hogar y Deco",categoria_generica
2503,8901,reloj amazfit mujer,Electro y Tecno,categoria_generica
2504,7150,samsung watch 6,Electro y Tecno,modelo_producto
2505,4738,electrolux secarropas condensacion,Electro y Tecno,categoria_marca
2506,954,planchita remington,Salud y Belleza,categoria_generica
2507,10644,edifier m1335,Electro y Tecno,categoria_generica
2508,6358,cocina de 5 hornallas,Electro y Tecno,modelo_producto
2509,514,poco f5,Electro y Tecno,categoria_generica
2510,5788,grabadora laser portatil,Electro y Tecno,categoria_atributo
2511,3280,valija 28 pulgadas,Indumentaria y Calzado,categoria_atributo
2512,9324,desague bacha baño,"Muebles, Hogar y Deco",categoria_generica
2513,2784,xiaomi 14 pro plus,Electro y Tecno,modelo_producto
2514,9731,juguete chupete para frutas,Bebes y Niños,modelo_producto
2515,11273,crema goicoechea para varices y arañitas,Salud y Belleza,modelo_producto
2516,7335,inodoro y bidet roca,"Muebles, Hogar y Deco",modelo_producto
2517,6295,impresora termica,Electro y Tecno,categoria_generica
2518,10103,tv 55 pulgadas samsung,Electro y Tecno,modelo_producto
2519,546,elden ring,Bebes y Niños,categoria_generica
2520,2650,zapatillas penalty,Indumentaria y Calzado,categoria_generica
2521,112,juguete pistola de calor,Electro y Tecno,modelo_producto
2522,6837,cocina tactil,Electro y Tecno,categoria_generica
2523,6504,motor de desmalezadora 52cc,Deporte y Fitness,modelo_producto
2524,1789,cafetera express peabody,Electro y Tecno,categoria_marca
2525,8284,extractor de cocina,"Muebles, Hogar y Deco",categoria_generica
2526,1745,asus zenbook 14 oled,Electro y Tecno,modelo_producto
2527,6285,salamandra cuadrada,Electro y Tecno,categoria_generica
2528,7475,secador modelador gama,Salud y Belleza,categoria_generica
2529,9840,tramontina lyon,Deporte y Fitness,categoria_generica
2530,119,cargadores,Electro y Tecno,modelo_producto
2531,5811,mini bar heladera,Electro y Tecno,categoria_generica
2532,4645,parrilla electrica black decker,Electro y Tecno,categoria_atributo
2533,11015,cubos de pino 40 x 40,"Muebles, Hogar y Deco",modelo_producto
2534,991,motorola g8 play,Electro y Tecno,modelo_producto
2535,5968,almohada con memoria,"Muebles, Hogar y Deco",categoria_generica
2536,12370,limpiador a vapor,Electro y Tecno,categoria_generica
2537,1292,motorola moto z3 play,Electro y Tecno,modelo_producto
2538,4860,balanza atma,Electro y Tecno,categoria_marca
2539,4260,aspiradora de hogar,Electro y Tecno,categoria_generica
2540,11233,fantasma juego,Bebes y Niños,categoria_generica
2541,93,redmi 14,Electro y Tecno,modelo_producto
2542,7594,bicicleta fire bird rodado 29 mujer,Deporte y Fitness,categoria_atributo
2543,5505,epson impresora a4,Electro y Tecno,categoria_generica
2544,5205,soporte para notebook madera,Electro y Tecno,modelo_producto
2545,6004,centrifugador de verduras,Salud y Belleza,categoria_generica
2546,960,mortal kombat 9,"Muebles, Hogar y Deco",categoria_generica
2547,3474,lavasecarropas drean 10 kg,Electro y Tecno,modelo_producto
2548,11041,set matero con bolso,"Muebles, Hogar y Deco",modelo_producto
2549,12518,ultracomb cafetera,Electro y Tecno,categoria_generica
2550,2053,cafetera portatil,Electro y Tecno,categoria_atributo
2551,11425,figura cyborg spider woman,Bebes y Niños,modelo_producto
2552,11791,yes i am bloom up,Salud y Belleza,modelo_producto
2553,12236,pad teclado y mouse,Electro y Tecno,modelo_producto
2554,5959,mopa aspiradora,Electro y Tecno,categoria_generica
2555,12626,alfombrilla mouse skypad wallhack black,Electro y Tecno,modelo_producto
2556,11216,sillon camilla,"Muebles, Hogar y Deco",categoria_generica
2557,5273,anafe liliana,Electro y Tecno,categoria_marca
2558,1729,tabletas digitalizadoras,Electro y Tecno,categoria_generica
2559,12195,samsung a54 128,Electro y Tecno,modelo_producto
2560,3839,fundas y cobertores,Autos y Motos,categoria_generica
2561,5697,juguete motek,Bebes y Niños,categoria_generica
2562,6213,reloj inteligente sumergible,Electro y Tecno,categoria_generica
2563,10945,billetera inteligente,Indumentaria y Calzado,categoria_generica
2564,11920,samsung neo qled 50,Electro y Tecno,modelo_producto
2565,5997,dolce gabbana intenso,Salud y Belleza,categoria_generica
2566,11512,carpa coleman amazonia,Deporte y Fitness,categoria_generica
2567,12768,sillon poltrona 1 cuerpo,"Muebles, Hogar y Deco",modelo_producto
2568,9407,step para gimnasia,"Muebles, Hogar y Deco",categoria_generica
2569,2242,epson l3560,Electro y Tecno,categoria_generica
2570,10619,jbl 700bt,Electro y Tecno,modelo_producto
2571,4540,aire acondicionado inverter,Electro y Tecno,categoria_atributo
2572,4177,electrolux 76dxr,Electro y Tecno,modelo_producto
2573,1733,insumos de impresion,Electro y Tecno,categoria_generica
2574,7932,whirlpool horno empotrable,Electro y Tecno,categoria_marca
2575,11681,aspiradora trapeadora robot atma 94atar21c1pi filtro hepa,Electro y Tecno,modelo_producto
2576,1592,galaxy buds 2,Electro y Tecno,categoria_generica
2577,2735,bicicleta randers,Deporte y Fitness,categoria_marca
2578,4447,alfombra musical,"Muebles, Hogar y Deco",categoria_generica
2579,3691,petracrin,Electro y Tecno,modelo_producto
2580,7259,vaporera yelmo,Electro y Tecno,categoria_generica
2581,3300,rack tv flotante rustico,"Muebles, Hogar y Deco",modelo_producto
2582,2691,perfume alma,Salud y Belleza,categoria_generica
2583,9937,anafe eléctrico 1 hornalla liliana,Electro y Tecno,modelo_producto
2584,392,juguete family game,Bebes y Niños,categoria_generica
2585,11658,fundas estuches y bolsos,Electro y Tecno,categoria_generica
2586,10974,sin palabras juego de mesa,Bebes y Niños,modelo_producto
2587,11285,perfume salvador dali laguna,Salud y Belleza,modelo_producto
2588,2311,control de aire acondicionado,Electro y Tecno,modelo_producto
2589,5008,cocina encendido electrico,Electro y Tecno,categoria_atributo
2590,856,colchon calm,"Muebles, Hogar y Deco",categoria_generica
2591,7876,philips hue go,Electro y Tecno,categoria_marca
2592,5282,peirano adra,Electro y Tecno,categoria_generica
2593,12008,funda samsung j6 plus,Electro y Tecno,modelo_producto
2594,10669,freidora turboblender,Electro y Tecno,categoria_generica
2595,7097,samsung 870 evo,Electro y Tecno,modelo_producto
2596,4874,canilla eléctrica,"Muebles, Hogar y Deco",categoria_atributo
2597,12038,samsung galaxy a24 silver,Electro y Tecno,modelo_producto
2598,12100,macbook pro i5,Electro y Tecno,categoria_generica
2599,9225,mochila de soy luna,Indumentaria y Calzado,modelo_producto
2600,1886,mesas y escritorios para pc,"Muebles, Hogar y Deco",categoria_generica
2601,9323,biblioteca baja con puertas,"Muebles, Hogar y Deco",modelo_producto
2602,9853,bicicleta ghepard,Deporte y Fitness,categoria_generica
2603,3831,maverick nebulizador,Salud y Belleza,categoria_generica
2604,305,jbl go 4,Electro y Tecno,modelo_producto
2605,6972,carpas,Deporte y Fitness,modelo_producto
2606,2232,tcl 20y,Electro y Tecno,categoria_generica
2607,8511,muñeca elfos muñecos,Bebes y Niños,categoria_generica
2608,6776,cerradura smart,Electro y Tecno,categoria_atributo
2609,10047,licuadora pica hielo philips,Electro y Tecno,modelo_producto
2610,6714,aspiradora liliana,Electro y Tecno,categoria_marca
2611,4339,reebok royal,Indumentaria y Calzado,categoria_generica
2612,3065,estabilizadores y ups,Electro y Tecno,categoria_generica
2613,11797,jbl tune 500 auriculares con cable,Electro y Tecno,modelo_producto
2614,5946,arbol navidad plastico,"Muebles, Hogar y Deco",categoria_generica
2615,10722,lavarropas wanke,Electro y Tecno,categoria_generica
2616,12145,panel de mdf decorativo,Electro y Tecno,modelo_producto
2617,1354,sofa cama 2 cuerpos,"Muebles, Hogar y Deco",modelo_producto
2618,2067,heladera candy,Electro y Tecno,categoria_generica
2619,11824,auricular jbl vibe buds,Electro y Tecno,modelo_producto
2620,8404,cubierta rodado 20,Deporte y Fitness,categoria_atributo
2621,11341,rhodiola suplemento,Salud y Belleza,categoria_generica
2622,6850,lavamanos flotante,"Muebles, Hogar y Deco",categoria_generica
2623,4048,auriculares in ear sony,Electro y Tecno,modelo_producto
2624,6696,waflera para hornalla,Electro y Tecno,categoria_generica
2625,3390,juguete modular de melamina,Bebes y Niños,modelo_producto
2626,1926,tom ford black orchid,Salud y Belleza,modelo_producto
2627,6214,samsung otterbox defender,Electro y Tecno,categoria_marca
2628,4191,tender eléctrico,Electro y Tecno,categoria_atributo
2629,3088,apple cable usb a lightning,Electro y Tecno,modelo_producto
2630,1062,muñeca clawdeen wolf,Bebes y Niños,categoria_generica
2631,4299,balanza barista,Electro y Tecno,categoria_generica
2632,8616,termotanque a gas escorial geiser 120 lt,Electro y Tecno,modelo_producto
2633,253,tarjetero hombre,Electro y Tecno,categoria_generica
2634,9371,canilla cocina,"Muebles, Hogar y Deco",categoria_generica
2635,9058,samsung rt38feakdsl,Electro y Tecno,modelo_producto
2636,5991,conjunto bicama colchon resortes inducol,"Muebles, Hogar y Deco",modelo_producto
2637,3258,licuadora turboblender,Electro y Tecno,categoria_generica
2638,1974,linterna minera,Deporte y Fitness,categoria_generica
2639,261,difusor,Electro y Tecno,modelo_producto
2640,614,botella stanley,"Muebles, Hogar y Deco",categoria_marca
2641,910,retinol loreal,Salud y Belleza,categoria_generica
2642,9031,tablet samsung,Electro y Tecno,categoria_marca
2643,4190,caloventor whitenblack,Electro y Tecno,categoria_generica
2644,5748,heladera vondom bajo mesada,Electro y Tecno,modelo_producto
2645,2953,termo 750 ml,"Muebles, Hogar y Deco",categoria_generica
2646,5016,hitachi 50 pulgadas,Electro y Tecno,categoria_atributo
2647,11043,morelli cristal 600,Electro y Tecno,categoria_generica
2648,1614,samsung m13,Electro y Tecno,modelo_producto
2649,3886,pata pata nena,Bebes y Niños,categoria_generica
2650,5494,pava cuello de cisne,Electro y Tecno,modelo_producto
2651,10468,nokia 7.1,Electro y Tecno,categoria_generica
2652,5007,respaldo de sommier king,"Muebles, Hogar y Deco",modelo_producto
2653,2100,campera ecocuero mujer,Indumentaria y Calzado,categoria_generica
2654,10176,hp 530 smart tank,Electro y Tecno,modelo_producto
2655,5070,pala y atizador,"Muebles, Hogar y Deco",categoria_generica
2656,12463,freezer lacar,Electro y Tecno,categoria_generica
2657,5498,hp compresor stanley,Electro y Tecno,categoria_marca
2658,10078,heladera sigma no frost,Electro y Tecno,modelo_producto
2659,7511,auto de juguete hot wheels rapidos y furiosos,Bebes y Niños,modelo_producto
2660,6514,kit alzas para cortadora de pelo,Salud y Belleza,modelo_producto
2661,1641,microsoft surface,Electro y Tecno,categoria_generica
2662,310,olympea perfume,Salud y Belleza,categoria_generica
2663,2393,rasuradora electrica hombre,Salud y Belleza,categoria_atributo
2664,1740,notebook hp 255 g10,Electro y Tecno,modelo_producto
2665,4033,termotanque eléctrico 100 litros,Electro y Tecno,categoria_atributo
2666,8409,bateria a52,Autos y Motos,categoria_generica
2667,10580,volante de canilla,Electro y Tecno,categoria_generica
2668,2440,radiograbador,Electro y Tecno,modelo_producto
2669,9373,hdp dibujame,"Muebles, Hogar y Deco",categoria_generica
2670,8179,rack tv con luces led,"Muebles, Hogar y Deco",modelo_producto
2671,95,nintendo kirby,Electro y Tecno,categoria_generica
2672,5903,termofusora,Electro y Tecno,modelo_producto
2673,3030,juguete coche avanti,Bebes y Niños,categoria_generica
2674,8849,lg gram 17,Electro y Tecno,modelo_producto
2675,2599,garrafera eskabe,Electro y Tecno,categoria_generica
2676,5715,reel daiwa,Deporte y Fitness,categoria_generica
2677,6216,whirlpool cava electrica,Electro y Tecno,categoria_marca
2678,4377,termo south port,"Muebles, Hogar y Deco",categoria_generica
2679,10529,xiaomi poco m5s,Electro y Tecno,modelo_producto
2680,9006,haylou w1,Electro y Tecno,categoria_generica
2681,7485,masajeador gama,Salud y Belleza,categoria_generica
2682,11726,smart tv noblex 39 pulgadas,Electro y Tecno,modelo_producto
2683,2012,pava electrica smartlife,Electro y Tecno,categoria_atributo
2684,10288,tcl l5 go,Electro y Tecno,categoria_generica
2685,238,motorola moto g200,Electro y Tecno,modelo_producto
2686,11052,lampara de pie para lectura,"Muebles, Hogar y Deco",modelo_producto
2687,754,morsa banco numero 3 base,Deporte y Fitness,modelo_producto
2688,12367,viper v2,Electro y Tecno,categoria_generica
2689,2117,sillas tolix negras,"Muebles, Hogar y Deco",categoria_generica
2690,5753,calefon orbis tiro forzado,Electro y Tecno,modelo_producto
2691,1605,calefactor liliana,Electro y Tecno,categoria_marca
2692,2433,aspiradora lusqtoff,Electro y Tecno,categoria_generica
2693,2498,mesa didactica bebe,Bebes y Niños,categoria_generica
2694,10250,samsung odyssey g8,Electro y Tecno,modelo_producto
2695,5145,juguete coche de bebé,Bebes y Niños,modelo_producto
2696,5092,juliette has a gun not a perfume,Salud y Belleza,modelo_producto
2697,12684,talle 40 zapatillas,Indumentaria y Calzado,categoria_generica
2698,10658,ventilador arno,Electro y Tecno,categoria_generica
2699,5805,samsung 990 pro,Electro y Tecno,modelo_producto
2700,9797,bicicleta playera rodado 20,Deporte y Fitness,categoria_atributo
2701,9529,pqq suplemento,Salud y Belleza,categoria_generica
2702,2466,sillon ingles,"Muebles, Hogar y Deco",categoria_generica
2703,1151,sarten electrica,Electro y Tecno,categoria_atributo
2704,1653,filtro agua pura purificador blanco,Electro y Tecno,modelo_producto
2705,10548,jura e8,Electro y Tecno,categoria_generica
2706,12637,inodoro y bidet roca dama senso,"Muebles, Hogar y Deco",modelo_producto
2707,2785,lavarropas enova 6 kg,Electro y Tecno,modelo_producto
2708,7088,soundcore space q45,Electro y Tecno,categoria_generica
2709,4087,jbl tune buds,Electro y Tecno,categoria_marca
2710,3134,lavarropas gafa 7500,Electro y Tecno,modelo_producto
2711,8233,botinero 24 pares,"Muebles, Hogar y Deco",categoria_generica
2712,10239,cortadora cesped manual,Electro y Tecno,categoria_generica
2713,3943,changuito supermercado,Deporte y Fitness,categoria_generica
2714,10228,hp deskjet 1275,Electro y Tecno,modelo_producto
2715,3877,juguete bolso botinero,Bebes y Niños,categoria_generica
2716,9123,deslizante de agua,Electro y Tecno,categoria_generica
2717,9958,philco ventilador de techo sin luz,Electro y Tecno,modelo_producto
2718,1169,urban man elixir,Salud y Belleza,categoria_generica
2719,8071,mouse gamer,Electro y Tecno,categoria_atributo
2720,7859,dispenser pasta dental,Electro y Tecno,categoria_generica
2721,696,apple watch ultra 2,Electro y Tecno,modelo_producto
2722,10914,gorra rip curl mujer,Indumentaria y Calzado,modelo_producto
2723,957,cama dos plazas,"Muebles, Hogar y Deco",categoria_generica
2724,11053,sabanas de paw patrol,"Muebles, Hogar y Deco",modelo_producto
2725,7812,purificador liliana kp991,Electro y Tecno,modelo_producto
2726,8891,jasmin noir bvlgari,Electro y Tecno,categoria_generica
2727,8090,aire whirlpool,Electro y Tecno,categoria_marca
2728,5187,heladera bajo mesada patrick,Electro y Tecno,modelo_producto
2729,1816,freezer para helados,Electro y Tecno,categoria_generica
2730,8293,zapatero nordico,"Muebles, Hogar y Deco",categoria_generica
2731,11793,dell notebook 2 en 1 i7,Electro y Tecno,modelo_producto
2732,5142,triciclo 3 en 1,Bebes y Niños,modelo_producto
2733,5090,termometros,Salud y Belleza,modelo_producto
2734,4607,accesorios de informatica,Electro y Tecno,categoria_generica
2735,8527,juguete cochecito rainbow,Bebes y Niños,categoria_generica
2736,3173,soporte magnetico para celular,Electro y Tecno,modelo_producto
2737,7490,dkny stories,Salud y Belleza,categoria_generica
2738,3758,juego de utensilios de cocina,"Muebles, Hogar y Deco",modelo_producto
2739,5538,alienware notebook,Electro y Tecno,categoria_generica
2740,9981,aire acondicionado portátil sansei manual,Electro y Tecno,categoria_atributo
2741,12356,samsung qn65q70aagcfv,Electro y Tecno,modelo_producto
2742,4944,cubre mochila impermeable,Indumentaria y Calzado,categoria_generica
2743,4719,motorola z play,Electro y Tecno,categoria_marca
2744,9442,cubrecama sonic,"Muebles, Hogar y Deco",categoria_generica
2745,9664,aire acondicionado audinac,Electro y Tecno,categoria_generica
2746,1284,lavarropas samsung carga superior,Electro y Tecno,modelo_producto
2747,436,oculus quest 2,Electro y Tecno,categoria_generica
2748,4754,cafetera barista para casa,Electro y Tecno,modelo_producto
2749,3942,mascara para dormir,Deporte y Fitness,categoria_generica
2750,3966,calefactor emege tiro balanceado 2000,Electro y Tecno,modelo_producto
2751,634,secarropas por calor,Electro y Tecno,categoria_generica
2752,11224,sillon ibiza,"Muebles, Hogar y Deco",categoria_generica
2753,9465,baunilha,"Muebles, Hogar y Deco",modelo_producto
2754,593,cepillo secador gama,Salud y Belleza,categoria_generica
2755,11763,nintendo switch auriculares inalambricos para ps4,Electro y Tecno,modelo_producto
2756,1948,llave de impacto a bateria,Autos y Motos,modelo_producto
2757,8799,brother dcp t510w,Electro y Tecno,categoria_generica
2758,2184,caloventor eléctrico bajo consumo,Electro y Tecno,categoria_atributo
2759,9654,butaca fisher price,Bebes y Niños,categoria_generica
2760,4891,exprimidor liliana,Electro y Tecno,categoria_marca
2761,6602,jbl wind 3,Electro y Tecno,modelo_producto
2762,5562,tarjeta victorinox,Electro y Tecno,categoria_generica
2763,5041,lampara smart,"Muebles, Hogar y Deco",categoria_atributo
2764,3136,xiaomi poco x6,Electro y Tecno,modelo_producto
2765,388,mesas de luz,"Muebles, Hogar y Deco",categoria_generica
2766,8076,pizarra lcd,Electro y Tecno,categoria_generica
2767,8679,freezer philco 198 litros,Electro y Tecno,modelo_producto
2768,935,moto siam 150,Autos y Motos,categoria_generica
2769,8571,bolso deportivo con ruedas,Deporte y Fitness,modelo_producto
2770,8440,cartuchera mooving 2 pisos,Bebes y Niños,modelo_producto
2771,8322,secador gama mistral ceramic ion,Salud y Belleza,modelo_producto
2772,3631,maquina de cupcakes,Electro y Tecno,categoria_generica
2773,600,motorola g6 plus,Electro y Tecno,modelo_producto
2774,9258,cubrecama infantil 1 plaza,"Muebles, Hogar y Deco",modelo_producto
2775,4479,pinceles para maquillaje,Salud y Belleza,categoria_generica
2776,2060,planchita atma,Salud y Belleza,categoria_marca
2777,3769,termo bomba,"Muebles, Hogar y Deco",categoria_generica
2778,610,motorola razr 40 ultra,Electro y Tecno,modelo_producto
2779,6730,vaio notebook,Electro y Tecno,categoria_generica
2780,6490,bici freno a disco rodado 29,Deporte y Fitness,categoria_atributo
2781,1455,batidora atma,Electro y Tecno,categoria_marca
2782,5800,máquina de coser eléctrica,Electro y Tecno,categoria_atributo
2783,2004,xiaomi pad 6,Electro y Tecno,modelo_producto
2784,3875,juguete monopatin niños,Bebes y Niños,categoria_generica
2785,4099,tcl l10 lite,Electro y Tecno,categoria_generica
2786,1074,iphone 8,Electro y Tecno,modelo_producto
2787,2511,tarjetas de memoria,Electro y Tecno,categoria_generica
2788,7610,columbia scp 6000,Deporte y Fitness,categoria_generica
2789,3285,valija amayra,Indumentaria y Calzado,categoria_generica
2790,2675,atr juego,"Muebles, Hogar y Deco",categoria_generica
2791,6559,sandwichera black and decker,Electro y Tecno,modelo_producto
2792,8252,juego de llaves fijas,"Muebles, Hogar y Deco",modelo_producto
2793,12591,smartwatch dt4,Electro y Tecno,categoria_generica
2794,8706,samsung odyssey g5 27,Electro y Tecno,modelo_producto
2795,2871,tocadiscos gadnic,Electro y Tecno,categoria_marca
2796,3000,esfumel plus,Salud y Belleza,categoria_generica
2797,4792,macbook pro 2017,Electro y Tecno,categoria_generica
2798,266,motorola e6i,Electro y Tecno,modelo_producto
2799,1552,extensor de wifi tp link,Electro y Tecno,categoria_atributo
2800,2276,tolva para baño,"Muebles, Hogar y Deco",categoria_generica
2801,3400,juguete brisador peabody,Bebes y Niños,categoria_marca
2802,10632,termotanque codini,Electro y Tecno,categoria_generica
2803,3091,cava vondom 18 botellas,Electro y Tecno,modelo_producto
2804,3422,woody muñeco,Bebes y Niños,categoria_generica
2805,11963,hello watch 3 plus,Electro y Tecno,modelo_producto
2806,3195,calefon saiar,Electro y Tecno,categoria_generica
2807,11422,rompecabezas 3d national geographic,Bebes y Niños,modelo_producto
2808,11697,planchita de pelo atma classic titanium 8833,Salud y Belleza,modelo_producto
2809,8459,trapeador de piso con escurridor,"Muebles, Hogar y Deco",modelo_producto
2810,1571,xiaomi 17 ultra,Electro y Tecno,modelo_producto
2811,9111,lijadora para durlock,Electro y Tecno,categoria_generica
2812,12934,cubritas reposeras,"Muebles, Hogar y Deco",categoria_generica
2813,616,tostadora atma,Electro y Tecno,categoria_marca
2814,2351,bomba periferica 1 hp,Electro y Tecno,modelo_producto
2815,4282,taladro daewoo,Electro y Tecno,categoria_generica
2816,5238,planchita gama alais,Salud y Belleza,categoria_generica
2817,5475,transmisor y receptor bluetooth,Electro y Tecno,categoria_atributo
2818,12607,tudca 0 008 onzas 60,Electro y Tecno,modelo_producto
2819,8818,kodak l1 pro,Electro y Tecno,categoria_generica
2820,10833,samsung qn85c,Electro y Tecno,modelo_producto
2821,1907,silla plastica,"Muebles, Hogar y Deco",categoria_generica
2822,11472,juguete monopatin fiat,Deporte y Fitness,categoria_generica
2823,4231,mecha paleta,Electro y Tecno,categoria_generica
2824,8628,tv samsung curvo 55 pulgadas,Electro y Tecno,modelo_producto
2825,6038,muñeca tiny fantasy,Bebes y Niños,categoria_generica
2826,7558,mesa de luz con botinero,"Muebles, Hogar y Deco",modelo_producto
2827,1429,lenovo tab p11,Electro y Tecno,modelo_producto
2828,9032,ava pro,Electro y Tecno,categoria_generica
2829,5298,radiador atma,Electro y Tecno,categoria_marca
2830,175,zapatillas new balance,Indumentaria y Calzado,categoria_generica
2831,8237,mueble organizador melamina,"Muebles, Hogar y Deco",categoria_generica
2832,267,motorola e32,Electro y Tecno,modelo_producto
2833,12403,cortacerco daewoo,Electro y Tecno,categoria_generica
2834,11309,faster b way,Salud y Belleza,categoria_generica
2835,7210,notebook ram,Electro y Tecno,categoria_atributo
2836,8619,calefactor orbis 4200 kcal sin salida,Electro y Tecno,modelo_producto
2837,11311,s23 ultra crema,Electro y Tecno,categoria_generica
2838,8965,lg k11 plus,Electro y Tecno,modelo_producto
2839,10796,lechera de porcelana,Electro y Tecno,categoria_generica
2840,6790,mochila cartera de mujer,Indumentaria y Calzado,modelo_producto
2841,330,lavadero y limpieza,"Muebles, Hogar y Deco",categoria_generica
2842,9257,pileta de lona pelopincho 1055,"Muebles, Hogar y Deco",modelo_producto
2843,6162,funda para samsung a13,Electro y Tecno,modelo_producto
2844,6030,figura funko pop five nights at freddy's,Bebes y Niños,modelo_producto
2845,5371,secador de pelo daewoo,Salud y Belleza,modelo_producto
2846,7282,sony auriculares,Electro y Tecno,categoria_marca
2847,9666,muñeco power ranger,Bebes y Niños,categoria_generica
2848,9183,maquina de billetes,Electro y Tecno,categoria_generica
2849,4029,epson impresora chorro de tinta,Electro y Tecno,modelo_producto
2850,10272,aspiradora ava mini,Electro y Tecno,categoria_generica
2851,1060,samsung s24 plus,Electro y Tecno,modelo_producto
2852,5417,protector de tension sica,Deporte y Fitness,modelo_producto
2853,1637,dexcom one,Salud y Belleza,categoria_generica
2854,7147,anafe electrico portatil,Electro y Tecno,categoria_atributo
2855,6863,tramontina paris,"Muebles, Hogar y Deco",categoria_generica
2856,12308,jbl live 660nc,Electro y Tecno,modelo_producto
2857,972,bicicleta rodado 20 varon,Deporte y Fitness,categoria_atributo
2858,12079,noga twins 2,Electro y Tecno,categoria_generica
2859,8739,asus rog flow z13,Electro y Tecno,modelo_producto
2860,5334,sabanas de algodon 2 plazas,"Muebles, Hogar y Deco",modelo_producto
2861,4598,metro de carpintero,Deporte y Fitness,categoria_generica
2862,9171,freezer 100%,Electro y Tecno,categoria_generica
2863,5798,philips senseo cabrales,Electro y Tecno,categoria_marca
2864,25,iphone 14 pro max,Electro y Tecno,modelo_producto
2865,3606,canon r8,"Muebles, Hogar y Deco",categoria_generica
2866,6217,epson ecotank l3150,Electro y Tecno,categoria_generica
2867,3310,lampara proyector de estrellas,Electro y Tecno,modelo_producto
2868,9719,muñeca barbie castaña,Bebes y Niños,categoria_generica
2869,311,yogurtera yelmo,Electro y Tecno,categoria_generica
2870,5294,lg l4,Electro y Tecno,modelo_producto
2871,1694,minoxidil barba,Salud y Belleza,categoria_generica
2872,7141,repisa para horno electrico,Electro y Tecno,categoria_atributo
2873,254,aspiradora para auto,Autos y Motos,categoria_generica
2874,344,fundas para celulares,Electro y Tecno,categoria_generica
2875,8792,aspiradora de mano liliana,Electro y Tecno,modelo_producto
2876,5949,lampara colgante cocina,"Muebles, Hogar y Deco",categoria_generica
2877,10940,lunchera frozen,Indumentaria y Calzado,categoria_generica
2878,7355,banquetas,"Muebles, Hogar y Deco",modelo_producto
2879,4097,organizador de ollas y sartenes,Electro y Tecno,modelo_producto
2880,1873,torquimetro digital,Electro y Tecno,categoria_generica
2881,1627,parlante xiaomi,Electro y Tecno,categoria_marca
2882,9586,paquete funko pop blink 182,Bebes y Niños,modelo_producto
2883,9467,yves saint laurent la nuit de l'homme,Salud y Belleza,modelo_producto
2884,8753,energy safe panel calefactor,Electro y Tecno,modelo_producto
2885,9011,scanner de mano,Electro y Tecno,categoria_generica
2886,9392,sillon alejo,"Muebles, Hogar y Deco",categoria_generica
2887,1402,fuentes,Electro y Tecno,modelo_producto
2888,3245,cafetera digital,Electro y Tecno,categoria_generica
2889,8505,huevito maxi cosi,Bebes y Niños,categoria_generica
2890,8613,auriculares xiaomi redmi buds 3 lite,Electro y Tecno,modelo_producto
2891,5109,gomitas vitaminas,Salud y Belleza,categoria_generica
2892,2829,dispenser de agua electrico,Electro y Tecno,categoria_atributo
2893,6607,microondas ariston empotrable,Electro y Tecno,categoria_generica
2894,5990,sillon cama futon madera patas,"Muebles, Hogar y Deco",modelo_producto
2895,1123,iphone 11 pro,Electro y Tecno,modelo_producto
2896,4706,sarten electrica atma,Electro y Tecno,categoria_marca
2897,8573,razer seiren mini,Deporte y Fitness,categoria_generica
2898,11144,proton led,"Muebles, Hogar y Deco",categoria_generica
2899,12378,smartwatch gt4,Electro y Tecno,categoria_generica
2900,5392,aire acondicionado frio calor ventana,Electro y Tecno,modelo_producto
2901,4857,caloventor crivel,Electro y Tecno,categoria_generica
2902,11585,canon eos rebel kit t100,Electro y Tecno,modelo_producto
2903,4110,duchador de mano fv,Electro y Tecno,modelo_producto
2904,8030,haier notebook,Electro y Tecno,categoria_generica
2905,3776,mensula invisible,"Muebles, Hogar y Deco",categoria_generica
2906,8761,máquina para hacer pastas y ravioles,Electro y Tecno,modelo_producto
2907,3081,freidora de aire oster 4 litros,Electro y Tecno,categoria_atributo
2908,3355,perfume xs mujer,Salud y Belleza,categoria_generica
2909,7582,juguete bebesit butaca,Bebes y Niños,categoria_generica
2910,3581,luz exterior pared,Electro y Tecno,categoria_generica
2911,3303,placard melamina 2 puertas,"Muebles, Hogar y Deco",modelo_producto
2912,4236,samsung lavarropas,Electro y Tecno,categoria_marca
2913,12016,horno y anafe a gas domec,Electro y Tecno,modelo_producto
2914,3544,jabra evolve 20,Electro y Tecno,categoria_generica
2915,7537,juguete bañando a luly,Bebes y Niños,modelo_producto
2916,6882,delineador en gel loreal,Salud y Belleza,modelo_producto
2917,12240,celular xiaomi 9c,Electro y Tecno,modelo_producto
2918,9438,botellon stanley,"Muebles, Hogar y Deco",categoria_marca
2919,5060,silla masajeadora,"Muebles, Hogar y Deco",categoria_generica
2920,10931,buzo batik hombre,Indumentaria y Calzado,categoria_generica
2921,12174,monitor level up,Electro y Tecno,categoria_generica
2922,11956,samsung 40 pulgadas smart,Electro y Tecno,modelo_producto
2923,7636,topper dakota,Deporte y Fitness,categoria_marca
2924,4064,soporte tv techo,Electro y Tecno,categoria_generica
2925,10071,dispenser de jabon liquido automatico,Electro y Tecno,modelo_producto
2926,3720,barrefondos,"Muebles, Hogar y Deco",modelo_producto
2927,8932,roscadora electrica portatil,Electro y Tecno,categoria_atributo
2928,4488,perfume police,Salud y Belleza,categoria_generica
2929,11897,proyector gadnic 2000 lumens,Electro y Tecno,modelo_producto
2930,12456,auriculares dynacom,Electro y Tecno,categoria_generica
2931,4259,amoladora philco,Electro y Tecno,categoria_marca
2932,12918,1043 pelopincho,"Muebles, Hogar y Deco",categoria_generica
2933,2452,pintura sherwin williams 20 litros,"Muebles, Hogar y Deco",categoria_atributo
2934,9668,juguete muñeco flash,Bebes y Niños,categoria_generica
2935,8543,bicicleta lamborghini rodado 26,Deporte y Fitness,categoria_atributo
2936,6488,linternas y faroles,Deporte y Fitness,categoria_generica
2937,1204,heladera eslabon de lujo,Electro y Tecno,modelo_producto
2938,891,celular quantum,Electro y Tecno,categoria_generica
2939,3428,bicicleta philco rodado 26,Deporte y Fitness,modelo_producto
2940,7802,sandwichera 5 en 1,Electro y Tecno,modelo_producto
2941,12472,fresadora skil,Electro y Tecno,categoria_generica
2942,5947,vaso termico keep,"Muebles, Hogar y Deco",categoria_generica
2943,3550,freidora de aire daewoo,Electro y Tecno,modelo_producto
2944,8104,parlante pcbox,Electro y Tecno,categoria_generica
2945,12392,lenovo xg02,Electro y Tecno,modelo_producto
2946,1665,espatulas,"Muebles, Hogar y Deco",modelo_producto
2947,2015,care by gadnic,Electro y Tecno,categoria_marca
2948,8936,freidora 5 litros,Electro y Tecno,categoria_atributo
2949,235,discos rigidos,Electro y Tecno,categoria_generica
2950,5378,animale perfume,Salud y Belleza,categoria_generica
2951,1297,sony ps5 portatil,Electro y Tecno,modelo_producto
2952,1095,termo thermos,"Muebles, Hogar y Deco",categoria_generica
2953,10204,pearl steam mop,Electro y Tecno,categoria_generica
2954,1214,lg g5,Electro y Tecno,modelo_producto
2955,6941,adaptador para bañera bebe,Bebes y Niños,modelo_producto
2956,6405,plancha black and decker a vapor,Salud y Belleza,modelo_producto
2957,9576,auto de batería,Bebes y Niños,categoria_generica
2958,8612,manual lavavajillas drean dish 15.1 db,Electro y Tecno,modelo_producto
2959,12258,noga twins 13,Electro y Tecno,categoria_generica
2960,11951,reloj tommy hilfiger 1791,Electro y Tecno,modelo_producto
2961,3618,anafe de vidrio,Electro y Tecno,categoria_generica
2962,10921,talle 42 de pantalon,Indumentaria y Calzado,modelo_producto
2963,682,cama king,"Muebles, Hogar y Deco",categoria_generica
2964,1894,tubo led 120 cm,"Muebles, Hogar y Deco",modelo_producto
2965,7260,radiograbador noblex,Electro y Tecno,categoria_marca
2966,12685,mochila legion extranjera,Indumentaria y Calzado,categoria_generica
2967,2747,lavarropas drean gold blue 8.6,Electro y Tecno,modelo_producto
2968,4135,horno eléctrico smartlife,Electro y Tecno,categoria_atributo
2969,7989,gama ceramic,Electro y Tecno,categoria_generica
2970,11362,kill frizz,Salud y Belleza,categoria_generica
2971,10058,xiaomi smart band 2,Electro y Tecno,modelo_producto
2972,5706,slim cycle,Deporte y Fitness,categoria_generica
2973,1460,caloventor axel,Electro y Tecno,categoria_generica
2974,2335,tv philips 55 pulgadas,Electro y Tecno,modelo_producto
2975,9361,reflector led exterior,"Muebles, Hogar y Deco",categoria_generica
2976,3202,brazo para microfono,Electro y Tecno,categoria_generica
2977,9768,parrilla de juguete,Bebes y Niños,categoria_generica
2978,11011,cocina fornax 6 hornallas,Electro y Tecno,modelo_producto
2979,7502,bateria s9 plus,Autos y Motos,categoria_generica
2980,11057,filtro para piletas de lona,"Muebles, Hogar y Deco",modelo_producto
2981,6583,termotanque philco 80 litros,Electro y Tecno,modelo_producto
2982,11092,candela led proyector,Electro y Tecno,categoria_generica
2983,4084,aire acondicionado electrolux,Electro y Tecno,categoria_marca
2984,10066,maquina de coser godeco dinamica,Electro y Tecno,modelo_producto
2985,7460,mueble perchero,"Muebles, Hogar y Deco",categoria_generica
2986,743,teclado magnetico,Electro y Tecno,categoria_generica
2987,6575,singer semi industrial 4423,Electro y Tecno,categoria_atributo
2988,4178,planchita para flequillo,Salud y Belleza,categoria_generica
2989,2538,samsung funda s25 ultra,Electro y Tecno,modelo_producto
2990,3238,lustra aspiradora,Electro y Tecno,categoria_generica
2991,1160,clue juego de mesa,Bebes y Niños,modelo_producto
2992,521,acqua di gio profondo,Salud y Belleza,modelo_producto
2993,12336,tablet hp 7,Electro y Tecno,modelo_producto
2994,2424,cafetera hudson,Electro y Tecno,categoria_generica
2995,9321,gazebo autoarmable 3x3,"Muebles, Hogar y Deco",categoria_generica
2996,8811,reloj de pared quartz,Electro y Tecno,modelo_producto
2997,12856,inflable de unicornio grande,"Muebles, Hogar y Deco",modelo_producto
2998,9084,juguera philco,Electro y Tecno,categoria_marca
2999,4528,juguete nutribullet baby,Bebes y Niños,categoria_generica
3000,12581,taladro barovo,Electro y Tecno,categoria_generica
3001,2515,samsung tv 32 pulgadas smart tv,Electro y Tecno,modelo_producto
3002,8116,microboy pro,Electro y Tecno,categoria_generica
3003,12572,lg wm8516ee6,Electro y Tecno,modelo_producto
3004,11722,aspiradora smart tek ava pro,Electro y Tecno,categoria_atributo
3005,2837,happy clinique mujer,Salud y Belleza,categoria_generica
3006,816,queen size,"Muebles, Hogar y Deco",categoria_generica
3007,523,cintas para correr,Deporte y Fitness,categoria_generica
3008,7849,sony mhc v5,Electro y Tecno,modelo_producto
3009,10441,tv jvc 32,Electro y Tecno,categoria_generica
3010,493,mochilas escolares,Indumentaria y Calzado,categoria_generica
3011,5701,mesa plegable de camping,Deporte y Fitness,categoria_atributo
3012,10197,epson impresora xp 211,Electro y Tecno,modelo_producto
3013,430,juguete hitachi,Electro y Tecno,categoria_generica
3014,2408,cafetera electrolux,Electro y Tecno,categoria_marca
3015,7369,placard orlandi 2 puertas,"Muebles, Hogar y Deco",modelo_producto
3016,11769,cargador samsung z flip 4,Electro y Tecno,modelo_producto
3017,9881,bicicleta mtb acero jeico f1,Deporte y Fitness,modelo_producto
3018,8039,organizador de relojes,Electro y Tecno,categoria_generica
3019,519,organizador de escritorio,"Muebles, Hogar y Deco",categoria_generica
3020,4617,lavarropas drean gold 10.8 eco,Electro y Tecno,modelo_producto
3021,8525,carpa playera automatica,Bebes y Niños,categoria_generica
3022,7228,quint 43,Electro y Tecno,categoria_generica
3023,10389,nintendo switch portatil,Electro y Tecno,categoria_atributo
3024,6694,noblex ea43x5100,Electro y Tecno,modelo_producto
3025,1944,gucci guilty,Salud y Belleza,categoria_generica
3026,11095,juego de mesa pictionary,Bebes y Niños,modelo_producto
3027,11287,plancha atma smart temp,Salud y Belleza,modelo_producto
3028,9099,memoria sandisk,Electro y Tecno,categoria_generica
3029,6529,motorola edge 40 neo características,Electro y Tecno,modelo_producto
3030,9382,termo broksol,"Muebles, Hogar y Deco",categoria_generica
3031,7686,cepillo gama keration 3d,Electro y Tecno,modelo_producto
3032,6259,teclado philips,Electro y Tecno,categoria_marca
3033,5717,fundas cobertores y films,Electro y Tecno,categoria_generica
3034,4983,luz de emergencia led recargable,"Muebles, Hogar y Deco",modelo_producto
3035,788,motorola moto g84 5g,Electro y Tecno,modelo_producto
3036,4756,dhea 50 mg,Electro y Tecno,categoria_generica
3037,5775,batidora de pie peabody,Electro y Tecno,modelo_producto
3038,5036,robot para piletas,"Muebles, Hogar y Deco",categoria_generica
3039,6282,wacom cintiq,Electro y Tecno,categoria_generica
3040,6056,juguete hamaca montessori,Bebes y Niños,categoria_generica
3041,7816,exo smart xq3h,Electro y Tecno,categoria_atributo
3042,10343,nitro 5 acer,Electro y Tecno,modelo_producto
3043,9855,serrucho metal,Deporte y Fitness,categoria_generica
3044,2485,femme perfume,Salud y Belleza,categoria_generica
3045,2852,tv hitachi 32,Electro y Tecno,categoria_generica
3046,10010,ray-ban aviator classic,Electro y Tecno,modelo_producto
3047,9564,casco para niños moto,Autos y Motos,modelo_producto
3048,7565,radio vintage bluetooth,Bebes y Niños,categoria_atributo
3049,9059,anafe gadnic,Electro y Tecno,categoria_marca
3050,4388,colchon inflable para auto,"Muebles, Hogar y Deco",modelo_producto
3051,10730,saca callos,Electro y Tecno,categoria_generica
3052,8286,monopoly seleccion,"Muebles, Hogar y Deco",categoria_generica
3053,1557,samsung galaxy celular a15,Electro y Tecno,modelo_producto
3054,5916,zapatillas 42,Indumentaria y Calzado,categoria_generica
3055,7262,base de notebook,Electro y Tecno,categoria_generica
3056,3465,lg monitor 20 pulgadas,Electro y Tecno,modelo_producto
3057,3074,asus tuf gaming b450m-plus ii,Electro y Tecno,modelo_producto
3058,1044,cafetera de capsulas,Electro y Tecno,categoria_generica
3059,3233,armario portatil,Electro y Tecno,categoria_atributo
3060,2886,griferia de bidet,"Muebles, Hogar y Deco",categoria_generica
3061,2178,samsung galaxy j1 ace,Electro y Tecno,modelo_producto
3062,3863,figura funko pop disney,Bebes y Niños,modelo_producto
3063,2986,afeitadora philips serie 5000,Salud y Belleza,modelo_producto
3064,1361,juego hdp,Bebes y Niños,categoria_generica
3065,1175,dermaglos corporal,Salud y Belleza,categoria_generica
3066,6763,serrapep x 30,Electro y Tecno,categoria_generica
3067,6627,heladera philco ciclica,Electro y Tecno,categoria_marca
3068,4385,rack para tv colgante,"Muebles, Hogar y Deco",modelo_producto
3069,1410,lenovo tablet con teclado y lapiz,Electro y Tecno,modelo_producto
3070,5495,tablet exo wave,Electro y Tecno,categoria_generica
3071,12422,lenovo t480s,Electro y Tecno,modelo_producto
3072,4443,corbata de river,"Muebles, Hogar y Deco",categoria_generica
3073,4928,panel vitroceramico,Electro y Tecno,categoria_generica
3074,12322,freidora de aire mondial,Electro y Tecno,modelo_producto
3075,9890,moto g52,Electro y Tecno,categoria_generica
3076,5804,lenovo tab 10,Electro y Tecno,modelo_producto
3077,5935,cocina florencia electrica,Electro y Tecno,categoria_atributo
3078,3047,bicicleta moove,Deporte y Fitness,categoria_generica
3079,4508,gazebo para auto,Autos y Motos,categoria_generica
3080,7035,lenovo tab p12 pro,Electro y Tecno,modelo_producto
3081,8894,parlante jbl xtreme,Electro y Tecno,categoria_marca
3082,5652,shaver babyliss,Salud y Belleza,categoria_generica
3083,953,nintendo wii,Electro y Tecno,categoria_generica
3084,10933,carpeta de harry potter,Indumentaria y Calzado,modelo_producto
3085,5051,lampara articulada,"Muebles, Hogar y Deco",categoria_generica
3086,9251,colchon meyer 2 plazas,"Muebles, Hogar y Deco",modelo_producto
3087,9736,juguete puerta izquierda,Bebes y Niños,categoria_generica
3088,11686,sony playstation 5 gran turismo bundle,Electro y Tecno,modelo_producto
3089,10521,ojotas kappa hombre,Electro y Tecno,categoria_generica
3090,2729,bicicleta rodado 12 varon,Deporte y Fitness,categoria_atributo
3091,9716,juguete agujereadora de mesa,Electro y Tecno,modelo_producto
3092,6636,huion inspiroy h640p,Electro y Tecno,categoria_generica
3093,20,iphone 14 pro,Electro y Tecno,modelo_producto
3094,9378,waterdog obus,"Muebles, Hogar y Deco",categoria_generica
3095,10270,notebook vaio i3,Electro y Tecno,categoria_generica
3096,11037,silla gamer kanji,"Muebles, Hogar y Deco",categoria_atributo
3097,6330,talle 38,Indumentaria y Calzado,categoria_generica
3098,2748,freidora de aire atma 6.5 litros,Electro y Tecno,modelo_producto
3099,2223,convertidor smart tv,Electro y Tecno,categoria_atributo
3100,4136,samsung galaxy celular,Electro y Tecno,categoria_marca
3101,1965,hoverboards,Deporte y Fitness,modelo_producto
3102,9624,rifle nitro piston gamo,Bebes y Niños,modelo_producto
3103,9514,plancha peabody a vapor,Salud y Belleza,modelo_producto
3104,8316,bahiut vajillero cerrado melamina 3,"Muebles, Hogar y Deco",modelo_producto
3105,12154,notebook iqual nq4x,Electro y Tecno,categoria_generica
3106,8363,juicy couture perfume,Salud y Belleza,categoria_generica
3107,9492,afeitadora philco titanium,Salud y Belleza,categoria_marca
3108,7889,hp 2545 cartucho,Electro y Tecno,modelo_producto
3109,1497,waterdog termo,"Muebles, Hogar y Deco",categoria_generica
3110,4893,tablet pcbox,Electro y Tecno,categoria_generica
3111,7698,lavarropas enova carga superior,Electro y Tecno,modelo_producto
3112,9759,figura funko bts,Bebes y Niños,categoria_generica
3113,7688,tv philips 49 pulgadas,Electro y Tecno,modelo_producto
3114,6739,hacha de mano,Electro y Tecno,categoria_generica
3115,11731,xiaomi redmi watch lite 2,Electro y Tecno,modelo_producto
3116,7223,kiwi ears,Electro y Tecno,categoria_generica
3117,4188,minicomponente noblex,Electro y Tecno,categoria_marca
3118,2667,monocomando para baño,"Muebles, Hogar y Deco",categoria_generica
3119,8607,mini cooper,Deporte y Fitness,categoria_generica
3120,11744,montura para caño de gas 3/4,Electro y Tecno,modelo_producto
3121,10328,horno electrico con anafe,Electro y Tecno,categoria_atributo
3122,5989,porcelanato,"Muebles, Hogar y Deco",modelo_producto
3123,291,cocina florencia,Electro y Tecno,categoria_generica
3124,12999,perfume alvear mujer,Salud y Belleza,categoria_generica
3125,6092,xiaomi mi tv box s,Electro y Tecno,modelo_producto
3126,4242,lavarropas siam,Electro y Tecno,categoria_generica
3127,6639,noblex 60 pulgadas,Electro y Tecno,modelo_producto
3128,10709,escritorio de melamina,"Muebles, Hogar y Deco",categoria_generica
3129,4552,juguete monopatin plastico,Bebes y Niños,categoria_generica
3130,1843,smartwatch x7,Electro y Tecno,categoria_generica
3131,1286,nokia 5.1 plus,Electro y Tecno,modelo_producto
3132,12289,funda transparente iphone x,Electro y Tecno,modelo_producto
3133,1570,sony dualsense edge,Electro y Tecno,categoria_marca
3134,12446,protector para heladeras,Electro y Tecno,categoria_generica
3135,9299,colchon atma en caja,"Muebles, Hogar y Deco",modelo_producto
3136,8510,muñeco peluche de hulk,Bebes y Niños,modelo_producto
3137,8333,nebulizador san up 3058,Salud y Belleza,modelo_producto
3138,6619,pava electrica cuisinart,Electro y Tecno,categoria_atributo
3139,12140,maquina de coser jaguar,Electro y Tecno,modelo_producto
3140,10503,alcatel 1 ultra,Electro y Tecno,categoria_generica
3141,9451,manguera con enrollador,"Muebles, Hogar y Deco",categoria_generica
3142,4134,remington shine therapy,Salud y Belleza,categoria_generica
3143,11431,aire acondicionado bgh ventana,Electro y Tecno,modelo_producto
3144,6793,talle 36,Indumentaria y Calzado,categoria_generica
3145,2431,disco solido,Electro y Tecno,categoria_generica
3146,1846,planchita profesional,Salud y Belleza,categoria_atributo
3147,2540,secarropas drean 9 kg,Electro y Tecno,modelo_producto
3148,12425,lavatorio discapacitados,Electro y Tecno,categoria_generica
3149,4005,extractor cocina sin salida,Electro y Tecno,modelo_producto
3150,4411,lampara mata mosquitos,"Muebles, Hogar y Deco",categoria_generica
3151,1673,cocina atma,Electro y Tecno,categoria_marca
3152,6943,juguete joie mirus,Bebes y Niños,categoria_generica
3153,12497,antiparras de agua,Electro y Tecno,categoria_generica
3154,9250,mesada de acero inoxidable con bacha easy,"Muebles, Hogar y Deco",modelo_producto
3155,12052,amazfit gtr 4 características,Electro y Tecno,modelo_producto
3156,7634,pelota de gimnasia,Deporte y Fitness,categoria_generica
3157,11975,tablet admiral 7 pulgadas,Electro y Tecno,categoria_atributo
3158,10403,tv 43 bgh,Electro y Tecno,modelo_producto
3159,12478,smartwatch k22,Electro y Tecno,categoria_generica
3160,6866,limpieza y exfoliacion,Salud y Belleza,categoria_generica
3161,2107,colchones y sommiers,"Muebles, Hogar y Deco",categoria_generica
3162,2199,iphone 15 pink,Electro y Tecno,modelo_producto
3163,1473,panel ranurado,Electro y Tecno,categoria_generica
3164,188,motorola moto g04,Electro y Tecno,modelo_producto
3165,2170,memorias para celulares,Electro y Tecno,categoria_generica
3166,4573,bicicleta sunny rodado 29,Deporte y Fitness,categoria_atributo
3167,6758,iphone celular,Electro y Tecno,categoria_marca
3168,10013,lg all in one,Electro y Tecno,modelo_producto
3169,3747,changuito de compras reforzado,"Muebles, Hogar y Deco",modelo_producto
3170,6167,reloj curren hombre,Electro y Tecno,categoria_generica
3171,10958,piletas de fibra,"Muebles, Hogar y Deco",categoria_generica
3172,9751,juguete tobogan rondi,Bebes y Niños,categoria_generica
3173,11918,aire acondicionado hisense 2750,Electro y Tecno,modelo_producto
3174,10080,juguete pistola de agua glock,Bebes y Niños,modelo_producto
3175,11281,ma vie hugo boss,Salud y Belleza,modelo_producto
3176,7779,soporte tele 50 pulgadas,Electro y Tecno,categoria_atributo
3177,6261,skullcandy crusher,Electro y Tecno,categoria_generica
3178,6544,conversor de audio digital a analógico,Electro y Tecno,modelo_producto
3179,11338,perfume altai,Salud y Belleza,categoria_generica
3180,2864,soporte auriculares,Electro y Tecno,categoria_generica
3181,4666,lavarropas electrolux 7 kg,Electro y Tecno,modelo_producto
3182,11598,cinta randers arg 500,Deporte y Fitness,modelo_producto
3183,1036,caja de tubos,"Muebles, Hogar y Deco",categoria_generica
3184,667,motorola moto e,Electro y Tecno,categoria_marca
3185,10189,pilas para balanza digital de baño,Electro y Tecno,modelo_producto
3186,8765,zte a5 2020,Electro y Tecno,categoria_generica
3187,2917,crique botella,Autos y Motos,categoria_generica
3188,8149,mochila kanken,Indumentaria y Calzado,categoria_generica
3189,8190,piero foam 2 plazas,"Muebles, Hogar y Deco",modelo_producto
3190,11860,samsung galaxy sm-g990ezwaaro,Electro y Tecno,modelo_producto
3191,8015,recarga magiclick,Electro y Tecno,categoria_generica
3192,9848,boxeo musical,Deporte y Fitness,categoria_generica
3193,2567,aspiradora 2 en 1,Electro y Tecno,modelo_producto
3194,8289,copas bohemia,"Muebles, Hogar y Deco",categoria_generica
3195,8677,smart tv hyundai 43,Electro y Tecno,categoria_atributo
3196,11506,muñeca isabela encanto,Bebes y Niños,categoria_generica
3197,12249,heladera lacar 2220,Electro y Tecno,categoria_generica
3198,626,mate system stanley,"Muebles, Hogar y Deco",categoria_marca
3199,525,motorola e20,Electro y Tecno,modelo_producto
3200,9506,diesel perfume hombre,Salud y Belleza,categoria_generica
3201,4227,caloventor everest,Electro y Tecno,categoria_generica
3202,12346,samsung ep ta800,Electro y Tecno,modelo_producto
3203,742,aspiradora electrolux,Electro y Tecno,categoria_marca
3204,5172,radios reloj,Electro y Tecno,categoria_generica
3205,5430,samsung galaxy grand neo plus,Electro y Tecno,modelo_producto
3206,9215,power bank para mochila,Indumentaria y Calzado,modelo_producto
3207,11239,toallas para peluqueria,"Muebles, Hogar y Deco",categoria_generica
3208,3272,mochila para inodoro plastico,"Muebles, Hogar y Deco",modelo_producto
3209,7853,lg gram 14,Electro y Tecno,modelo_producto
3210,12847,cocina domec cxulev,Electro y Tecno,categoria_generica
3211,3864,torre de control paw patrol,Bebes y Niños,modelo_producto
3212,2987,hugo boss dark blue,Salud y Belleza,modelo_producto
3213,2200,sol de noche a gas,Electro y Tecno,modelo_producto
3214,6186,steelseries apex pro,Electro y Tecno,categoria_generica
3215,11828,parrilla eléctrica black+decker,Electro y Tecno,categoria_atributo
3216,591,espejo hollywood,"Muebles, Hogar y Deco",categoria_generica
3217,1218,redmi 10,Electro y Tecno,modelo_producto
3218,1713,juguete playmobil muñecos,Bebes y Niños,categoria_generica
3219,6423,shampoo para psoriasis,Salud y Belleza,categoria_generica
3220,10370,hyperx fps pro,Electro y Tecno,categoria_generica
3221,8978,exprimidor eléctrico philips,Electro y Tecno,categoria_marca
3222,6138,anafe whirlpool 5 hornallas,Electro y Tecno,modelo_producto
3223,6341,mueble sobre inodoro madera,"Muebles, Hogar y Deco",modelo_producto
3224,5535,heladera beko,Electro y Tecno,categoria_generica
3225,7758,tostadora daewoo 4 panes,Electro y Tecno,modelo_producto
3226,9342,placard 2 puertas,"Muebles, Hogar y Deco",categoria_generica
3227,3167,escorial master classic,Electro y Tecno,categoria_generica
3228,7892,hp chromebook 14,Electro y Tecno,modelo_producto
3229,3048,bicicleta inglesa,Deporte y Fitness,categoria_generica
3230,5549,celular pcd,Electro y Tecno,categoria_generica
3231,5591,campera xl hombre,Indumentaria y Calzado,categoria_generica
3232,2816,lenovo v15 g4,Electro y Tecno,modelo_producto
3233,11101,cocina electrica fagor,Electro y Tecno,categoria_atributo
3234,12222,acer aspire vero,Electro y Tecno,categoria_marca
3235,8432,control remoto porton automatico,Electro y Tecno,modelo_producto
3236,6257,magic bullet,Electro y Tecno,categoria_generica
3237,8374,perfume bolso,Salud y Belleza,categoria_generica
3238,2469,pileta bestway,"Muebles, Hogar y Deco",categoria_generica
3239,5411,peluche chattermax,Bebes y Niños,categoria_generica
3240,7740,escritorio regulable en altura manual,"Muebles, Hogar y Deco",modelo_producto
3241,10385,samsung sm t500,Electro y Tecno,modelo_producto
3242,10251,ipad air 2020,Electro y Tecno,categoria_generica
3243,2788,lenovo ideapad gaming 3,Electro y Tecno,modelo_producto
3244,3066,jarras purificadoras,Electro y Tecno,categoria_generica
3245,1717,bicicleta futura rodado 29,Deporte y Fitness,categoria_atributo
3246,6904,mini cooper a bateria,Bebes y Niños,modelo_producto
3247,5993,depiladora philips serie 8000,Salud y Belleza,modelo_producto
3248,7064,heladera exhibidora bajo mesada,Electro y Tecno,modelo_producto
3249,569,organizador de zapatos,"Muebles, Hogar y Deco",categoria_generica
3250,567,rtx 5060,Electro y Tecno,categoria_generica
3251,9888,dvd portatil,Electro y Tecno,categoria_atributo
3252,8733,licuadora yelmo lc 1010,Electro y Tecno,modelo_producto
3253,6276,waflera liliana,Electro y Tecno,categoria_marca
3254,2328,funda notebooks,Electro y Tecno,categoria_generica
3255,956,duaitek,Electro y Tecno,modelo_producto
3256,13003,cacharel pour homme,Salud y Belleza,categoria_generica
3257,8315,mochilita,"Muebles, Hogar y Deco",modelo_producto
3258,1281,iphone 16 pro desert,Electro y Tecno,modelo_producto
3259,10263,lapiz 3d impresora,Electro y Tecno,categoria_generica
3260,5080,estanteria nordica,"Muebles, Hogar y Deco",categoria_generica
3261,11248,guitarra inflable,Bebes y Niños,categoria_generica
3262,11875,samsung galaxy sm-a346mzkbaro,Electro y Tecno,modelo_producto
3263,1603,hidrolavadora bosch,Electro y Tecno,categoria_generica
3264,3842,inflador de auto portatil,Autos y Motos,categoria_atributo
3265,12433,autoestereo noblex,Autos y Motos,categoria_marca
3266,5412,mochilas de camping,Deporte y Fitness,categoria_generica
3267,9818,mesa plegable gadnic,Deporte y Fitness,categoria_marca
3268,5416,kit de directv prepago,Deporte y Fitness,modelo_producto
3269,2925,buzo topper hombre,Indumentaria y Calzado,categoria_marca
3270,10999,bidon termico 5 litros,"Muebles, Hogar y Deco",categoria_atributo
3271,4201,samsung a03s,Electro y Tecno,modelo_producto
3272,12094,tv skyworth 43,Electro y Tecno,categoria_generica
3273,5824,soup maker atma,Electro y Tecno,categoria_marca
3274,6532,aspiradora inalambrica black and decker,Electro y Tecno,categoria_atributo
3275,6363,pillow 2 plazas,"Muebles, Hogar y Deco",categoria_generica
3276,655,motorola moto edge 50 pro,Electro y Tecno,modelo_producto
3277,3935,conservadora grande,Electro y Tecno,categoria_generica
3278,10988,escalera de aluminio 6 escalones,"Muebles, Hogar y Deco",modelo_producto
3279,9512,garnier liso coco,Salud y Belleza,categoria_generica
3280,5769,monitor gadnic 24,Electro y Tecno,modelo_producto
3281,9233,billetera head,Indumentaria y Calzado,categoria_generica
3282,10491,batidora yelmo planetaria,Electro y Tecno,categoria_generica
3283,619,motorola e6s,Electro y Tecno,modelo_producto
3284,4569,revolver de juguete,Bebes y Niños,categoria_generica
3285,1677,balanza de cocina,"Muebles, Hogar y Deco",categoria_generica
3286,4862,apilador manual,Electro y Tecno,categoria_generica
3287,7846,samsung galaxy a03,Electro y Tecno,modelo_producto
3288,1104,juguete microscopio para niños,Bebes y Niños,modelo_producto
3289,479,tom ford ombre leather,Salud y Belleza,modelo_producto
3290,10210,usb c samsung,Electro y Tecno,categoria_marca
3291,12156,llave de paso polipropileno,Electro y Tecno,modelo_producto
3292,2065,crocs mujer,Electro y Tecno,categoria_generica
3293,11827,pava electrica vintage oster,Electro y Tecno,categoria_atributo
3294,10166,celular kodak seren d55l,Electro y Tecno,modelo_producto
3295,9946,sarten acero inoxidable 18/10,"Muebles, Hogar y Deco",modelo_producto
3296,7505,estereo panacom,Autos y Motos,categoria_generica
3297,9088,soporte tv,Electro y Tecno,categoria_generica
3298,494,maquillador hollywood,"Muebles, Hogar y Deco",categoria_generica
3299,6422,guerlain shalimar,Salud y Belleza,categoria_generica
3300,9975,iphone 14 pro max oro,Electro y Tecno,modelo_producto
3301,4806,maquina de ruido,Electro y Tecno,categoria_generica
3302,7025,smart tv sony 55 pulgadas,Electro y Tecno,modelo_producto
3303,7253,tapa de tomacorriente,Electro y Tecno,categoria_generica
3304,481,sogas para saltar,Deporte y Fitness,categoria_generica
3305,10201,samsung galaxy a13,Electro y Tecno,modelo_producto
3306,8449,coche peg perego,Bebes y Niños,categoria_generica
3307,8002,mouse samsung,Electro y Tecno,categoria_marca
3308,11187,sillon coleman,"Muebles, Hogar y Deco",categoria_generica
3309,6699,sopladora de hojas,Electro y Tecno,categoria_generica
3310,12270,rollo de empapelado para pared,Electro y Tecno,modelo_producto
3311,9602,aire acondicionado 6800 frigorias,Electro y Tecno,categoria_atributo
3312,12863,tablas de picar plasticas,"Muebles, Hogar y Deco",modelo_producto
3313,11743,samsung galaxy s20 fe mint,Electro y Tecno,modelo_producto
3314,12919,mouse con luces,Electro y Tecno,categoria_generica
3315,2988,plancha lizze extreme,Salud y Belleza,categoria_generica
3316,10330,fabrica de pastas gadnic,Electro y Tecno,modelo_producto
3317,4423,carrito de playa,"Muebles, Hogar y Deco",categoria_generica
3318,7199,auriculares xbox,Electro y Tecno,categoria_generica
3319,3984,samsung galaxy note 20 ultra,Electro y Tecno,modelo_producto
3320,10780,pad rgb,Electro y Tecno,categoria_generica
3321,9610,bolso transportador de mascotas para cabina,Bebes y Niños,modelo_producto
3322,9483,secador de pelo gama eleganza,Salud y Belleza,modelo_producto
3323,10282,pava electrica philips,Electro y Tecno,categoria_marca
3324,5917,mochila everlast,Indumentaria y Calzado,categoria_generica
3325,11867,rb 4305 erika highstreet,Electro y Tecno,modelo_producto
3326,9792,bici lamborghini rodado 26,Deporte y Fitness,categoria_atributo
3327,750,torre de sonido,Electro y Tecno,categoria_generica
3328,11550,nuna rava butaca,Bebes y Niños,categoria_generica
3329,2444,campera de pluma mujer,Indumentaria y Calzado,modelo_producto
3330,9365,almohada inflable camping,"Muebles, Hogar y Deco",categoria_generica
3331,12814,termo y mate lumilagro,"Muebles, Hogar y Deco",modelo_producto
3332,10901,mamibot,Electro y Tecno,modelo_producto
3333,6346,termo saiar 80 litros,Electro y Tecno,categoria_atributo
3334,12578,lumina point,Electro y Tecno,categoria_generica
3335,1767,caloventor liliana de pared,Electro y Tecno,modelo_producto
3336,4480,gymnema sylvestre,Salud y Belleza,categoria_generica
3337,4902,calefactor calden,Electro y Tecno,categoria_generica
3338,4610,digitales,Electro y Tecno,modelo_producto
3339,2963,mueble flotante,"Muebles, Hogar y Deco",categoria_generica
3340,8772,e reader noblex,Electro y Tecno,categoria_marca
3341,2701,pantalla multimedia para auto,Autos y Motos,modelo_producto
3342,1742,asus rog zephyrus g14,Electro y Tecno,modelo_producto
3343,10208,cosori air fryer,Electro y Tecno,categoria_generica
3344,8598,mini home,Deporte y Fitness,categoria_generica
3345,7714,samsung crystal uhd 75,Electro y Tecno,modelo_producto
3346,8181,caja de herramientas silver shadow,"Muebles, Hogar y Deco",modelo_producto
3347,10858,sky energy,Electro y Tecno,categoria_generica
3348,540,motorola moto edge 30 fusion,Electro y Tecno,modelo_producto
3349,4118,cortadora de césped eléctrica,Electro y Tecno,categoria_atributo
3350,3026,juguete handy radio,Bebes y Niños,categoria_generica
3351,7332,mochila inodoro roca,"Muebles, Hogar y Deco",categoria_generica
3352,10407,steelseries apex 3,Electro y Tecno,categoria_generica
3353,4571,reels,Deporte y Fitness,modelo_producto
3354,10025,asus vivobook ryzen 5,Electro y Tecno,modelo_producto
3355,1932,caladryl cuidados intensivos,Salud y Belleza,categoria_generica
3356,6926,juguete emulador retro,Electro y Tecno,categoria_generica
3357,1518,control remoto aire acondicionado,Electro y Tecno,modelo_producto
3358,6211,lavasecarropas philco predicta,Electro y Tecno,categoria_marca
3359,11535,juguete muñeco de foxy,Bebes y Niños,modelo_producto
3360,13059,perfume jacomo jacomo eau parfum,Salud y Belleza,modelo_producto
3361,9021,minicomponente pioneer,Electro y Tecno,categoria_generica
3362,8718,hp desmalezadora gamma 55cc,Electro y Tecno,modelo_producto
3363,1905,termómetro de cocina,"Muebles, Hogar y Deco",categoria_generica
3364,9330,pileta esquinera para cocina,"Muebles, Hogar y Deco",modelo_producto
3365,4121,ventilador de pie peabody,Electro y Tecno,modelo_producto
3366,12090,inelro mt 400,Electro y Tecno,categoria_generica
3367,10216,telefono inalambrico siemens,Electro y Tecno,categoria_atributo
3368,9612,joystick con juegos incorporados para tv,Electro y Tecno,modelo_producto
3369,12713,kappa mantua,Indumentaria y Calzado,categoria_generica
3370,6203,morral hombre deportivo,Electro y Tecno,categoria_generica
3371,1165,carcassonne juego,Bebes y Niños,categoria_generica
3372,1344,smartwatch reloj inteligente h20 negro,Electro y Tecno,modelo_producto
3373,7461,colchon caja,"Muebles, Hogar y Deco",categoria_generica
3374,5130,biotherm homme,Salud y Belleza,categoria_generica
3375,1387,dji air 3s,Electro y Tecno,categoria_generica
3376,8919,jbl endurance run,Electro y Tecno,categoria_marca
3377,11953,parlante gadnic xtreme 99,Electro y Tecno,modelo_producto
3378,12960,tv feelnology,Electro y Tecno,categoria_generica
3379,11651,conservadora retro,Deporte y Fitness,categoria_generica
3380,7030,samsung neo qled 43,Electro y Tecno,modelo_producto
3381,9270,a quien elijo juego de mesa,"Muebles, Hogar y Deco",modelo_producto
3382,4309,maletin para notebook,Electro y Tecno,categoria_generica
3383,12909,banquetas metalicas,"Muebles, Hogar y Deco",categoria_generica
3384,4784,columna de ducha exterior,Electro y Tecno,modelo_producto
3385,3135,horno electrico oster,Electro y Tecno,categoria_atributo
3386,1861,mueble microondas,Electro y Tecno,categoria_generica
3387,10881,procesadora liliana am534 star 80422,Electro y Tecno,modelo_producto
3388,5567,aire electrolux,Electro y Tecno,categoria_marca
3389,8000,electrolux 56gxq,Electro y Tecno,modelo_producto
3390,745,perro robot,Electro y Tecno,categoria_generica
3391,11356,symbiose kerastase,Salud y Belleza,categoria_generica
3392,4563,juguete pico goma,Bebes y Niños,categoria_generica
3393,12957,alfombra de alambre,"Muebles, Hogar y Deco",categoria_generica
3394,11826,vidrio templado samsung a13,Electro y Tecno,modelo_producto
3395,9614,camioneta a control remoto 4x4,Bebes y Niños,modelo_producto
3396,9485,vaporizador de prendas atma,Salud y Belleza,modelo_producto
3397,6695,monitor portable,Electro y Tecno,categoria_generica
3398,12842,tabla inflable con remo,"Muebles, Hogar y Deco",modelo_producto
3399,6900,monster jam zombie,Autos y Motos,categoria_generica
3400,4032,cafetera genio s plus,Electro y Tecno,modelo_producto
3401,10416,joystick camuflado ps4,Electro y Tecno,categoria_generica
3402,11675,smartwatch innjoo lady eqis r silver ip68,Electro y Tecno,modelo_producto
3403,6975,bicicleta enrique rodado 29,Deporte y Fitness,categoria_atributo
3404,11247,cama extensible,"Muebles, Hogar y Deco",categoria_generica
3405,10004,tv pioneer 42 pulgadas,Electro y Tecno,categoria_atributo
3406,8068,guarda llaves,Electro y Tecno,categoria_generica
3407,7182,lenovo legion 7,Electro y Tecno,modelo_producto
3408,8982,samsung dex station,Electro y Tecno,categoria_marca
3409,532,cocina orbis,Electro y Tecno,categoria_generica
3410,4523,consola retro 10000 juegos,Electro y Tecno,modelo_producto
3411,8897,lanvin l'homme,Salud y Belleza,categoria_generica
3412,12669,mochila termica conservadora,Indumentaria y Calzado,categoria_generica
3413,12782,sillon plastico simil ratan,"Muebles, Hogar y Deco",modelo_producto
3414,1521,juguete mega baby,Bebes y Niños,categoria_generica
3415,4141,dell latitude 3410,Electro y Tecno,modelo_producto
3416,12471,foxbox mood,Electro y Tecno,categoria_generica
3417,8600,mini cat,Deporte y Fitness,categoria_generica
3418,11154,zapatero extensible,"Muebles, Hogar y Deco",categoria_generica
3419,6656,pistola de agua spiderman,Electro y Tecno,modelo_producto
3420,2059,ipad 10,Electro y Tecno,categoria_generica
3421,4146,batidora de mano atma,Electro y Tecno,modelo_producto
3422,10342,pava electrica ranser,Electro y Tecno,categoria_atributo
3423,2904,auriculares m10,Electro y Tecno,categoria_generica
3424,676,parlante noblex,Electro y Tecno,categoria_marca
3425,1747,heladera lg doble puerta,Electro y Tecno,modelo_producto
3426,1911,canilla para baño,"Muebles, Hogar y Deco",categoria_generica
3427,3649,pendrive kingston,Electro y Tecno,categoria_generica
3428,7068,sony auriculares extra bass,Electro y Tecno,modelo_producto
3429,12057,planchita gama 4d,Salud y Belleza,categoria_generica
3430,6234,cepillo philips,Salud y Belleza,categoria_marca
3431,11097,set de marcadores y colores,"Muebles, Hogar y Deco",modelo_producto
3432,9608,figura funko pop de bts,Bebes y Niños,modelo_producto
3433,9482,paquete eucerin crema de manos,Salud y Belleza,modelo_producto
3434,2728,bici sin pedales para niños,Deporte y Fitness,modelo_producto
3435,10550,reloj smartwatch,Electro y Tecno,categoria_generica
3436,5464,samsung 75 qled,Electro y Tecno,modelo_producto
3437,6806,silla gamer con apoya pies,"Muebles, Hogar y Deco",categoria_atributo
3438,6060,juguete nenino,Bebes y Niños,categoria_generica
3439,9038,escritorio manicura,"Muebles, Hogar y Deco",categoria_generica
3440,895,cable sata,Electro y Tecno,categoria_generica
3441,7781,cava philco 52 botellas,Electro y Tecno,modelo_producto
3442,1837,pava peabody,Electro y Tecno,categoria_marca
3443,4023,calefactor emege sin salida,Electro y Tecno,modelo_producto
3444,9174,ventilador industrial,Electro y Tecno,categoria_atributo
3445,5263,figura turbo man,Electro y Tecno,categoria_generica
3446,8788,cuchilla picadora de carne,Electro y Tecno,modelo_producto
3447,10835,reloj nictom,Electro y Tecno,categoria_generica
3448,4943,mochila chimola con carro,Indumentaria y Calzado,modelo_producto
3449,11215,banquetas blancas,"Muebles, Hogar y Deco",categoria_generica
3450,4387,rack tv con ruedas,"Muebles, Hogar y Deco",modelo_producto
3451,13017,dove real shampoo,Salud y Belleza,categoria_generica
3452,3110,funda transparente iphone 13,Electro y Tecno,modelo_producto
3453,8596,barra de melamina,Deporte y Fitness,categoria_generica
3454,12085,consola kanji pocket,Electro y Tecno,categoria_generica
3455,12097,dell inspiron i7,Electro y Tecno,modelo_producto
3456,4414,florencia 5558,Electro y Tecno,categoria_generica
3457,12703,lcs r850,Indumentaria y Calzado,categoria_generica
3458,1765,lenovo thinkpad t14,Electro y Tecno,modelo_producto
3459,4138,muñecas beautiful home,Bebes y Niños,categoria_generica
3460,5840,lenovo chromebook,Electro y Tecno,categoria_marca
3461,12716,luces de navidad,"Muebles, Hogar y Deco",categoria_generica
3462,502,cafetera volturno,Electro y Tecno,categoria_generica
3463,6189,horno electrico vintage,Electro y Tecno,categoria_atributo
3464,7882,rejilla de patio 20x20,Electro y Tecno,modelo_producto
3465,5457,philco aire portatil frio,Electro y Tecno,modelo_producto
3466,2385,realme note 60,Electro y Tecno,categoria_generica
3467,884,sarten de acero inoxidable,"Muebles, Hogar y Deco",modelo_producto
3468,11340,creatina spx,Salud y Belleza,categoria_generica
3469,8498,tazas de te con plato,Bebes y Niños,modelo_producto
3470,8331,secador de pelo para rulos bellissima,Salud y Belleza,modelo_producto
3471,929,dji osmo pocket 4,Electro y Tecno,modelo_producto
3472,6251,aspiradora ciclonica,Electro y Tecno,categoria_generica
3473,1887,sofa cama,"Muebles, Hogar y Deco",categoria_generica
3474,1551,calefactor emege tiro balanceado,Electro y Tecno,modelo_producto
3475,2171,cafetera manual,Electro y Tecno,categoria_generica
3476,1329,lavasecarropas whirlpool,Electro y Tecno,categoria_marca
3477,11254,stanley nightfall,"Muebles, Hogar y Deco",categoria_marca
3478,3093,samsung galaxy buds 3,Electro y Tecno,modelo_producto
3479,10462,auriculares qcy t13,Electro y Tecno,categoria_generica
3480,6449,juguete muñecos trolls,Bebes y Niños,categoria_generica
3481,12813,cocina electrica ultracomb,Electro y Tecno,categoria_atributo
3482,8859,xiaomi haylou gt6,Electro y Tecno,modelo_producto
3483,6364,termo waterdog 750,"Muebles, Hogar y Deco",categoria_generica
3484,7601,bici motomel rodado 29,Deporte y Fitness,categoria_atributo
3485,9303,silla de oficina tela,"Muebles, Hogar y Deco",modelo_producto
3486,5579,exo netbook,Electro y Tecno,categoria_generica
3487,10040,dell inspiron 15 3511,Electro y Tecno,modelo_producto
3488,11352,afeitadora winco,Salud y Belleza,categoria_generica
3489,7632,mini metegol,Deporte y Fitness,categoria_generica
3490,12579,anafe sansei,Electro y Tecno,categoria_generica
3491,5184,auriculares jbl tune flex,Electro y Tecno,modelo_producto
3492,4195,impresora hp,Electro y Tecno,categoria_marca
3493,11170,termo soprano,"Muebles, Hogar y Deco",categoria_generica
3494,5509,xiaomi reloj con pantalla,Electro y Tecno,modelo_producto
3495,12434,ventilador vitta,Electro y Tecno,categoria_generica
3496,2708,steelseries arctis nova pro wireless,Electro y Tecno,modelo_producto
3497,4271,comandera termica,Electro y Tecno,categoria_generica
3498,5192,pava electrica smart tek,Electro y Tecno,categoria_atributo
3499,3807,matelaseado,"Muebles, Hogar y Deco",modelo_producto
3500,874,lenovo ideapad slim 3,Electro y Tecno,modelo_producto
3501,12715,mochila ladybug,Indumentaria y Calzado,categoria_generica
3502,9662,mesa hierro exterior,Bebes y Niños,categoria_generica
3503,8414,aspiradora de auto,Autos y Motos,categoria_generica
3504,1147,realme c61,Electro y Tecno,categoria_generica
3505,11191,respaldo de melamina,"Muebles, Hogar y Deco",categoria_generica
3506,615,motorola g04s,Electro y Tecno,modelo_producto
3507,7516,auto control remoto todo terreno,Bebes y Niños,modelo_producto
3508,6549,babyliss maquina de cortar pelo,Salud y Belleza,modelo_producto
3509,3808,mantas termicas,Salud y Belleza,categoria_generica
3510,12601,tcl 6127a,Electro y Tecno,categoria_generica
3511,875,xiaomi redmi celular a1,Electro y Tecno,modelo_producto
3512,4821,aspiradora philips,Electro y Tecno,categoria_marca
3513,9037,gopro max,Electro y Tecno,categoria_generica
3514,12243,iphone 8 space,Electro y Tecno,modelo_producto
3515,5050,juego vajilla,"Muebles, Hogar y Deco",categoria_generica
3516,8559,protector de tension para tv,Deporte y Fitness,modelo_producto
3517,8941,celular samsung a5,Electro y Tecno,modelo_producto
3518,9883,mochilas y estuches,Electro y Tecno,categoria_generica
3519,4341,alacenas,"Muebles, Hogar y Deco",modelo_producto
3520,5445,freezer horizontal 400 litros,Electro y Tecno,categoria_atributo
3521,9214,mochila chimola 18 pulgadas,Indumentaria y Calzado,categoria_atributo
3522,695,motorola edge 30 fusion,Electro y Tecno,modelo_producto
3523,3212,tongkat ali,Electro y Tecno,categoria_generica
3524,2711,camion duravit grande,Bebes y Niños,categoria_generica
3525,490,samsung a37,Electro y Tecno,modelo_producto
3526,6071,bicicleta nordic 29,Deporte y Fitness,categoria_generica
3527,1239,grifería para cocina,"Muebles, Hogar y Deco",categoria_generica
3528,7279,samsung band,Electro y Tecno,categoria_marca
3529,7305,auriculares iem,Electro y Tecno,categoria_generica
3530,1597,cepage protector solar,Salud y Belleza,categoria_generica
3531,5737,iphone 13 pro blue,Electro y Tecno,modelo_producto
3532,8027,ring doorbell,Electro y Tecno,categoria_generica
3533,10224,soporte para tv tgw,Electro y Tecno,modelo_producto
3534,7378,sillon reclinable 2 cuerpos,"Muebles, Hogar y Deco",modelo_producto
3535,5527,kenwood batidora,Electro y Tecno,categoria_generica
3536,761,samsung galaxy j7 neo,Electro y Tecno,modelo_producto
3537,2282,individuales de yute,"Muebles, Hogar y Deco",categoria_generica
3538,11835,horno electrico ranser manual,Electro y Tecno,categoria_atributo
3539,360,nubia music,Electro y Tecno,categoria_generica
3540,2359,celular poco x7 pro,Electro y Tecno,modelo_producto
3541,9621,juguete lego ninjago mech,Bebes y Niños,modelo_producto
3542,9502,aspen nebulizador a piston,Salud y Belleza,modelo_producto
3543,4200,multigroom philips,Electro y Tecno,categoria_marca
3544,12396,peabody br500,Electro y Tecno,modelo_producto
3545,3266,aerografo para pintar,Electro y Tecno,categoria_generica
3546,7580,botines 37 niño,Bebes y Niños,categoria_generica
3547,8209,silla masajeadora homedics,Salud y Belleza,categoria_generica
3548,3704,mochila capea,Indumentaria y Calzado,categoria_generica
3549,1498,biblioteca montessori,"Muebles, Hogar y Deco",categoria_generica
3550,6303,tv box android mxq pro,Electro y Tecno,modelo_producto
3551,1608,minipimer braun,Electro y Tecno,categoria_generica
3552,3404,aire de ventana frio,Electro y Tecno,modelo_producto
3553,11012,caja bajo cama con ruedas,"Muebles, Hogar y Deco",modelo_producto
3554,12837,multiprocesadora winco w1818,Electro y Tecno,categoria_generica
3555,9134,hp 62,Electro y Tecno,modelo_producto
3556,2795,tender de pared plegable,Electro y Tecno,categoria_atributo
3557,6398,cucha de gato,"Muebles, Hogar y Deco",categoria_generica
3558,10628,victrola tocadiscos,Electro y Tecno,categoria_generica
3559,3094,jbl endurance peak 3,Electro y Tecno,modelo_producto
3560,3153,monitor curvo samsung,Electro y Tecno,categoria_marca
3561,6063,bicicleta eurobike rodado 29,Deporte y Fitness,categoria_atributo
3562,8605,soga gruesa,Deporte y Fitness,categoria_generica
3563,10685,auriculares kraken,Electro y Tecno,categoria_generica
3564,12543,lenovo j606f,Electro y Tecno,modelo_producto
3565,7494,caliber masajeador,Salud y Belleza,categoria_generica
3566,1672,rummy burako,Bebes y Niños,categoria_generica
3567,6156,celular motorola g7,Electro y Tecno,modelo_producto
3568,10286,vaio fe15 i7,Electro y Tecno,categoria_generica
3569,6333,jansport,Indumentaria y Calzado,modelo_producto
3570,11155,luces lluvia,"Muebles, Hogar y Deco",categoria_generica
3571,10975,mesa auxiliar de cocina con ruedas,"Muebles, Hogar y Deco",modelo_producto
3572,6564,lenovo notebook con teclado numerico,Electro y Tecno,modelo_producto
3573,2584,auriculares on ear,Electro y Tecno,categoria_generica
3574,8633,horno eléctrico 30 litros medidas,Electro y Tecno,categoria_atributo
3575,11829,entrerrosca 1/2 bronce,Electro y Tecno,modelo_producto
3576,7309,telescopio gadnic,Electro y Tecno,categoria_marca
3577,140,macbook neo,Electro y Tecno,categoria_generica
3578,8530,juguete rompecabezas de perros,Bebes y Niños,modelo_producto
3579,8343,secador de pelo om,Salud y Belleza,modelo_producto
3580,4054,convector liliana cng17,Electro y Tecno,modelo_producto
3581,5637,destornillador allen,"Muebles, Hogar y Deco",categoria_generica
3582,5837,endoscopio para celular,Electro y Tecno,categoria_generica
3583,10172,lenovo i5 ram ssd,Electro y Tecno,modelo_producto
3584,2479,cerave limpiador facial,Salud y Belleza,categoria_generica
3585,1628,aspiradora y trapeadora,Electro y Tecno,categoria_generica
3586,6822,funda para tabla de planchar,"Muebles, Hogar y Deco",modelo_producto
3587,9962,freezer gafa vertical 6 cajones,Electro y Tecno,modelo_producto
3588,11510,juguete mambobaby flotador,Bebes y Niños,categoria_generica
3589,9222,mochila jansport grande,Indumentaria y Calzado,categoria_generica
3590,4313,kodak pixpro,Electro y Tecno,categoria_generica
3591,12475,hp 13,Electro y Tecno,modelo_producto
3592,1904,enrollador de manguera,"Muebles, Hogar y Deco",categoria_generica
3593,8946,auriculares sony vincha,Electro y Tecno,categoria_marca
3594,8203,convertidor de led a smart tv,Electro y Tecno,categoria_atributo
3595,3210,samsung a045m,Electro y Tecno,modelo_producto
3596,1595,ender 3 pro,Electro y Tecno,categoria_generica
3597,7592,cañas,Deporte y Fitness,modelo_producto
3598,6304,altavoz bluetooth portatil jbl charge,Electro y Tecno,modelo_producto
3599,7641,mini snes,Deporte y Fitness,categoria_generica
3600,12233,microsoft xbox one,Electro y Tecno,categoria_generica
3601,4286,sofa gamer,"Muebles, Hogar y Deco",categoria_atributo
3602,4421,teg junior,"Muebles, Hogar y Deco",categoria_generica
3603,10116,microsoft wireless display adapter,Electro y Tecno,modelo_producto
3604,2690,hawas fire,Salud y Belleza,categoria_generica
3605,5986,cajonero,"Muebles, Hogar y Deco",modelo_producto
3606,8291,led 65,Electro y Tecno,categoria_generica
3607,7980,inflador de moto,Autos y Motos,categoria_generica
3608,5767,caloventor bgh 360,Electro y Tecno,modelo_producto
3609,6741,air up,Electro y Tecno,categoria_generica
3610,9705,nerf mega mastodon,Bebes y Niños,categoria_generica
3611,8558,cuello termico topper,Deporte y Fitness,categoria_marca
3612,2224,gadnic freidora de aire,Electro y Tecno,modelo_producto
3613,12083,parlante philips vintage,Electro y Tecno,categoria_marca
3614,3987,pava electrica kanji home,Electro y Tecno,categoria_atributo
3615,8301,biblioteca orlandi,"Muebles, Hogar y Deco",categoria_generica
3616,6600,lavavajillas ariston panelable,Electro y Tecno,categoria_generica
3617,11888,maquina de coser zapatos manual,Electro y Tecno,modelo_producto
3618,4541,juguete binoculares para niños,Bebes y Niños,modelo_producto
3619,4494,aceite batana 100 puro crecimiento,Salud y Belleza,modelo_producto
3620,11936,pizarra magica tableta lcd,Electro y Tecno,modelo_producto
3621,142,galaxy a06,Electro y Tecno,categoria_generica
3622,1660,tenders,"Muebles, Hogar y Deco",modelo_producto
3623,11306,sofia vergara perfume,Salud y Belleza,categoria_generica
3624,7696,calefactor volcan 5700 medidas,Electro y Tecno,modelo_producto
3625,10522,venu 2 plus,Electro y Tecno,categoria_generica
3626,3346,biblioteca baja,"Muebles, Hogar y Deco",categoria_generica
3627,5190,lavarropas pequeños carga frontal,Electro y Tecno,modelo_producto
3628,5809,camara deportiva gadnic,Electro y Tecno,categoria_marca
3629,12137,ondulador gama spirale,Electro y Tecno,categoria_generica
3630,11392,bateria he50 motorola,Autos y Motos,modelo_producto
3631,4079,secador de pelo profesional,Salud y Belleza,categoria_atributo
3632,324,motorola moto edge 50 fusion,Electro y Tecno,modelo_producto
3633,4162,parlante de 8 pulgadas,Electro y Tecno,categoria_atributo
3634,5675,juguete rainbow muñeca,Bebes y Niños,categoria_generica
3635,8885,quantum yolo plus,Electro y Tecno,categoria_generica
3636,4107,sony wh ch520,Electro y Tecno,modelo_producto
3637,11493,juguete musculosa niño,Indumentaria y Calzado,categoria_generica
3638,4418,rack de pino,"Muebles, Hogar y Deco",categoria_generica
3639,3936,mini pimer,Deporte y Fitness,categoria_generica
3640,9092,horno fagor,Electro y Tecno,categoria_generica
3641,5782,asus vivobook s14,Electro y Tecno,modelo_producto
3642,4378,mesa auxiliar para sillon,"Muebles, Hogar y Deco",modelo_producto
3643,8418,raleigh mojave 5.0 rodado 29,Deporte y Fitness,categoria_atributo
3644,5103,dermaglos piel sensible,Salud y Belleza,categoria_generica
3645,10450,gran lattissima white,Electro y Tecno,categoria_generica
3646,4670,cava vondom 28 botellas,Electro y Tecno,modelo_producto
3647,701,aspiradora robot gadnic,Electro y Tecno,categoria_marca
3648,10886,archer c80 router wi fi,Electro y Tecno,modelo_producto
3649,6361,bajo mesada orlandi,"Muebles, Hogar y Deco",categoria_generica
3650,10757,heladera de playa,Electro y Tecno,categoria_generica
3651,10315,freidora de aire overtech,Electro y Tecno,modelo_producto
3652,7776,smart tv quint 50,Electro y Tecno,categoria_atributo
3653,10506,licuadora star trak,Electro y Tecno,categoria_generica
3654,5690,juguete tapa de enchufe,Bebes y Niños,modelo_producto
3655,5366,secador de pelo gama mistral ceramic ion,Salud y Belleza,modelo_producto
3656,7545,figura disney doorables,Bebes y Niños,categoria_generica
3657,3485,motorola moto buds 250,Electro y Tecno,modelo_producto
3658,4974,cama baulera 2 plazas,"Muebles, Hogar y Deco",modelo_producto
3659,10638,haylou purfree,Electro y Tecno,categoria_generica
3660,8213,cartel luminoso letras,"Muebles, Hogar y Deco",categoria_generica
3661,5506,maquina de soldar lusqtoff,Electro y Tecno,modelo_producto
3662,6408,manta termica silfab,Salud y Belleza,categoria_generica
3663,12328,celular sky energy,Electro y Tecno,categoria_generica
3664,3524,asus rog phone,Electro y Tecno,categoria_marca
3665,10158,aspiradora robot atma atar21c1dh,Electro y Tecno,modelo_producto
3666,12432,stromberg jiggy,Electro y Tecno,categoria_generica
3667,4128,molde de pan lactal,Electro y Tecno,modelo_producto
3668,9327,manguera destapa cañerias,"Muebles, Hogar y Deco",categoria_generica
3669,11688,heladera drean no frost 285 litros,Electro y Tecno,modelo_producto
3670,4108,tv 43 pulgadas,Electro y Tecno,categoria_atributo
3671,1774,soporte antena starlink,Electro y Tecno,categoria_generica
3672,4593,vincha linterna,Deporte y Fitness,categoria_generica
3673,11462,mesa de luz nordica melamina,"Muebles, Hogar y Deco",modelo_producto
3674,7948,tablet 2 en 1,Electro y Tecno,modelo_producto
3675,10736,moschino glamour,Electro y Tecno,categoria_generica
3676,9660,juguete cheetor transformers,Bebes y Niños,categoria_generica
3677,11773,noblex smart tv 24 pulgadas,Electro y Tecno,modelo_producto
3678,4836,mixer moulinex,Electro y Tecno,categoria_marca
3679,8311,organizador con tapa,"Muebles, Hogar y Deco",categoria_generica
3680,3278,zapatillas talle 45,Indumentaria y Calzado,categoria_generica
3681,10304,nothing ear stick,Electro y Tecno,categoria_generica
3682,9544,just cavalli,Salud y Belleza,categoria_generica
3683,6459,mesa de ping pong,Deporte y Fitness,modelo_producto
3684,10145,ventilador de pie star trak,Electro y Tecno,modelo_producto
3685,6292,sandwichera tostadora,Electro y Tecno,categoria_generica
3686,1280,lavarropas lg carga superior,Electro y Tecno,modelo_producto
3687,297,cocinas industriales,Electro y Tecno,categoria_generica
3688,6306,disco estado solido ssd 250gb,Electro y Tecno,categoria_atributo
3689,2491,sacaleches,Bebes y Niños,modelo_producto
3690,1251,coloracion,Salud y Belleza,modelo_producto
3691,357,samsung galaxy tablet con teclado,Electro y Tecno,modelo_producto
3692,10909,zapatillas reebok question mid,Indumentaria y Calzado,modelo_producto
3693,3307,almohada inteligente cervical,"Muebles, Hogar y Deco",categoria_generica
3694,6801,cannon exclusive pillow top,"Muebles, Hogar y Deco",modelo_producto
3695,4157,teclado kumara k552,Electro y Tecno,categoria_generica
3696,9902,motorola funda moto edge 30 pro,Electro y Tecno,modelo_producto
3697,8806,cafetera philips lattego,Electro y Tecno,categoria_marca
3698,926,xiaomi mi band 4,Electro y Tecno,modelo_producto
3699,11479,cochecito fisher price,Bebes y Niños,categoria_generica
3700,10784,monitor iqual,Electro y Tecno,categoria_generica
3701,11293,plancha ken brown,Salud y Belleza,categoria_generica
3702,12210,samsung galaxy x210,Electro y Tecno,modelo_producto
3703,4333,flapper inodoro,"Muebles, Hogar y Deco",categoria_generica
3704,1847,notebook enova,Electro y Tecno,categoria_generica
3705,42,iphone 17 pro max,Electro y Tecno,modelo_producto
3706,4073,anafe gas natural,Electro y Tecno,categoria_generica
3707,5601,sillon esquinero 4 cuerpos,"Muebles, Hogar y Deco",modelo_producto
3708,6623,horno semi industrial,Electro y Tecno,categoria_atributo
3709,483,panel calefactor bajo consumo,Electro y Tecno,modelo_producto
3710,1396,mac mini,Deporte y Fitness,categoria_generica
3711,9569,bateria s10e,Autos y Motos,categoria_generica
3712,12533,eos m50,Electro y Tecno,categoria_generica
3713,9347,mighty megasaur spinosaurus,"Muebles, Hogar y Deco",categoria_generica
3714,3186,philco robot barrefondo,Electro y Tecno,categoria_marca
3715,3492,samsung galaxy buds fe,Electro y Tecno,modelo_producto
3716,10351,ojotas kappa mujer,Electro y Tecno,categoria_generica
3717,6067,banco plegable camping,Deporte y Fitness,categoria_atributo
3718,8911,lg q6 alpha,Electro y Tecno,modelo_producto
3719,4482,masajeador de manos,Salud y Belleza,categoria_generica
3720,9761,juguete nerf vortex,Bebes y Niños,categoria_generica
3721,8731,monitor dell 22 pulgadas,Electro y Tecno,modelo_producto
3722,10752,beats solo,Electro y Tecno,categoria_generica
3723,1247,mate cars,"Muebles, Hogar y Deco",categoria_generica
3724,7338,zapatillas 40 hombre,Indumentaria y Calzado,categoria_generica
3725,7848,obturador para deposito de pared,Electro y Tecno,modelo_producto
3726,11257,refletor,"Muebles, Hogar y Deco",modelo_producto
3727,11463,cochecito de bebe mickey mouse,Bebes y Niños,modelo_producto
3728,12989,crema hidratante sin tacc,Salud y Belleza,modelo_producto
3729,1864,forerunner 165,Electro y Tecno,categoria_generica
3730,7106,exo smart e25,Electro y Tecno,categoria_atributo
3731,4295,asus i3,Electro y Tecno,modelo_producto
3732,12151,xiaomi band pro,Electro y Tecno,categoria_marca
3733,5231,camara logitech c920,Electro y Tecno,categoria_generica
3734,2346,samsung galaxy tab a9,Electro y Tecno,modelo_producto
3735,12822,sabanas benito fernandez,"Muebles, Hogar y Deco",categoria_generica
3736,1860,tws auriculares,Electro y Tecno,categoria_generica
3737,11690,huawei watch fit active 1.64,Electro y Tecno,modelo_producto
3738,11300,melatonina 6 mg,Salud y Belleza,categoria_generica
3739,10724,rollo de stretch,Electro y Tecno,categoria_generica
3740,4133,mochila con cargador usb,Electro y Tecno,modelo_producto
3741,3034,muñecas barbie dreamhouse,Bebes y Niños,categoria_generica
3742,4359,quien soy juego de mesa,"Muebles, Hogar y Deco",modelo_producto
3743,1119,heladera drean no frost,Electro y Tecno,modelo_producto
3744,729,mini aire acondicionado,Electro y Tecno,categoria_generica
3745,12088,fv allegro ducha,"Muebles, Hogar y Deco",categoria_generica
3746,10098,horno electrico 42 litros,Electro y Tecno,categoria_atributo
3747,11635,kit para anillar,Deporte y Fitness,categoria_generica
3748,2501,juguete control philips,Electro y Tecno,categoria_marca
3749,2894,samsung a30s,Electro y Tecno,modelo_producto
3750,10585,pc slim,Electro y Tecno,categoria_generica
3751,6160,purificador de aire xiaomi,Electro y Tecno,modelo_producto
3752,9297,vaso pinta stanley,"Muebles, Hogar y Deco",categoria_marca
3753,6240,lavarropas vaiven,Electro y Tecno,categoria_generica
3754,11588,barra de sonido blackpoint s70,Electro y Tecno,modelo_producto
3755,1676,bomba periferica,"Muebles, Hogar y Deco",categoria_generica
3756,11607,protector compacto avene,Salud y Belleza,categoria_generica
3757,8989,planchita atma tourmaline,Salud y Belleza,categoria_marca
3758,10273,parlante wonderboom 2,Electro y Tecno,categoria_generica
3759,7474,espejo con aumento para maquillaje,"Muebles, Hogar y Deco",modelo_producto
3760,5734,philips multigroom series 7000,Electro y Tecno,modelo_producto
3761,6966,juguete orejeras de seguridad,Bebes y Niños,modelo_producto
3762,6412,plancha a vapor gadnic,Salud y Belleza,modelo_producto
3763,8548,bolsa de dormir coleman silverton,Deporte y Fitness,modelo_producto
3764,12401,tender de pie,Electro y Tecno,categoria_generica
3765,9678,juguete zapatero mosconi,Bebes y Niños,categoria_generica
3766,3529,control samsung smart,Electro y Tecno,categoria_marca
3767,11655,informatica,Electro y Tecno,modelo_producto
3768,6586,smart tv 65 tcl,Electro y Tecno,categoria_atributo
3769,8282,sillas boston,"Muebles, Hogar y Deco",categoria_generica
3770,10832,organizador de microondas,Electro y Tecno,categoria_generica
3771,7813,cortadora de cesped lusqtoff,Electro y Tecno,modelo_producto
3772,10935,remera body,Indumentaria y Calzado,categoria_generica
3773,11259,botella termica deportiva violeta 750ml,"Muebles, Hogar y Deco",categoria_atributo
3774,12260,lavarropas samsung ww70aa46bw,Electro y Tecno,modelo_producto
3775,8999,notebook innjoo,Electro y Tecno,categoria_generica
3776,12121,clip 4 jbl,Electro y Tecno,modelo_producto
3777,10920,valija porta cosmeticos,Salud y Belleza,categoria_generica
3778,11119,set de mechas bosch,"Muebles, Hogar y Deco",modelo_producto
3779,12371,koorui monitor,Electro y Tecno,categoria_generica
3780,5975,cajonera mdf,"Muebles, Hogar y Deco",categoria_generica
3781,3490,canon eos rebel t7,Electro y Tecno,modelo_producto
3782,378,motorola one macro,Electro y Tecno,categoria_marca
3783,10354,push up angel,Electro y Tecno,categoria_generica
3784,5714,bicicleta r20,Deporte y Fitness,categoria_generica
3785,7663,termotanque eléctrico carga inferior 60 litros,Electro y Tecno,categoria_atributo
3786,8907,batidora de acero inoxidable,Electro y Tecno,modelo_producto
3787,4560,juguete carpa automatica,Bebes y Niños,categoria_generica
3788,4196,procesadora oster,Electro y Tecno,categoria_generica
3789,11436,juegos game stick 4k,Electro y Tecno,modelo_producto
3790,2935,depositos de jardin,"Muebles, Hogar y Deco",categoria_generica
3791,5559,ajedrez staunton,Electro y Tecno,categoria_generica
3792,11755,redmi note 11 pro+ 5g,Electro y Tecno,modelo_producto
3793,3306,vaso stanley con bombilla,"Muebles, Hogar y Deco",modelo_producto
3794,4577,mesa de plastico plegable,Deporte y Fitness,categoria_atributo
3795,2137,perfume caro cuore,Salud y Belleza,categoria_generica
3796,5188,tineco floor one s5,Electro y Tecno,modelo_producto
3797,6718,anafe winco,Electro y Tecno,categoria_generica
3798,1137,electrolux lustraspiradora,Electro y Tecno,categoria_marca
3799,3031,juguete pelotero para niños,Bebes y Niños,modelo_producto
3800,1921,cabinas,Salud y Belleza,modelo_producto
3801,9898,cafetera nespresso essenza mini + aeroccino 3,Electro y Tecno,modelo_producto
3802,5869,parlante barra,Electro y Tecno,categoria_generica
3803,6393,bifera con tapa,"Muebles, Hogar y Deco",categoria_generica
3804,10321,horno electrico vitta,Electro y Tecno,categoria_atributo
3805,2743,inalambricos,Electro y Tecno,modelo_producto
3806,5787,bitzee mascota digital,Electro y Tecno,categoria_generica
3807,3894,juguete butaca graco,Bebes y Niños,categoria_generica
3808,2751,asus rog strix scar 18,Electro y Tecno,modelo_producto
3809,12522,dyson ball,Electro y Tecno,categoria_generica
3810,4701,convector liliana cfb17,Electro y Tecno,modelo_producto
3811,6314,zapatillas niño talle 26,Indumentaria y Calzado,modelo_producto
3812,5938,candela led plafon,"Muebles, Hogar y Deco",categoria_generica
3813,12790,tabla de stand up inflable,"Muebles, Hogar y Deco",modelo_producto
3814,6157,cartera porta celular,Indumentaria y Calzado,categoria_generica
3815,2571,zte blade a53,Electro y Tecno,categoria_generica
3816,8349,waterpik water flosser,Salud y Belleza,categoria_generica
3817,6629,philco parlantes potenciados,Electro y Tecno,categoria_marca
3818,12269,hp 664 xl,Electro y Tecno,modelo_producto
3819,3847,autos maisto,Autos y Motos,categoria_generica
3820,10528,picadora carne manual,Electro y Tecno,categoria_generica
3821,3573,lg oled 65,Electro y Tecno,modelo_producto
3822,1771,corta cadena moto,Deporte y Fitness,categoria_generica
3823,5750,atornillador inalambrico black decker,Electro y Tecno,categoria_atributo
3824,6362,alacena 1.60,"Muebles, Hogar y Deco",categoria_generica
3825,10023,lavarropas samsung 10 kg,Electro y Tecno,modelo_producto
3826,4802,tcl t507a,Electro y Tecno,categoria_generica
3827,58,samsung a03,Electro y Tecno,modelo_producto
3828,6221,huawei watch gt,Electro y Tecno,categoria_generica
3829,6913,juguetes electronicos,Bebes y Niños,categoria_generica
3830,12735,inodoro corto roca dama senso,"Muebles, Hogar y Deco",modelo_producto
3831,11877,hp desmalezadora kushiro 52cc,Electro y Tecno,modelo_producto
3832,2080,motorola auriculares,Electro y Tecno,categoria_marca
3833,7817,tableta grafica genius,Electro y Tecno,categoria_generica
3834,11244,mueble barra,"Muebles, Hogar y Deco",categoria_generica
3835,7483,masajeador aspen,Salud y Belleza,categoria_generica
3836,2353,heladera gafa 282 litros,Electro y Tecno,modelo_producto
3837,6960,mesa de vidrio cuadrada,Bebes y Niños,modelo_producto
3838,6409,peróxido de benzoilo jabón,Salud y Belleza,modelo_producto
3839,4824,estufa vertical,Electro y Tecno,categoria_generica
3840,7181,whirlpool heladera y lavarropas,Electro y Tecno,modelo_producto
3841,8834,iniciador de fuego electrico,Electro y Tecno,categoria_atributo
3842,4904,reloj minimalista,Electro y Tecno,categoria_generica
3843,3751,juego de mechas para taladro,Electro y Tecno,modelo_producto
3844,2270,termo pico cebador,"Muebles, Hogar y Deco",categoria_generica
3845,9788,bicicleta randers rodado 20,Deporte y Fitness,modelo_producto
3846,3804,ropero 3 puertas 2 cajones,"Muebles, Hogar y Deco",modelo_producto
3847,9957,pava eléctrica liliana acero inoxidable,Electro y Tecno,modelo_producto
3848,1130,meta quest 3s,Electro y Tecno,categoria_generica
3849,6300,lg xboom,Electro y Tecno,categoria_marca
3850,9580,muñecas y accesorios,Bebes y Niños,categoria_generica
3851,4150,llave de paso esferica,Electro y Tecno,modelo_producto
3852,2172,equipamiento dj,Electro y Tecno,categoria_generica
3853,3366,ciel rose,Salud y Belleza,categoria_generica
3854,8940,pistola de calor philco,Electro y Tecno,modelo_producto
3855,7447,mueble para cocina,"Muebles, Hogar y Deco",categoria_generica
3856,6755,funda de tablet,Electro y Tecno,categoria_generica
3857,5712,bolsa de boxeo,Deporte y Fitness,categoria_generica
3858,7348,mochila jansport,Indumentaria y Calzado,categoria_generica
3859,1859,samsung m23,Electro y Tecno,modelo_producto
3860,3483,soporte de tv 50 pulgadas,Electro y Tecno,categoria_atributo
3861,4308,tcl 98,Electro y Tecno,categoria_generica
3862,1285,parlante jbl go 4,Electro y Tecno,modelo_producto
3863,3749,lampara nordica de pie,"Muebles, Hogar y Deco",modelo_producto
3864,2071,turbo ventilador,Electro y Tecno,categoria_generica
3865,8084,philco escalador,Electro y Tecno,categoria_marca
3866,7433,sommier bicama,"Muebles, Hogar y Deco",categoria_generica
3867,12417,hp 15t,Electro y Tecno,modelo_producto
3868,2902,pinza multifuncion,Electro y Tecno,categoria_generica
3869,7662,reebok nanoflex tr 2.0 mujer,Electro y Tecno,modelo_producto
3870,2147,perfume chloe,Salud y Belleza,categoria_generica
3871,11499,butaca chicco onefit,Bebes y Niños,categoria_generica
3872,7514,auto de juguete hot wheels barbie,Bebes y Niños,modelo_producto
3873,6534,planchita atma classic ceramic,Salud y Belleza,modelo_producto
3874,6066,bicicleta rodado 29,Deporte y Fitness,categoria_atributo
3875,5799,purificador liliana kp992,Electro y Tecno,modelo_producto
3876,9089,tablet cx,Electro y Tecno,categoria_generica
3877,5355,griferia para baño,"Muebles, Hogar y Deco",categoria_generica
3878,1075,xiaomi 15t,Electro y Tecno,modelo_producto
3879,8693,aire acondicionado portatil rca,Electro y Tecno,categoria_atributo
3880,12582,auriculares innjoo,Electro y Tecno,categoria_generica
3881,4456,set miniaturas xv8 crisis battlesuit,"Muebles, Hogar y Deco",modelo_producto
3882,36,motorola e13,Electro y Tecno,modelo_producto
3883,7921,aspiradora inalámbrica philips,Electro y Tecno,categoria_marca
3884,10620,mywigo smartwatch,Electro y Tecno,categoria_generica
3885,2797,maquina de coser manual,Electro y Tecno,modelo_producto
3886,5348,placard 8 puertas,"Muebles, Hogar y Deco",categoria_generica
3887,4238,soporte auto,Electro y Tecno,categoria_generica
3888,5435,philco lavasecarropas por calor,Electro y Tecno,modelo_producto
3889,3057,skala rulos,Salud y Belleza,categoria_generica
3890,1852,moto e6i,Electro y Tecno,categoria_generica
3891,8741,cinta doble faz para celulares,Electro y Tecno,modelo_producto
3892,9734,muñeca barbie chef,Bebes y Niños,categoria_generica
3893,6068,talle 18 bicicleta,Deporte y Fitness,categoria_generica
3894,7240,teclado gamer,Electro y Tecno,categoria_atributo
3895,3291,espejos,"Muebles, Hogar y Deco",modelo_producto
3896,10124,termotanque de colgar carga superior,Electro y Tecno,modelo_producto
3897,11529,juguete convertidor nictom,Electro y Tecno,categoria_generica
3898,3342,sillon de exterior,"Muebles, Hogar y Deco",categoria_generica
3899,12119,wok electrico atma,Electro y Tecno,categoria_marca
3900,10085,smart tv 43 samsung,Electro y Tecno,modelo_producto
3901,8153,zapatillas k,Indumentaria y Calzado,categoria_generica
3902,12559,parlante tgo,Electro y Tecno,categoria_generica
3903,8219,cocina electrolux 76,Electro y Tecno,modelo_producto
3904,12383,sanyo bth25,Electro y Tecno,categoria_generica
3905,912,auto de juguete pista hot wheels,Bebes y Niños,modelo_producto
3906,444,perfume antonio banderas hombre,Salud y Belleza,modelo_producto
3907,1735,motorola moto edge 50 neo,Electro y Tecno,modelo_producto
3908,7455,acolchado infantil,"Muebles, Hogar y Deco",categoria_generica
3909,5650,shampoo caviar fidelite,Salud y Belleza,categoria_generica
3910,1599,macbook pro m4,Electro y Tecno,categoria_generica
3911,11023,cocina peabody 56 cm,Electro y Tecno,modelo_producto
3912,12184,sarten 4 en 1,"Muebles, Hogar y Deco",modelo_producto
3913,4547,juguete corralito bebesit,Bebes y Niños,categoria_generica
3914,12608,teclado mini gamer xinua k1,Electro y Tecno,categoria_atributo
3915,3508,termotanque acquapiu a5,Electro y Tecno,categoria_generica
3916,8862,impresora portátil xiaomi,Electro y Tecno,categoria_marca
3917,11757,tablet lenovo 10 pulgadas ram,Electro y Tecno,modelo_producto
3918,8412,auto de bluey,Autos y Motos,categoria_generica
3919,7498,bateria moto e5 play,Autos y Motos,modelo_producto
3920,11446,cochecito love smart 1004,Bebes y Niños,categoria_atributo
3921,10332,cafetera ken brown,Electro y Tecno,categoria_generica
3922,11193,secaplatos johnson,"Muebles, Hogar y Deco",categoria_generica
3923,8673,sandwichera waflera 5 en 1,Electro y Tecno,modelo_producto
3924,6603,horno de pan liliana,Electro y Tecno,modelo_producto
3925,7960,parlante amazon,Electro y Tecno,categoria_generica
3926,6446,carpa coleman 6 personas,Deporte y Fitness,modelo_producto
3927,1979,minicomponente,Electro y Tecno,modelo_producto
3928,4226,kemei 2299,Salud y Belleza,categoria_generica
3929,4312,microondas panasonic,Electro y Tecno,categoria_generica
3930,366,inflador de bicicleta,Deporte y Fitness,categoria_generica
3931,2446,valija de 23 kg,Indumentaria y Calzado,modelo_producto
3932,4442,venecitas autoadhesivas,"Muebles, Hogar y Deco",categoria_generica
3933,12742,sabanas de boca juniors 2 plazas,"Muebles, Hogar y Deco",modelo_producto
3934,12454,motorola g52,Electro y Tecno,modelo_producto
3935,639,secarropas drean,Electro y Tecno,categoria_marca
3936,10657,parrilla mor,Electro y Tecno,categoria_generica
3937,3554,ducha calefon electrico,Electro y Tecno,categoria_atributo
3938,4355,catre plegable 1 plaza,"Muebles, Hogar y Deco",categoria_atributo
3939,7839,lustraspiradora electrolux b816,Electro y Tecno,modelo_producto
3940,537,pistas de autos y scalextric,Bebes y Niños,categoria_generica
3941,4160,nokia 6.1,Electro y Tecno,categoria_generica
3942,10483,level up cobra x,Electro y Tecno,modelo_producto
3943,3892,cubiertos tramontina madera,"Muebles, Hogar y Deco",categoria_generica
3944,3259,tablet x view,Electro y Tecno,categoria_generica
3945,6170,aceite para el pelo argan,Electro y Tecno,modelo_producto
3946,5676,mesa para tv con ruedas,Bebes y Niños,modelo_producto
3947,5135,nutricost sales magnesio bhb suplemento,Salud y Belleza,modelo_producto
3948,4325,zapatillas nano reebok,Indumentaria y Calzado,categoria_generica
3949,9203,polarbox,Electro y Tecno,modelo_producto
3950,11096,martiri new lujo,Electro y Tecno,categoria_generica
3951,8340,braun series 5,Salud y Belleza,categoria_generica
3952,12760,termo discovery 800 ml,"Muebles, Hogar y Deco",modelo_producto
3953,2432,celular lenovo,Electro y Tecno,categoria_marca
3954,7647,aurorita plegable,Deporte y Fitness,categoria_atributo
3955,8656,hp maquina de cortar pasto desmalezadora,Electro y Tecno,modelo_producto
3956,12502,exprimidor daewoo,Electro y Tecno,categoria_generica
3957,2594,bidet para inodoro,"Muebles, Hogar y Deco",categoria_generica
3958,4680,convector electrico star trak,Electro y Tecno,categoria_atributo
3959,2510,multigym randers,Deporte y Fitness,categoria_marca
3960,3989,smart tv motorola 43,Electro y Tecno,modelo_producto
3961,807,alcatel 1,Electro y Tecno,categoria_generica
3962,726,pistolas de juguete,Bebes y Niños,categoria_generica
3963,4699,anafe a gas butano,Electro y Tecno,modelo_producto
3964,8080,overlock lumina,Electro y Tecno,categoria_generica
3965,12381,dell 24dv0,Electro y Tecno,modelo_producto
3966,1495,vaso contigo,"Muebles, Hogar y Deco",categoria_generica
3967,5596,placard de 6 puertas y 4 cajones,"Muebles, Hogar y Deco",modelo_producto
3968,4400,cocina florencia 5538,Electro y Tecno,categoria_generica
3969,6712,aspiradora peabody,Electro y Tecno,categoria_marca
3970,4591,bicicleta motomel,Deporte y Fitness,categoria_generica
3971,1366,tornos y limas,Salud y Belleza,categoria_generica
3972,10253,xiaomi 13 pro,Electro y Tecno,modelo_producto
3973,3626,cafetera de aluminio,Electro y Tecno,categoria_generica
3974,326,samsung s24 fe,Electro y Tecno,modelo_producto
3975,7036,tcl 50 pulgadas 4k,Electro y Tecno,categoria_atributo
3976,6832,rejilla para bacha,"Muebles, Hogar y Deco",categoria_generica
3977,1593,samsung note 8,Electro y Tecno,modelo_producto
3978,12519,nokia 306,Electro y Tecno,categoria_generica
3979,12635,reloj inteligente k67 gps integrado,Electro y Tecno,modelo_producto
3980,9670,muñeca barbie pediatra,Bebes y Niños,categoria_generica
3981,2024,ryzen 7 7730u,Electro y Tecno,categoria_generica
3982,8486,aire comprimido con mira,Bebes y Niños,modelo_producto
3983,8328,secador de pelo gama titanium,Salud y Belleza,modelo_producto
3984,4975,tacho de basura acero inoxidable,"Muebles, Hogar y Deco",modelo_producto
3985,4068,jbl 305p mkii,Electro y Tecno,modelo_producto
3986,8947,procesadora manual liliana,Electro y Tecno,categoria_marca
3987,2247,heladera hisense,Electro y Tecno,categoria_generica
3988,6829,rosen sommier,"Muebles, Hogar y Deco",categoria_generica
3989,6890,myo-inositol,Salud y Belleza,categoria_generica
3990,11777,samsung galaxy a14 light green,Electro y Tecno,modelo_producto
3991,3549,calienta puños moto,Electro y Tecno,categoria_generica
3992,8135,talle 46 pantalon,Indumentaria y Calzado,categoria_generica
3993,8990,notebook hp 240,Electro y Tecno,modelo_producto
3994,4626,horno eléctrico axel 60 litros,Electro y Tecno,categoria_atributo
3995,7126,oral b io,Electro y Tecno,categoria_generica
3996,1601,jbl 720bt,Electro y Tecno,modelo_producto
3997,9328,caja organizadora lego,"Muebles, Hogar y Deco",categoria_generica
3998,10015,samsung galaxy celular a04s,Electro y Tecno,modelo_producto
3999,6279,claqueta cine,Electro y Tecno,categoria_generica
4000,3731,juego de mesa y sillas modernas,"Muebles, Hogar y Deco",modelo_producto
4001,8857,cargador inalambrico gadnic,Electro y Tecno,categoria_marca
4002,3882,pampers pants xg,Bebes y Niños,categoria_generica
4003,12022,home salon set atma,Electro y Tecno,modelo_producto
4004,4543,juguete radio cd,Electro y Tecno,categoria_generica
4005,7627,pelotero con pelotas,Deporte y Fitness,categoria_generica
4006,2144,polo sport,Salud y Belleza,categoria_generica
4007,4684,sony joystick ps4 camuflado,Electro y Tecno,modelo_producto
4008,5613,pico termo contigo,"Muebles, Hogar y Deco",categoria_generica
4009,10225,dhea 100 mg,Electro y Tecno,categoria_generica
4010,1971,barra de dominadas para pared,Deporte y Fitness,modelo_producto
4011,7720,heladera bambi 239 litros,Electro y Tecno,categoria_atributo
4012,2441,tenflex,Electro y Tecno,modelo_producto
4013,7296,intel n95,Electro y Tecno,categoria_generica
4014,7946,dell optiplex 9020,Electro y Tecno,modelo_producto
4015,11082,monocomando bidet con transferencia,"Muebles, Hogar y Deco",modelo_producto
4016,7508,cobertor para lavarropas,Electro y Tecno,categoria_generica
4017,5864,auriculares lenovo,Electro y Tecno,categoria_marca
4018,9738,juguete peluche de lechuza,Bebes y Niños,modelo_producto
4019,11275,secador de pelo winco w98,Salud y Belleza,modelo_producto
4020,11754,motorola moto e13 4g natural,Electro y Tecno,modelo_producto
4021,2969,sommier springwall,"Muebles, Hogar y Deco",categoria_generica
4022,5291,dispenser para detergente,Electro y Tecno,categoria_generica
4023,3946,purificadores,Electro y Tecno,modelo_producto
4024,3375,potencia para auto,Autos y Motos,categoria_generica
4025,6967,lego scooby doo,Bebes y Niños,categoria_generica
4026,11342,perfume enigma,Salud y Belleza,categoria_generica
4027,161,motorola edge 50 ultra,Electro y Tecno,modelo_producto
4028,3759,cocina morelli vintage,Electro y Tecno,categoria_generica
4029,8568,carro plegable multiuso,Deporte y Fitness,categoria_atributo
4030,2362,horno electrico ariston,Electro y Tecno,categoria_atributo
4031,4384,color jacaranda melamina,"Muebles, Hogar y Deco",categoria_generica
4032,3775,pico stanley,"Muebles, Hogar y Deco",categoria_marca
4033,7012,longvie cocina a gas con grill eléctrico,Electro y Tecno,modelo_producto
4034,844,consola r36s,Electro y Tecno,categoria_generica
4035,8867,tablet noblex t7a21,Electro y Tecno,modelo_producto
4036,12549,ventilador electrolux,Electro y Tecno,categoria_marca
4037,2454,silla escritorio con ruedas,"Muebles, Hogar y Deco",modelo_producto
4038,2101,lunchera termica infantil,Indumentaria y Calzado,categoria_generica
4039,10852,regla nivel,Electro y Tecno,categoria_generica
4040,1198,motorola z3 play,Electro y Tecno,modelo_producto
4041,12416,omega 4,Electro y Tecno,categoria_generica
4042,9842,mini pulidora,Deporte y Fitness,categoria_generica
4043,11237,cubos de melamina,"Muebles, Hogar y Deco",categoria_generica
4044,840,xiaomi redmi 13c,Electro y Tecno,modelo_producto
4045,6895,dht blocker,Salud y Belleza,categoria_generica
4046,7650,impresoras para celulares,Electro y Tecno,categoria_generica
4047,11507,peluche airbrush plush,Bebes y Niños,categoria_generica
4048,2529,cava vondom 12 botellas,Electro y Tecno,modelo_producto
4049,7730,parlante oryx 8 pulgadas,Electro y Tecno,categoria_atributo
4050,9884,semiprofesionales,Electro y Tecno,modelo_producto
4051,12490,amazfit falcon,Electro y Tecno,categoria_generica
4052,10591,motorola color,Electro y Tecno,categoria_marca
4053,9207,reebok pump omni zone ii,Indumentaria y Calzado,modelo_producto
4054,11177,deposito keter,"Muebles, Hogar y Deco",categoria_generica
4055,12733,termo stanley 1 litro con manija,"Muebles, Hogar y Deco",modelo_producto
4056,5200,estufa garrafera premium home,Electro y Tecno,modelo_producto
4057,10573,blu g91s,Electro y Tecno,categoria_generica
4058,6922,juguetes para 2 años niña,Bebes y Niños,modelo_producto
4059,6001,nebulizador a piston silfab,Salud y Belleza,modelo_producto
4060,2756,motorola edge 20 pro características,Electro y Tecno,modelo_producto
4061,4144,ojotas reef hombre,Electro y Tecno,categoria_generica
4062,8812,impresora hp 2775,Electro y Tecno,modelo_producto
4063,5058,comoda moderna,"Muebles, Hogar y Deco",categoria_generica
4064,9539,depiladora hombre,Salud y Belleza,categoria_generica
4065,597,licuadoras de pie,Electro y Tecno,categoria_generica
4066,10443,funda motorola g72,Electro y Tecno,modelo_producto
4067,3533,tablet 14 pulgadas,Electro y Tecno,categoria_atributo
4068,6458,juguete cubic fun,Bebes y Niños,categoria_generica
4069,2250,procesadora atma,Electro y Tecno,categoria_marca
4070,3543,impresora epson l395,Electro y Tecno,categoria_generica
4071,10986,vaso termico stanley con bombilla,"Muebles, Hogar y Deco",modelo_producto
4072,660,xiaomi note 15 pro,Electro y Tecno,modelo_producto
4073,5581,sensitiva gamma,Electro y Tecno,categoria_generica
4074,10169,iphone 12 mini black,Electro y Tecno,modelo_producto
4075,11150,piano con manguera,"Muebles, Hogar y Deco",categoria_generica
4076,6233,jbl 510,Electro y Tecno,modelo_producto
4077,5421,traka traka,Deporte y Fitness,categoria_generica
4078,10830,anafe westinghouse,Electro y Tecno,categoria_generica
4079,1347,fjallraven kanken,Indumentaria y Calzado,categoria_generica
4080,3687,inositol,Electro y Tecno,modelo_producto
4081,2138,sabah al ward,Salud y Belleza,categoria_generica
4082,7274,philips satinshave,Salud y Belleza,categoria_marca
4083,8020,pixie nespresso,Electro y Tecno,categoria_generica
4084,4417,vaso waterdog,"Muebles, Hogar y Deco",categoria_generica
4085,4759,maquina de helados atma,Electro y Tecno,modelo_producto
4086,3201,aspiradora stanley,Electro y Tecno,categoria_marca
4087,9938,cuchillo eléctrico black and decker,Electro y Tecno,categoria_atributo
4088,12778,sillon ecocuero 3 cuerpos,"Muebles, Hogar y Deco",modelo_producto
4089,8049,cepillo voluminizador,Electro y Tecno,categoria_generica
4090,3040,tren juguete,Bebes y Niños,categoria_generica
4091,7768,campana spar 90 cm,Electro y Tecno,modelo_producto
4092,776,catan juego de mesa,Bebes y Niños,modelo_producto
4093,370,club de nuit precieux,Salud y Belleza,modelo_producto
4094,12116,ventilador mt home,Electro y Tecno,categoria_generica
4095,8542,slp 25 pro lady,Deporte y Fitness,modelo_producto
4096,1809,motorola xt2421-7,Electro y Tecno,modelo_producto
4097,8100,escritorio funcional,"Muebles, Hogar y Deco",categoria_generica
4098,2890,removedor de callos,Electro y Tecno,categoria_generica
4099,6091,cafetera dolce gusto mini me,Electro y Tecno,modelo_producto
4100,8617,aire acondicionado lg inverter 6000 frigorías,Electro y Tecno,modelo_producto
4101,3254,proyector viewsonic,Electro y Tecno,categoria_generica
4102,595,l-teanina,Salud y Belleza,categoria_generica
4103,4233,mixer atma,Electro y Tecno,categoria_marca
4104,4382,termo medio litro,"Muebles, Hogar y Deco",categoria_atributo
4105,4995,mueble aparador de cocina,"Muebles, Hogar y Deco",modelo_producto
4106,564,panquequera electrica,Electro y Tecno,categoria_atributo
4107,215,xiaomi 12 pro,Electro y Tecno,modelo_producto
4108,6728,keychron q1,Electro y Tecno,categoria_generica
4109,8952,autonomia de monopatin electrico,Deporte y Fitness,categoria_atributo
4110,8509,juguete mesa rack,"Muebles, Hogar y Deco",categoria_generica
4111,10429,sony srs x11,Electro y Tecno,modelo_producto
4112,755,all in one y pc escritorio,Electro y Tecno,categoria_generica
4113,8518,peppa pig peluche,Bebes y Niños,categoria_generica
4114,6591,maquina de cortar pelo inalambrica,Salud y Belleza,categoria_atributo
4115,189,samsung a53,Electro y Tecno,modelo_producto
4116,288,patines 4 ruedas,Deporte y Fitness,categoria_generica
4117,10564,aiwa t2022,Electro y Tecno,categoria_generica
4118,10517,hp i3 ram,Electro y Tecno,modelo_producto
4119,4394,cama box 140x190,"Muebles, Hogar y Deco",categoria_generica
4120,1573,jbl tune flex,Electro y Tecno,categoria_marca
4121,10802,bordeadora indelplas,Electro y Tecno,categoria_generica
4122,2782,notebook dell inspiron 15,Electro y Tecno,modelo_producto
4123,13026,manhattan perfume,Salud y Belleza,categoria_generica
4124,4386,placard con espacio para tv,"Muebles, Hogar y Deco",modelo_producto
4125,7120,proyector mini portatil,Electro y Tecno,categoria_atributo
4126,3708,zapatillas kevingston,Indumentaria y Calzado,categoria_generica
4127,1461,abrazadera para caño,Electro y Tecno,categoria_generica
4128,2530,samsung galaxy a15 5g,Electro y Tecno,modelo_producto
4129,4506,galgas milimetricas,Autos y Motos,categoria_generica
4130,4520,figura funko pop dragon ball,Bebes y Niños,modelo_producto
4131,4462,nebulizador san up ultrasonico,Salud y Belleza,modelo_producto
4132,8669,batidora planetaria con picadora de carne,Electro y Tecno,modelo_producto
4133,1662,colchón 1 plaza y media,"Muebles, Hogar y Deco",categoria_generica
4134,9184,paquete dhea,Electro y Tecno,categoria_generica
4135,765,motorola g9 power,Electro y Tecno,modelo_producto
4136,11546,puerta vidriada exterior,Bebes y Niños,categoria_generica
4137,1493,mueble para lavarropas,Electro y Tecno,categoria_generica
4138,3086,hp impresora smart tank 580,Electro y Tecno,modelo_producto
4139,4878,horno liliana,Electro y Tecno,categoria_marca
4140,234,accesorios para cafeteras,Electro y Tecno,categoria_generica
4141,4360,escalera de aluminio 3 escalones,"Muebles, Hogar y Deco",modelo_producto
4142,6704,planchita de pelo,Salud y Belleza,categoria_generica
4143,11197,reposera ratan,"Muebles, Hogar y Deco",categoria_generica
4144,582,motorola edge 70 fusion,Electro y Tecno,modelo_producto
4145,3496,pava electrica de acero inoxidable,Electro y Tecno,categoria_atributo
4146,590,cocina a leña,Electro y Tecno,categoria_generica
4147,35,yogurteras,Electro y Tecno,modelo_producto
4148,7248,cubos decorativos,Electro y Tecno,categoria_generica
4149,11801,tablet amazon fire hd 8,Electro y Tecno,modelo_producto
4150,1246,termolar termo,"Muebles, Hogar y Deco",categoria_generica
4151,3928,pedalera fija,Deporte y Fitness,categoria_generica
4152,11864,lenovo ideapad gaming 3i,Electro y Tecno,modelo_producto
4153,3213,botella waterdog,Electro y Tecno,categoria_generica
4154,3526,turbo caloventor liliana,Electro y Tecno,categoria_marca
4155,11537,nutria fisher-price,Bebes y Niños,categoria_generica
4156,8228,comoda de 8 cajones,"Muebles, Hogar y Deco",modelo_producto
4157,3557,molinillo de café manual,Electro y Tecno,modelo_producto
4158,6643,zte blade a72s,Electro y Tecno,categoria_generica
4159,7489,masajeador ultrasonico,Salud y Belleza,categoria_generica
4160,8654,cortadora de cesped petri 2 hp,Electro y Tecno,modelo_producto
4161,2425,singer florencia,Electro y Tecno,categoria_generica
4162,1644,podadora electrica,Electro y Tecno,categoria_atributo
4163,3242,ollas antiadherente,"Muebles, Hogar y Deco",categoria_generica
4164,7655,grabadores,Electro y Tecno,modelo_producto
4165,11434,muñeca my first barbie,Bebes y Niños,modelo_producto
4166,12285,planchita de viaje mini,Salud y Belleza,modelo_producto
4167,12379,lumina spezia,Electro y Tecno,categoria_generica
4168,206,procesadoras,Electro y Tecno,modelo_producto
4169,3696,campera puffer mujer,Indumentaria y Calzado,categoria_generica
4170,2034,philips titan os,Electro y Tecno,categoria_marca
4171,4278,estufa solar,Electro y Tecno,categoria_generica
4172,11750,level up upcast micrófono gaming,Electro y Tecno,modelo_producto
4173,9206,mochila the north face mujer,Indumentaria y Calzado,modelo_producto
4174,6397,termo tramontina,"Muebles, Hogar y Deco",categoria_generica
4175,6350,colchon topacio 2 plazas,"Muebles, Hogar y Deco",modelo_producto
4176,7606,pelota pilates 85 cm,Deporte y Fitness,modelo_producto
4177,2622,celular sky,Electro y Tecno,categoria_generica
4178,12131,monitor samsung m5,Electro y Tecno,modelo_producto
4179,6043,juguete mecedora priori,Bebes y Niños,categoria_generica
4180,3816,pacha ibiza perfume,Salud y Belleza,categoria_generica
4181,7728,lenovo notebook placa de video,Electro y Tecno,modelo_producto
4182,4715,impresora canon g1110,Electro y Tecno,categoria_generica
4183,6099,smart tv 39 pulgadas,Electro y Tecno,categoria_atributo
4184,12327,samsung sm-t220nzsdaro,Electro y Tecno,modelo_producto
4185,9425,set mechas,"Muebles, Hogar y Deco",categoria_generica
4186,3151,soporte tv movil,Electro y Tecno,categoria_generica
4187,6064,bicicleta infantil rodado 16,Deporte y Fitness,categoria_atributo
4188,1853,minipimer peabody,Electro y Tecno,categoria_marca
4189,7744,base lasting finish rimmel,Electro y Tecno,modelo_producto
4190,11551,juguete monopatin topmega,Deporte y Fitness,categoria_generica
4191,12143,ventilador 5 aspas,Electro y Tecno,categoria_generica
4192,11890,sarten domo 24 cm,"Muebles, Hogar y Deco",modelo_producto
4193,2755,lavarropas eslabon de lujo carga superior,Electro y Tecno,modelo_producto
4194,4804,luz para monitor,Electro y Tecno,categoria_generica
4195,9369,canilla extensible,"Muebles, Hogar y Deco",categoria_generica
4196,7819,samsung prime j2,Electro y Tecno,modelo_producto
4197,1941,amarige givenchy,Salud y Belleza,categoria_generica
4198,6971,juguete magnetix,Bebes y Niños,categoria_generica
4199,3955,relojes para hombre,Electro y Tecno,categoria_generica
4200,9553,conservadora electrica para auto,Autos y Motos,categoria_atributo
4201,12168,sony star ps5,Electro y Tecno,modelo_producto
4202,7599,conservadora mor 34 litros,Electro y Tecno,categoria_atributo
4203,3412,juguete botines de pista,Bebes y Niños,modelo_producto
4204,2289,secador de pelo atma,Salud y Belleza,modelo_producto
4205,11866,samsung neo qled 8k,Electro y Tecno,modelo_producto
4206,10668,notebook nova,Electro y Tecno,categoria_generica
4207,2596,auriculares gadnic,Electro y Tecno,categoria_marca
4208,8217,lampara luna flotante,"Muebles, Hogar y Deco",categoria_generica
4209,7327,celular doogee s200 5g rugged,Electro y Tecno,modelo_producto
4210,12662,mochila pvc para inodoro,"Muebles, Hogar y Deco",modelo_producto
4211,1541,anafes a gas,Electro y Tecno,categoria_generica
4212,5389,gafas de vision nocturna nvg,Autos y Motos,modelo_producto
4213,3578,smart noblex 43,Electro y Tecno,modelo_producto
4214,7202,logitech g333,Electro y Tecno,categoria_generica
4215,4335,mochila running,Indumentaria y Calzado,categoria_generica
4216,12603,gaselec,Electro y Tecno,modelo_producto
4217,3358,proud of you,Salud y Belleza,categoria_generica
4218,5957,pileta inflable bestway,"Muebles, Hogar y Deco",categoria_generica
4219,3196,estufa con garrafa,Electro y Tecno,categoria_generica
4220,8123,extensor pantalla fopo 14 pulgadas,Electro y Tecno,categoria_atributo
4221,4014,philips pava electrica para mate,Electro y Tecno,modelo_producto
4222,9667,juguete radio stromberg,Bebes y Niños,categoria_generica
4223,1436,philips ambilight tv,Electro y Tecno,categoria_marca
4224,5890,tostadora manual,Electro y Tecno,categoria_generica
4225,10544,batidora de mano mondial,Electro y Tecno,modelo_producto
4226,1685,juguetero,"Muebles, Hogar y Deco",modelo_producto
4227,2505,monopatines y scooters,Deporte y Fitness,categoria_generica
4228,6289,quantum q10,Electro y Tecno,categoria_generica
4229,12386,gadnic ck32,Electro y Tecno,modelo_producto
4230,12802,vanitory colgante laqueado,"Muebles, Hogar y Deco",categoria_generica
4231,8692,lavarropa lg carga frontal,Electro y Tecno,modelo_producto
4232,12564,antiparras inteligentes,Electro y Tecno,categoria_generica
4233,3845,fundas para auto,Autos y Motos,categoria_generica
4234,4022,nivel de mano 1 metro,Electro y Tecno,modelo_producto
4235,2635,aireador pecera,Electro y Tecno,categoria_generica
4236,8352,sublime epoque zara,Salud y Belleza,categoria_generica
4237,8717,macbook air 15 pulgadas,Electro y Tecno,categoria_atributo
4238,5691,juguete peluche de bluey,Bebes y Niños,modelo_producto
4239,5367,afeitadora braun serie 7,Salud y Belleza,modelo_producto
4240,5472,horno pizzero liliana,Electro y Tecno,categoria_marca
4241,10196,revlon one step plus,Electro y Tecno,modelo_producto
4242,11077,vaso termico yeti,"Muebles, Hogar y Deco",categoria_generica
4243,7098,olla pochoclera tramontina,Electro y Tecno,categoria_generica
4244,371,muñecas polly pocket,Bebes y Niños,categoria_generica
4245,12737,placard orlandi bahia 4 puertas,"Muebles, Hogar y Deco",modelo_producto
4246,4668,pava electrica liliana matera,Electro y Tecno,modelo_producto
4247,2018,licuadora oster vidrio,Electro y Tecno,categoria_generica
4248,1560,whirlpool horno empotrable a gas,Electro y Tecno,modelo_producto
4249,4909,estufa protalia,Electro y Tecno,categoria_generica
4250,1681,sofa teddy,"Muebles, Hogar y Deco",categoria_generica
4251,2849,camaras de seguridad interior,Electro y Tecno,modelo_producto
4252,2645,maybeline,Electro y Tecno,modelo_producto
4253,1636,seiko 5,Electro y Tecno,categoria_generica
4254,9511,police perfume hombre,Salud y Belleza,categoria_generica
4255,10475,celular noblex go,Electro y Tecno,categoria_marca
4256,3203,vaporera electrica,Electro y Tecno,categoria_atributo
4257,12665,zapatillas head rotterdam,Indumentaria y Calzado,categoria_generica
4258,5418,barra de silicona para pistola,Deporte y Fitness,modelo_producto
4259,10146,pantalla iphone xs max,Electro y Tecno,modelo_producto
4260,75,freezer vertical,Electro y Tecno,categoria_generica
4261,7381,fv arizona monocomando cocina,"Muebles, Hogar y Deco",modelo_producto
4262,9454,despensero bajo,"Muebles, Hogar y Deco",categoria_generica
4263,7991,electrolux pcc20,Electro y Tecno,modelo_producto
4264,4594,caminadora athletic,Deporte y Fitness,categoria_generica
4265,1967,bicicleta oxea rodado 29,Deporte y Fitness,categoria_atributo
4266,9746,bebes llorones mini,Bebes y Niños,categoria_generica
4267,6143,lavavajillas 9 cubiertos,Electro y Tecno,categoria_generica
4268,497,xiaomi 13 ultra,Electro y Tecno,modelo_producto
4269,4265,auriculares stromberg,Electro y Tecno,categoria_generica
4270,832,samsung galaxy a34 5g,Electro y Tecno,modelo_producto
4271,7384,gazebo 2x2 plegable,"Muebles, Hogar y Deco",categoria_atributo
4272,1466,escritorio regulable,"Muebles, Hogar y Deco",categoria_generica
4273,7237,purificador gafa,Electro y Tecno,categoria_marca
4274,3330,cocina smeg,Electro y Tecno,categoria_generica
4275,6193,maquina de coser janome,Electro y Tecno,modelo_producto
4276,1933,anti pigment eucerin,Salud y Belleza,categoria_generica
4277,9611,lego obi wan kenobi,Bebes y Niños,modelo_producto
4278,9484,secador y planchita atma,Salud y Belleza,modelo_producto
4279,4688,termotanque heineken 80 litros,Electro y Tecno,categoria_atributo
4280,8195,base de cama 1 plaza,"Muebles, Hogar y Deco",modelo_producto
4281,2087,barredora robot,Electro y Tecno,categoria_generica
4282,5725,calefactor emege sin salida 5000,Electro y Tecno,modelo_producto
4283,10037,redmi smart band pro,Electro y Tecno,modelo_producto
4284,5297,pulidora dewalt,Electro y Tecno,categoria_generica
4285,9169,escritorio camarin,"Muebles, Hogar y Deco",categoria_generica
4286,8514,juguete orquidea lego,Bebes y Niños,categoria_generica
4287,7669,heladera whirlpool total no frost,Electro y Tecno,modelo_producto
4288,2203,colgate optic white,Electro y Tecno,categoria_generica
4289,5521,tocadiscos sony,Electro y Tecno,categoria_marca
4290,3461,horno electrico bgh 55 lts,Electro y Tecno,modelo_producto
4291,336,maquina de donas,Electro y Tecno,categoria_generica
4292,9904,calefactor longvie 2000 calorias tiro balanceado,Electro y Tecno,modelo_producto
4293,2294,dhea suplemento,Salud y Belleza,categoria_generica
4294,12654,zapatillas head ray classic,Indumentaria y Calzado,modelo_producto
4295,12905,sillas de comedor,"Muebles, Hogar y Deco",categoria_generica
4296,8175,respaldo sommier 2 plazas moderno,"Muebles, Hogar y Deco",modelo_producto
4297,8732,aire acondicionado portatil hisense,Electro y Tecno,categoria_atributo
4298,5168,amoladora de banco,Electro y Tecno,categoria_generica
4299,3915,zapatillas topper niña,Deporte y Fitness,categoria_marca
4300,4021,adaptador usb a usb c,Electro y Tecno,modelo_producto
4301,8599,cinta athletic,Deporte y Fitness,categoria_generica
4302,6653,anafe florencia 6748,Electro y Tecno,categoria_generica
4303,579,lavarropas drean concept 5.05,Electro y Tecno,modelo_producto
4304,7337,zapatillas 39 mujer,Indumentaria y Calzado,categoria_generica
4305,8250,sabanas star wars,"Muebles, Hogar y Deco",categoria_generica
4306,3963,longvie calefon tiro balanceado salida izquierda,Electro y Tecno,modelo_producto
4307,387,poco f7,Electro y Tecno,categoria_generica
4308,2806,cafetera philips senseo,Electro y Tecno,categoria_marca
4309,8502,muñeca barbie presidenta,Bebes y Niños,categoria_generica
4310,9419,organizador gadnic,"Muebles, Hogar y Deco",categoria_marca
4311,10070,pava electrica atma vidrio,Electro y Tecno,modelo_producto
4312,2859,fuente de chocolate,Electro y Tecno,categoria_generica
4313,12756,vanitory 80 cm colgante,"Muebles, Hogar y Deco",modelo_producto
4314,8448,estacion de carga telescopica,Bebes y Niños,modelo_producto
4315,8324,garnier fructis pure clean shampoo,Salud y Belleza,modelo_producto
4316,3829,samsara perfume,Salud y Belleza,categoria_generica
4317,11999,samsung galaxy smartwatch lte,Electro y Tecno,modelo_producto
4318,4912,pochoclera eléctrica,Electro y Tecno,categoria_atributo
4319,10409,monitor daewoo 19,Electro y Tecno,categoria_generica
4320,6370,carrito auxiliar,"Muebles, Hogar y Deco",categoria_generica
4321,12302,hp 126a toner,Electro y Tecno,modelo_producto
4322,12319,sandalias kappa mujer,Electro y Tecno,categoria_generica
4323,2357,hp ryzen 5 7520u,Electro y Tecno,modelo_producto
4324,1802,ventilador retractil peabody,Electro y Tecno,categoria_marca
4325,1813,ryzen 5 8500g,Electro y Tecno,categoria_generica
4326,12544,lenovo ht38,Electro y Tecno,modelo_producto
4327,320,mochila de baño,"Muebles, Hogar y Deco",categoria_generica
4328,11024,organizador de zapatos 6 niveles,"Muebles, Hogar y Deco",modelo_producto
4329,2409,cafetera cuk,Electro y Tecno,categoria_generica
4330,12254,macbook apple m1,Electro y Tecno,modelo_producto
4331,548,bloques magneticos minecraft,Bebes y Niños,categoria_generica
4332,11328,fleurs de orlane,Salud y Belleza,categoria_generica
4333,3137,parlante bluetooth portátil,Electro y Tecno,categoria_atributo
4334,5304,philips m5501,Electro y Tecno,modelo_producto
4335,1015,circular de mano,Electro y Tecno,categoria_generica
4336,7621,banco plano gimnasio,Deporte y Fitness,categoria_generica
4337,8738,apple pencil 2da generacion,Electro y Tecno,modelo_producto
4338,9562,cortina parasol auto,Autos y Motos,categoria_generica
4339,2253,bidet de mano,"Muebles, Hogar y Deco",categoria_generica
4340,1525,juguete joyplay,Electro y Tecno,categoria_generica
4341,2624,aspiradora midea,Electro y Tecno,categoria_marca
4342,2725,infladores,Deporte y Fitness,modelo_producto
4343,11724,poco m4 pro 5g tiendas,Electro y Tecno,modelo_producto
4344,9763,juguete rodado 19,Deporte y Fitness,categoria_atributo
4345,10317,mecool tv box,Electro y Tecno,categoria_generica
4346,6584,iphone cargador 3 en 1,Electro y Tecno,modelo_producto
4347,10993,colorin living color avellana,"Muebles, Hogar y Deco",modelo_producto
4348,9220,talle 48 pantalon,Indumentaria y Calzado,categoria_generica
4349,10636,frameless tv,Electro y Tecno,categoria_generica
4350,3407,juguete mousepad de vidrio,Bebes y Niños,modelo_producto
4351,2140,secador de pelo babyliss,Salud y Belleza,modelo_producto
4352,3503,lavarropas candy 9 kg,Electro y Tecno,modelo_producto
4353,7432,tramontina carmel,"Muebles, Hogar y Deco",categoria_generica
4354,391,triciclos,Bebes y Niños,categoria_generica
4355,2997,torno duga,Salud y Belleza,categoria_generica
4356,3736,cocina industrial 5 hornallas,Electro y Tecno,categoria_atributo
4357,1838,tcl 20se,Electro y Tecno,categoria_generica
4358,7707,identificador de llamadas para teléfono fijo,Electro y Tecno,modelo_producto
4359,4760,cargador de celular samsung,Electro y Tecno,modelo_producto
4360,7809,base notebook cooler,Electro y Tecno,categoria_generica
4361,5511,philco freezer congelador,Electro y Tecno,categoria_marca
4362,5353,alfombra de agua,"Muebles, Hogar y Deco",categoria_generica
4363,11800,cocina anafe 4 hornallas a gas,Electro y Tecno,modelo_producto
4364,5215,ricoh gr iii,Electro y Tecno,categoria_generica
4365,7391,sillon de un cuerpo moderno,"Muebles, Hogar y Deco",modelo_producto
4366,9972,samsung neo qled 75 pulgadas,Electro y Tecno,modelo_producto
4367,7103,roku express hd,Electro y Tecno,categoria_generica
4368,345,xiaomi redmi note 13 pro,Electro y Tecno,modelo_producto
4369,5211,parrilla electrica oster,Electro y Tecno,categoria_atributo
4370,218,khamrah qahwa,Salud y Belleza,categoria_generica
4371,1016,yogurtera ultracomb,Electro y Tecno,categoria_generica
4372,8166,bombas y filtrado,"Muebles, Hogar y Deco",categoria_generica
4373,7709,tv box android tv,Electro y Tecno,modelo_producto
4374,8529,muñeca barbie cantante,Bebes y Niños,categoria_generica
4375,2316,colchones inflables,Deporte y Fitness,categoria_generica
4376,12467,stanley flowsteady,Electro y Tecno,categoria_marca
4377,7272,quita pelo,Electro y Tecno,categoria_generica
4378,1981,handies,Electro y Tecno,modelo_producto
4379,10096,smartwatch i8 pro max,Electro y Tecno,modelo_producto
4380,2157,aire acondicionado delonghi,Electro y Tecno,categoria_generica
4381,6802,bajo mesada 1.60,"Muebles, Hogar y Deco",modelo_producto
4382,9348,porta rollo cocina,"Muebles, Hogar y Deco",categoria_generica
4383,1553,microondas bgh 20 litros,Electro y Tecno,modelo_producto
4384,4858,quantum yolo,Electro y Tecno,categoria_generica
4385,7529,jackson storm cars 3,Bebes y Niños,modelo_producto
4386,6876,piedra depiladora de cristal,Salud y Belleza,modelo_producto
4387,3501,paquete jbl partybox 320,Electro y Tecno,modelo_producto
4388,7755,pava electrica corte automatico,Electro y Tecno,categoria_atributo
4389,7001,accesorios para tv,Electro y Tecno,categoria_generica
4390,3365,plancha seca,Salud y Belleza,categoria_generica
4391,7087,batidora planetaria gadnic,Electro y Tecno,categoria_marca
4392,12712,head ganges,Indumentaria y Calzado,categoria_generica
4393,1991,redmi buds 3 lite,Electro y Tecno,modelo_producto
4394,2951,cortina roller doble,"Muebles, Hogar y Deco",categoria_generica
4395,2231,calefactor infrarrojo,Electro y Tecno,categoria_generica
4396,3401,peluche caldero magico,Bebes y Niños,categoria_generica
4397,1814,motorola e7i,Electro y Tecno,modelo_producto
4398,3697,inodoro con mochila roca,"Muebles, Hogar y Deco",modelo_producto
4399,10663,robot avent,Electro y Tecno,categoria_generica
4400,10364,freezer eslabon de lujo,Electro y Tecno,modelo_producto
4401,12552,soundcore r100,Electro y Tecno,categoria_generica
4402,3575,maquina de tejer lana,Electro y Tecno,modelo_producto
4403,4422,ropero chico,"Muebles, Hogar y Deco",categoria_generica
4404,10147,tcl 43 android tv,Electro y Tecno,modelo_producto
4405,3961,maquinas de hielo,Electro y Tecno,categoria_generica
4406,4287,aspiradora inalámbrica,Electro y Tecno,categoria_atributo
4407,2814,proyector samsung freestyle,Electro y Tecno,categoria_marca
4408,8337,perfume 360 hombre,Salud y Belleza,categoria_generica
4409,5648,masajeador facial gadnic,Salud y Belleza,categoria_marca
4410,6082,aros gimnasia,Deporte y Fitness,categoria_generica
4411,6117,sony joystick ps5 colores,Electro y Tecno,modelo_producto
4412,3607,chimenea a gas,Electro y Tecno,categoria_generica
4413,8137,mochilas para niñas grandes,Indumentaria y Calzado,modelo_producto
4414,5055,repisa flotante,"Muebles, Hogar y Deco",categoria_generica
4415,9259,cama de 1 metro de ancho,"Muebles, Hogar y Deco",modelo_producto
4416,1290,motorola moto g5s plus,Electro y Tecno,modelo_producto
4417,6045,juguete rejilla plastica,Bebes y Niños,categoria_generica
4418,4175,playstation vr2 ps5,Electro y Tecno,categoria_generica
4419,11814,xiaomi note 8 pro,Electro y Tecno,modelo_producto
4420,8594,desayunador plegable,Deporte y Fitness,categoria_atributo
4421,11464,calentador de mamaderas san up,Bebes y Niños,modelo_producto
4422,12992,secador de pelo pampita,Salud y Belleza,modelo_producto
4423,315,tv,Electro y Tecno,categoria_generica
4424,11770,figura transformers studio series 86,Electro y Tecno,modelo_producto
4425,11584,bolsa de dormir waterdog inca 200,Deporte y Fitness,modelo_producto
4426,4181,radio noblex,Electro y Tecno,categoria_marca
4427,8255,tramontina new kolor,"Muebles, Hogar y Deco",categoria_generica
4428,8824,ethernet cat 8,Electro y Tecno,categoria_generica
4429,842,arrocera electrica,Electro y Tecno,categoria_atributo
4430,12511,lenovo n5030,Electro y Tecno,modelo_producto
4431,7477,loewe aura floral,Salud y Belleza,categoria_generica
4432,108,samsung a32,Electro y Tecno,modelo_producto
4433,2612,picadora yelmo,Electro y Tecno,categoria_generica
4434,2115,sommier piero 2 plazas,"Muebles, Hogar y Deco",modelo_producto
4435,6309,reloj smartwatch s30 ultra 2,Electro y Tecno,modelo_producto
4436,10285,consola 16 bits,Electro y Tecno,categoria_generica
4437,8162,valija wanderlust,Indumentaria y Calzado,categoria_generica
4438,12906,barrefondo bestway,"Muebles, Hogar y Deco",categoria_generica
4439,5667,auto a batería,Bebes y Niños,categoria_generica
4440,5958,módulo bluetooth,"Muebles, Hogar y Deco",categoria_atributo
4441,2337,samsung galaxy s23 fe,Electro y Tecno,modelo_producto
4442,2640,dji spark,Electro y Tecno,categoria_generica
4443,3849,alfombra auto,Autos y Motos,categoria_generica
4444,10841,procesadora electrolux,Electro y Tecno,categoria_marca
4445,10889,blenderbottle,Electro y Tecno,modelo_producto
4446,1817,brazo monitor,Electro y Tecno,categoria_generica
4447,4750,toallero electrico peisa,Electro y Tecno,categoria_atributo
4448,11636,battle 241h,Deporte y Fitness,categoria_generica
4449,7721,aspiradora robot midea m7,Electro y Tecno,modelo_producto
4450,1505,ch carolina herrera,Salud y Belleza,categoria_generica
4451,714,standing desk,"Muebles, Hogar y Deco",categoria_generica
4452,5610,tabla de planchar de mesa,"Muebles, Hogar y Deco",modelo_producto
4453,1011,freidora de aceite,Electro y Tecno,categoria_generica
4454,981,tv samsung 65,Electro y Tecno,modelo_producto
4455,250,tcl 40 se,Electro y Tecno,categoria_generica
4456,4113,barra de sonido xiaomi,Electro y Tecno,modelo_producto
4457,9605,juguetes 1 año montessori,Bebes y Niños,modelo_producto
4458,9480,armand basi in red,Salud y Belleza,modelo_producto
4459,6101,monitor samsung 24 curvo,Electro y Tecno,modelo_producto
4460,1669,placard 3 puertas,"Muebles, Hogar y Deco",categoria_generica
4461,5860,picadora ultracomb,Electro y Tecno,categoria_generica
4462,6663,freezer vertical midea,Electro y Tecno,categoria_marca
4463,4504,auto a pedal,Bebes y Niños,categoria_generica
4464,11709,impresora multifuncional hp smart tank 530,Electro y Tecno,modelo_producto
4465,7975,mixer smartlife,Electro y Tecno,categoria_generica
4466,10258,mesa para notebook plegable,Electro y Tecno,categoria_atributo
4467,6533,funda motorola edge 40 pro,Electro y Tecno,modelo_producto
4468,9096,gama gm566,Salud y Belleza,categoria_generica
4469,12766,cama cucheta triple orlandi,"Muebles, Hogar y Deco",modelo_producto
4470,1009,heladera siam,Electro y Tecno,categoria_generica
4471,8299,johnson q71,"Muebles, Hogar y Deco",categoria_generica
4472,11808,philips pixel plus hd,Electro y Tecno,modelo_producto
4473,7314,sandwichera panini,Electro y Tecno,categoria_generica
4474,4674,zte blade v40 design,Electro y Tecno,modelo_producto
4475,12264,cargador portatil noblex,Electro y Tecno,categoria_marca
4476,3251,hidrolavadora logus,Electro y Tecno,categoria_generica
4477,4051,apple watch se 2,Electro y Tecno,modelo_producto
4478,12711,mochila matelasse,Indumentaria y Calzado,categoria_generica
4479,11210,lampara parlante,"Muebles, Hogar y Deco",categoria_generica
4480,11470,juguete monopatin minnie,Bebes y Niños,categoria_generica
4481,1191,asus vivobook go 15,Electro y Tecno,modelo_producto
4482,12538,inspiroy 2,Electro y Tecno,categoria_generica
4483,8593,futbol matic,Deporte y Fitness,categoria_generica
4484,7885,heladera 280 litros,Electro y Tecno,categoria_atributo
4485,8184,juego de llaves tubo stanley,"Muebles, Hogar y Deco",modelo_producto
4486,2473,colchones antiescaras,Salud y Belleza,categoria_generica
4487,10372,cortadora de pasto lusqtoff,Electro y Tecno,modelo_producto
4488,1821,soporte starlink,Electro y Tecno,categoria_generica
4489,5803,jbl pulse 4,Electro y Tecno,modelo_producto
4490,2211,garmin forerunner 255,Electro y Tecno,categoria_generica
4491,5059,pileta chica,"Muebles, Hogar y Deco",categoria_generica
4492,10377,caloventor liliana zonda,Electro y Tecno,categoria_marca
4493,6134,heladera no frost lg,Electro y Tecno,modelo_producto
4494,1920,kanoodle,Bebes y Niños,modelo_producto
4495,967,juguete difusor para rulos,Salud y Belleza,modelo_producto
4496,6290,filtro pelopincho,Electro y Tecno,categoria_generica
4497,5705,bicicleta rodado 22,Deporte y Fitness,categoria_atributo
4498,3974,samsung galaxy celular s24 ultra,Electro y Tecno,modelo_producto
4499,9559,bateria lg k20,Autos y Motos,modelo_producto
4500,9688,juguete aire delonghi,Electro y Tecno,categoria_generica
4501,6827,mazo de cartas de poker,"Muebles, Hogar y Deco",modelo_producto
4502,2358,redmi buds 6 play,Electro y Tecno,modelo_producto
4503,4406,vaso termico discovery,"Muebles, Hogar y Deco",categoria_generica
4504,2759,termotanque señorial 30 litros,Electro y Tecno,categoria_atributo
4505,1380,andadores y caminadores,Bebes y Niños,categoria_generica
4506,13024,lactoferrina jarrow,Salud y Belleza,categoria_generica
4507,8273,hidrolavadora pektra,Electro y Tecno,categoria_generica
4508,1406,asus rog strix g16,Electro y Tecno,modelo_producto
4509,9781,pelota para pilates 65 cm,Deporte y Fitness,modelo_producto
4510,2183,motorola edge 30 ultra,Electro y Tecno,modelo_producto
4511,2257,lavavajillas candy,Electro y Tecno,categoria_generica
4512,2634,parlante samsung,Electro y Tecno,categoria_marca
4513,5747,samsung smart tv curvo,Electro y Tecno,modelo_producto
4514,2678,sommier simmons,"Muebles, Hogar y Deco",categoria_generica
4515,7310,cortadora de ceramicas,Electro y Tecno,categoria_generica
4516,955,panchera,Electro y Tecno,modelo_producto
4517,6818,tender grande de ropa,"Muebles, Hogar y Deco",modelo_producto
4518,10560,licuadora westinghouse,Electro y Tecno,categoria_generica
4519,1109,paleta nox,Deporte y Fitness,categoria_generica
4520,1997,parlante jbl charge 6,Electro y Tecno,modelo_producto
4521,8832,perchero industrial de pie,Electro y Tecno,categoria_atributo
4522,12678,mochila 18 pulgadas,Indumentaria y Calzado,categoria_atributo
4523,905,hidrolavadora lusqtoff,Electro y Tecno,categoria_generica
4524,5100,vitamina b12 suplemento,Salud y Belleza,categoria_generica
4525,5345,pileta bestway redonda,"Muebles, Hogar y Deco",categoria_generica
4526,2504,juguete fichines,Bebes y Niños,categoria_generica
4527,10925,american tourister curio,Indumentaria y Calzado,categoria_generica
4528,6570,aspiradora atma 2 en 1,Electro y Tecno,modelo_producto
4529,2062,microondas electrolux,Electro y Tecno,categoria_marca
4530,12281,consola multi emuladora,Electro y Tecno,categoria_generica
4531,10500,asus ryzen 7,Electro y Tecno,modelo_producto
4532,11432,figura funko pop sanrio,Bebes y Niños,modelo_producto
4533,12050,calvin klein one reflections,Salud y Belleza,modelo_producto
4534,7007,heladera drean no frost 420 litros,Electro y Tecno,modelo_producto
4535,12441,smartwatch m5,Electro y Tecno,categoria_generica
4536,1486,remera gris oscuro vinson talle,Indumentaria y Calzado,modelo_producto
4537,11204,luz proton,"Muebles, Hogar y Deco",categoria_generica
4538,10373,escritorio para pc melamina,"Muebles, Hogar y Deco",modelo_producto
4539,11677,anafe 2 hornallas gas natural con valvula de seguridad,Electro y Tecno,modelo_producto
4540,8854,kodak celular pixpro,Electro y Tecno,categoria_generica
4541,3968,smart tv tcl 55 pulgadas,Electro y Tecno,categoria_atributo
4542,11727,purificador liliana kp982 2 motores,Electro y Tecno,modelo_producto
4543,4055,calefactor hongo exterior,Electro y Tecno,categoria_generica
4544,907,perfume swiss army,Salud y Belleza,categoria_generica
4545,5796,aire portatil bgh,Electro y Tecno,categoria_marca
4546,10068,auriculares jbl endurance race,Electro y Tecno,modelo_producto
4547,7416,crique carrito,Autos y Motos,categoria_generica
4548,4437,zapatero con espejo,"Muebles, Hogar y Deco",categoria_generica
4549,4557,practicuna mega baby,Bebes y Niños,categoria_generica
4550,7100,chromecast 4ta generacion,Electro y Tecno,categoria_generica
4551,9988,funda para tablet samsung a8,Electro y Tecno,modelo_producto
4552,2602,eilik robot,Electro y Tecno,categoria_generica
4553,12212,rejilla de ventilacion 20x20,Electro y Tecno,modelo_producto
4554,11032,cajonera de pino 6 cajones,"Muebles, Hogar y Deco",modelo_producto
4555,5547,caloventor belita,Electro y Tecno,categoria_generica
4556,10246,asus i7 ram,Electro y Tecno,modelo_producto
4557,11527,carpa coleman atacama,Deporte y Fitness,categoria_generica
4558,3309,the game house,"Muebles, Hogar y Deco",categoria_generica
4559,12055,olla coccion lenta electrica,Electro y Tecno,categoria_atributo
4560,12005,samsung galaxy sm-a546ezkearo,Electro y Tecno,modelo_producto
4561,5480,pava peabody vintage,Electro y Tecno,categoria_marca
4562,10758,gel han,Electro y Tecno,categoria_generica
4563,9532,hawas malibu,Salud y Belleza,categoria_generica
4564,2355,notebook acer aspire 3,Electro y Tecno,modelo_producto
4565,2918,canon g3110,Electro y Tecno,categoria_generica
4566,4565,juguete alfombra para bebe,Bebes y Niños,modelo_producto
4567,4787,cortadora de pelo y barba,Salud y Belleza,modelo_producto
4568,3971,calefon tiro balanceado salida izquierda,Electro y Tecno,modelo_producto
4569,9413,acolchado reversible,"Muebles, Hogar y Deco",categoria_generica
4570,1382,juguete bunny boutique,Bebes y Niños,categoria_generica
4571,12668,mochila notebook impermeable,Indumentaria y Calzado,categoria_generica
4572,9247,sabanas arco iris 2 plazas y media,"Muebles, Hogar y Deco",modelo_producto
4573,12077,smartwatch nictom nt04,Electro y Tecno,categoria_generica
4574,3459,lavarropas drean next 8.12,Electro y Tecno,modelo_producto
4575,7287,heladera combi,Electro y Tecno,categoria_generica
4576,11541,fierce rodado 29,Deporte y Fitness,categoria_atributo
4577,4650,ollas tramontina triple fondo,Electro y Tecno,modelo_producto
4578,812,aspiradora gadnic,Electro y Tecno,categoria_marca
4579,11979,heladera ultracomb 360 litros,Electro y Tecno,categoria_atributo
4580,10625,celular woo,Electro y Tecno,categoria_generica
4581,11208,mopa easy,"Muebles, Hogar y Deco",categoria_generica
4582,8086,hp 2135,Electro y Tecno,modelo_producto
4583,9837,estetoscopio femmto,Salud y Belleza,categoria_generica
4584,2098,pegboard,Electro y Tecno,modelo_producto
4585,12460,auriculares s20,Electro y Tecno,categoria_generica
4586,9316,bomba presurizadora gadnic,"Muebles, Hogar y Deco",categoria_marca
4587,7370,placard platinum 2 puertas,"Muebles, Hogar y Deco",modelo_producto
4588,699,samsung a33 5g,Electro y Tecno,modelo_producto
4589,11653,bicicleta mtb anderson a600 r29,Deporte y Fitness,modelo_producto
4590,4881,extractor hydra,Electro y Tecno,categoria_generica
4591,3902,juguete emmet lego,Bebes y Niños,categoria_generica
4592,7426,mueble frutero,"Muebles, Hogar y Deco",categoria_generica
4593,6628,molinillo de cafe gadnic,Electro y Tecno,modelo_producto
4594,12541,i20 plus,Electro y Tecno,categoria_generica
4595,3940,kit fotografia,Deporte y Fitness,categoria_generica
4596,4851,drean lavasecarropas,Electro y Tecno,categoria_marca
4597,2805,lg torre de lavado,Electro y Tecno,modelo_producto
4598,9349,silla gamer con masajeador,Salud y Belleza,categoria_atributo
4599,1992,horno electrico con freidora de aire,Electro y Tecno,categoria_atributo
4600,4092,calefactor tbu 5000,Electro y Tecno,categoria_generica
4601,5789,maquina de pintar latex,Electro y Tecno,modelo_producto
4602,5122,red sky,Salud y Belleza,categoria_generica
4603,5606,sabanas pierre cardin,"Muebles, Hogar y Deco",categoria_generica
4604,12420,daewoo monitor,Electro y Tecno,categoria_generica
4605,12232,fabrica de pastas winco,Electro y Tecno,modelo_producto
4606,3714,desayunadores,"Muebles, Hogar y Deco",modelo_producto
4607,6444,juguete banco de herramientas para niños,Bebes y Niños,modelo_producto
4608,5514,cortadora de pelo remington,Salud y Belleza,modelo_producto
4609,11056,pileta 1500 litros,"Muebles, Hogar y Deco",categoria_atributo
4610,10778,soda mixer,Electro y Tecno,categoria_generica
4611,6515,ventilacion,Electro y Tecno,modelo_producto
4612,7323,taladro,Electro y Tecno,modelo_producto
4613,4098,heladera ciclica drean,Electro y Tecno,categoria_marca
4614,7257,anafe foco,Electro y Tecno,categoria_generica
4615,6020,camaro hot wheels,Bebes y Niños,categoria_generica
4616,7452,biblioteca mosconi,"Muebles, Hogar y Deco",categoria_generica
4617,588,reebok nano x3,Indumentaria y Calzado,categoria_generica
4618,7752,ventilador liliana 32 pulgadas,Electro y Tecno,modelo_producto
4619,12282,convertidor smart roku,Electro y Tecno,categoria_atributo
4620,641,anodo termotanque,Electro y Tecno,categoria_generica
4621,6141,lg grabadora blu ray,Electro y Tecno,modelo_producto
4622,1176,montblanc explorer,Salud y Belleza,categoria_generica
4623,4901,sandisk extreme,Electro y Tecno,categoria_generica
4624,9289,mesa de luz flotante con desayunador,"Muebles, Hogar y Deco",modelo_producto
4625,419,jbl charge 5,Electro y Tecno,modelo_producto
4626,4408,cama doble infantil,"Muebles, Hogar y Deco",categoria_generica
4627,10851,cafetera espuma,Electro y Tecno,categoria_generica
4628,732,sony joystick ps4,Electro y Tecno,modelo_producto
4629,4143,motorola g power,Electro y Tecno,categoria_marca
4630,10710,xgimi proyector,Electro y Tecno,categoria_generica
4631,5075,kayak inflable,Deporte y Fitness,categoria_generica
4632,7725,freezer philco 400 litros,Electro y Tecno,modelo_producto
4633,1910,el estanciero juego,Bebes y Niños,categoria_generica
4634,1238,termo discovery,"Muebles, Hogar y Deco",categoria_generica
4635,8639,cafetera nespresso essenza mini red,Electro y Tecno,modelo_producto
4636,10700,pochoclera daewoo,Electro y Tecno,categoria_generica
4637,11710,galaxy s20 fe smart clear view,Electro y Tecno,categoria_atributo
4638,12142,fabrica de helados winco,Electro y Tecno,modelo_producto
4639,13045,wave plus,Salud y Belleza,categoria_generica
4640,4398,cesto de basura con sensor,"Muebles, Hogar y Deco",modelo_producto
4641,7302,horno digital,Electro y Tecno,categoria_generica
4642,6982,bicicleta philco toscana,Deporte y Fitness,categoria_marca
4643,4545,cochecito joie con huevito,Bebes y Niños,modelo_producto
4644,4495,megamare,Salud y Belleza,modelo_producto
4645,11576,amazfit fashion gts 2 mini,Electro y Tecno,modelo_producto
4646,5301,batidora de mesa,Electro y Tecno,categoria_generica
4647,9443,sombrilla banana,"Muebles, Hogar y Deco",categoria_generica
4648,6252,licuadora midea,Electro y Tecno,categoria_marca
4649,7148,heladera bambi con dispenser,Electro y Tecno,modelo_producto
4650,12528,fratacho albañil,Electro y Tecno,categoria_generica
4651,6905,compresor doble piston,Autos y Motos,categoria_generica
4652,2520,epiphone les paul special ii,Electro y Tecno,modelo_producto
4653,12529,pala revocadora,Electro y Tecno,categoria_generica
4654,2496,monopatin electrico para niños,Deporte y Fitness,categoria_atributo
4655,5440,horno electrico 9 litros,Electro y Tecno,categoria_atributo
4656,5398,estacion de soldado gadnic,Electro y Tecno,modelo_producto
4657,1031,monky loco,Bebes y Niños,categoria_generica
4658,6786,mochila con ojos led,Indumentaria y Calzado,modelo_producto
4659,9449,mesa y sillas,"Muebles, Hogar y Deco",categoria_generica
4660,5927,bajo mesada 1.20,"Muebles, Hogar y Deco",modelo_producto
4661,9150,babyliss ferrari,Salud y Belleza,categoria_generica
4662,6676,camara fotos niños,Electro y Tecno,categoria_generica
4663,6560,hp laserjet mfp m141w,Electro y Tecno,modelo_producto
4664,3710,flotante para mochila,Indumentaria y Calzado,categoria_generica
4665,1449,xiaomi poco m8,Electro y Tecno,modelo_producto
4666,5489,aspiradora samsung inalambrica,Electro y Tecno,categoria_marca
4667,12481,exo e25,Electro y Tecno,categoria_generica
4668,6037,juguete sacaleche gadnic,Bebes y Niños,categoria_marca
4669,5458,cafetera nespresso inissia black,Electro y Tecno,modelo_producto
4670,8261,termo kovea,"Muebles, Hogar y Deco",categoria_generica
4671,3937,bicicleta con canasto,Deporte y Fitness,categoria_generica
4672,12597,gaomon s620,Electro y Tecno,categoria_generica
4673,8762,iphone 13 mini colores,Electro y Tecno,modelo_producto
4674,7603,antena directv prepago carrefour,Deporte y Fitness,modelo_producto
4675,10323,retro game consola,Electro y Tecno,categoria_generica
4676,2248,jarra eléctrica,Electro y Tecno,categoria_atributo
4677,5365,modular rack tv lcd puertas,"Muebles, Hogar y Deco",modelo_producto
4678,11949,aire portatil midea 3000,Electro y Tecno,modelo_producto
4679,1631,ducha inteligente,Electro y Tecno,categoria_generica
4680,3823,le male perfume,Salud y Belleza,categoria_generica
4681,11556,juguete zyclops,Bebes y Niños,categoria_generica
4682,3415,juguete estacion de planchado,Bebes y Niños,modelo_producto
4683,2476,l'eau d'issey,Salud y Belleza,modelo_producto
4684,5491,samsung s23 fe,Electro y Tecno,modelo_producto
4685,11194,comoda ricchezze,"Muebles, Hogar y Deco",categoria_generica
4686,7233,minipimer philips,Electro y Tecno,categoria_marca
4687,12252,t rex 2,Electro y Tecno,categoria_generica
4688,6095,balanza que mide masa muscular,Electro y Tecno,modelo_producto
4689,2521,motorola moto edge 30 pro,Electro y Tecno,modelo_producto
4690,10614,pixpro celular,Electro y Tecno,categoria_generica
4691,9452,strike juego,"Muebles, Hogar y Deco",categoria_generica
4692,8661,exo all in one,Electro y Tecno,modelo_producto
4693,2082,calefon peisa,Electro y Tecno,categoria_generica
4694,12870,bomba para riego jardin,"Muebles, Hogar y Deco",modelo_producto
4695,12412,aromatizador eléctrico,Electro y Tecno,categoria_atributo
4696,8743,dell inspiron 15 i7,Electro y Tecno,modelo_producto
4697,8975,proyector android 4k,Electro y Tecno,categoria_generica
4698,8816,aspiradora electrolux ingenio,Electro y Tecno,categoria_marca
4699,3197,planchita flequillera,Salud y Belleza,categoria_generica
4700,1986,lavarropas philco 6.5 kg,Electro y Tecno,modelo_producto
4701,4567,piano de juguete,Bebes y Niños,categoria_generica
4702,281,ryzen 5 4600g,Electro y Tecno,categoria_generica
4703,3772,tetera de hierro,"Muebles, Hogar y Deco",categoria_generica
4704,1822,jbl 520bt,Electro y Tecno,modelo_producto
4705,5316,valijas,Indumentaria y Calzado,categoria_generica
4706,2733,cartucheras aesthetic,Deporte y Fitness,categoria_generica
4707,9014,nokia 520,Electro y Tecno,categoria_generica
4708,4031,porta cepillo de dientes pared,Electro y Tecno,modelo_producto
4709,8215,organizador para ropa interior,"Muebles, Hogar y Deco",modelo_producto
4710,122,chromecast 4,Electro y Tecno,categoria_generica
4711,12727,cocina brogas 2 hornallas con horno,Electro y Tecno,modelo_producto
4712,9366,tv 19 pulgadas,Electro y Tecno,categoria_atributo
4713,2283,espejo rectangular,"Muebles, Hogar y Deco",categoria_generica
4714,3535,stanley flip straw,Electro y Tecno,categoria_marca
4715,295,motorola g56,Electro y Tecno,modelo_producto
4716,12297,wanama fruity bomb,Electro y Tecno,categoria_generica
4717,7525,my little pony muñecas,Bebes y Niños,modelo_producto
4718,6870,nebulizador san up 3050,Salud y Belleza,modelo_producto
4719,6417,rum raisin revlon,Salud y Belleza,categoria_generica
4720,11673,cargador de pared motorola razr 40 ultra motorola,Electro y Tecno,modelo_producto
4721,7926,sega 16 bits,Electro y Tecno,categoria_generica
4722,7572,muñeca my scene,Bebes y Niños,categoria_generica
4723,2176,dolce gusto genio s,Electro y Tecno,modelo_producto
4724,2676,silla de computadora,"Muebles, Hogar y Deco",categoria_generica
4725,4850,gaggia classic,Electro y Tecno,categoria_generica
4726,435,samsung s23 ultra,Electro y Tecno,modelo_producto
4727,4363,colchón en caja 1 plaza,"Muebles, Hogar y Deco",modelo_producto
4728,1869,huawei p8,Electro y Tecno,categoria_generica
4729,11702,samsung galaxy s23 ultra phantom black,Electro y Tecno,modelo_producto
4730,4873,hidrolavadora profesional,Electro y Tecno,categoria_atributo
4731,8815,acer chromebook touch,Electro y Tecno,categoria_marca
4732,8560,helatodo 28 litros,Deporte y Fitness,categoria_atributo
4733,6297,deshidratador de frutas,Electro y Tecno,categoria_generica
4734,8735,redmi 13c midnight black,Electro y Tecno,modelo_producto
4735,12944,sabanas cannon,"Muebles, Hogar y Deco",categoria_generica
4736,861,stallion 53,Salud y Belleza,categoria_generica
4737,4464,depiladora philips lumea,Salud y Belleza,categoria_marca
4738,6523,calefactor 3500 calorias tiro balanceado,Electro y Tecno,modelo_producto
4739,7215,mirilla digital,Electro y Tecno,categoria_generica
4740,6526,drean gold blue 10.8,Electro y Tecno,modelo_producto
4741,6079,pelota de barcelona,Deporte y Fitness,categoria_generica
4742,7873,sandalias montagne mujer,Electro y Tecno,categoria_generica
4743,4984,manta polar 1 plaza,"Muebles, Hogar y Deco",modelo_producto
4744,7535,cuna colecho glee,Bebes y Niños,categoria_generica
4745,11235,sealy spirit,"Muebles, Hogar y Deco",categoria_generica
4746,768,iphone 7 plus,Electro y Tecno,modelo_producto
4747,10748,sodastream power,Electro y Tecno,categoria_generica
4748,5501,hp motosierra naftera,Electro y Tecno,categoria_marca
4749,287,fila kr5,Indumentaria y Calzado,categoria_generica
4750,694,samsung tv 43 pulgadas smart,Electro y Tecno,modelo_producto
4751,4657,ken brown smart tv,Electro y Tecno,categoria_atributo
4752,5266,sanyo tv,Electro y Tecno,categoria_generica
4753,9682,4x4 a control remoto,Bebes y Niños,modelo_producto
4754,11263,depiladora braun silk-épil 5,Salud y Belleza,modelo_producto
4755,11821,hp envy x360 15,Electro y Tecno,modelo_producto
4756,7649,despensero,Deporte y Fitness,modelo_producto
4757,8387,perfume rumba,Salud y Belleza,categoria_generica
4758,5388,garmin vivoactive,Autos y Motos,categoria_generica
4759,11230,set coctelera,"Muebles, Hogar y Deco",categoria_generica
4760,12596,skullcandy dime,Electro y Tecno,categoria_generica
4761,10143,iphone funda transparente magsafe,Electro y Tecno,modelo_producto
4762,12839,mesa de jardin de vidrio,"Muebles, Hogar y Deco",modelo_producto
4763,1224,epson l380,Electro y Tecno,categoria_generica
4764,1792,acer nitro v15,Electro y Tecno,modelo_producto
4765,5290,cargador apple,Electro y Tecno,categoria_marca
4766,1302,iphone 16 ultramarine,Electro y Tecno,modelo_producto
4767,6968,juguete steam train,Bebes y Niños,categoria_generica
4768,10611,ventilador sigma,Electro y Tecno,categoria_generica
4769,6860,batman ps3,"Muebles, Hogar y Deco",categoria_generica
4770,7092,termotanque electrico ranser,Electro y Tecno,categoria_atributo
4771,4697,samsung galaxy m55,Electro y Tecno,modelo_producto
4772,9820,bose tv speaker,Electro y Tecno,categoria_generica
4773,1619,noblex b30,Electro y Tecno,modelo_producto
4774,11006,bidon termico 2 litros,"Muebles, Hogar y Deco",categoria_atributo
4775,3363,b12 sublingual,Salud y Belleza,categoria_generica
4776,11557,juguete alaska,Electro y Tecno,categoria_generica
4777,12300,lg xboom rn5,Electro y Tecno,modelo_producto
4778,9210,zapatillas reebok royal hombre,Indumentaria y Calzado,modelo_producto
4779,5027,chifonier 5 cajones,"Muebles, Hogar y Deco",categoria_generica
4780,6351,cama tatami 2 plazas,"Muebles, Hogar y Deco",modelo_producto
4781,9817,linterna tactica militar,Deporte y Fitness,categoria_generica
4782,12267,cafetera vidrio embolo,Electro y Tecno,categoria_generica
4783,11992,philips mini led 75,Electro y Tecno,modelo_producto
4784,1643,microondas philco,Electro y Tecno,categoria_marca
4785,4303,ollas carote,Electro y Tecno,categoria_generica
4786,7672,iphone 15 pro max white,Electro y Tecno,modelo_producto
4787,7510,cunas practicunas y corralitos,Bebes y Niños,categoria_generica
4788,1882,maquina soldar soldadora femmto inverter,Electro y Tecno,categoria_atributo
4789,8439,juguete mack rayo mcqueen,Bebes y Niños,modelo_producto
4790,7927,cortadora de pelo kemei,Salud y Belleza,modelo_producto
4791,8629,heladera exhibidora vertical doble puerta,Electro y Tecno,modelo_producto
4792,9344,escalera 8 escalones,"Muebles, Hogar y Deco",categoria_generica
4793,12585,kotion g2000,Electro y Tecno,categoria_generica
4794,8401,pirelli super city 17,Autos y Motos,modelo_producto
4795,9638,fixie rodado 28,Bebes y Niños,categoria_atributo
4796,3972,xiaomi poco x4 pro 5g,Electro y Tecno,modelo_producto
4797,1885,valija chica,Indumentaria y Calzado,categoria_generica
4798,128,modeladores y rizadores,Salud y Belleza,categoria_generica
4799,4880,tromen chalten,Electro y Tecno,categoria_generica
4800,7379,lampara solar led exterior,"Muebles, Hogar y Deco",modelo_producto
4801,11730,celular nokia 5.1 plus,Electro y Tecno,modelo_producto
4802,6642,brother 1200 impresora,Electro y Tecno,categoria_generica
4803,6665,horno electrico electrolux,Electro y Tecno,categoria_marca
4804,2265,bajo mesada,"Muebles, Hogar y Deco",categoria_generica
4805,12001,ventilador de techo star trak,Electro y Tecno,modelo_producto
4806,9292,tv sansei 43,Electro y Tecno,categoria_generica
4807,8719,lenovo ideapad 320 i3,Electro y Tecno,modelo_producto
4808,7722,moto electrica 3 ruedas,Electro y Tecno,categoria_atributo
4809,456,celular zte,Electro y Tecno,categoria_generica
4810,7832,funda samsung a50,Electro y Tecno,modelo_producto
4811,630,juguete seca platos,Bebes y Niños,categoria_generica
4812,6461,tomaselli rodado 20,Deporte y Fitness,categoria_atributo
4813,3779,mopa a vapor,"Muebles, Hogar y Deco",categoria_generica
4814,10864,singer 6699,Electro y Tecno,categoria_generica
4815,12457,samsung un75au8000gczb,Electro y Tecno,modelo_producto
4816,13039,shampoo biodegradable,Salud y Belleza,categoria_generica
4817,6403,europillow,"Muebles, Hogar y Deco",modelo_producto
4818,7608,kit bici moto,Deporte y Fitness,categoria_generica
4819,2576,auriculares inalambricos lenovo,Electro y Tecno,categoria_marca
4820,7318,barrealfombras,Electro y Tecno,modelo_producto
4821,12335,nespresso citiz milk,Electro y Tecno,categoria_generica
4822,9992,planchita gama kerashine 4d,Electro y Tecno,modelo_producto
4823,1725,mini me,Electro y Tecno,categoria_generica
4824,2981,banquito de madera,"Muebles, Hogar y Deco",categoria_generica
4825,4853,noblex a60,Electro y Tecno,modelo_producto
4826,4734,horno electrico smeg,Electro y Tecno,categoria_atributo
4827,11433,juguete tienda de donas juliana,Bebes y Niños,modelo_producto
4828,12186,maquina wahl para bebes,Salud y Belleza,modelo_producto
4829,1401,punteros laser,Electro y Tecno,categoria_generica
4830,11932,samsung 7000 55 pulgadas,Electro y Tecno,modelo_producto
4831,8226,tacho de basura doble,"Muebles, Hogar y Deco",modelo_producto
4832,9699,nes classic edition,Bebes y Niños,categoria_generica
4833,3611,pochoclera stitch,Electro y Tecno,categoria_generica
4834,6892,mini masajeador,Salud y Belleza,categoria_generica
4835,12246,samsung s23 green,Electro y Tecno,modelo_producto
4836,573,cuchillo mariposa,"Muebles, Hogar y Deco",categoria_generica
4837,4089,auriculares philips inalámbricos,Electro y Tecno,categoria_marca
4838,9168,heladera coleman,Electro y Tecno,categoria_generica
4839,12214,heladera electrolux heni3900p,Electro y Tecno,modelo_producto
4840,11582,bicicleta rodado 29 philco escape,Deporte y Fitness,modelo_producto
4841,12660,mochila samsonite notebook,Indumentaria y Calzado,categoria_generica
4842,7317,churrera,Electro y Tecno,modelo_producto
4843,9339,tv hyundai 32,Electro y Tecno,categoria_generica
4844,6604,sony wi c100,Electro y Tecno,modelo_producto
4845,12925,canilla de bronce,"Muebles, Hogar y Deco",categoria_generica
4846,10087,smart tv 32 admiral,Electro y Tecno,categoria_atributo
4847,2397,dji neo 2,Electro y Tecno,categoria_generica
4848,11025,termo contigo 750 ml,"Muebles, Hogar y Deco",modelo_producto
4849,4683,asus gabinete mini atx,Electro y Tecno,modelo_producto
4850,9408,cocina tivoli,Electro y Tecno,categoria_generica
4851,3518,philips oneblade pro,Electro y Tecno,categoria_marca
4852,8366,complejo b,Salud y Belleza,categoria_generica
4853,11872,samsung galaxy sm-a045mzkearo,Electro y Tecno,modelo_producto
4854,1962,excavadora de juguete,Bebes y Niños,categoria_generica
4855,11531,juguete bolso sixzero,Deporte y Fitness,categoria_generica
4856,6743,ojotas sandalias,Electro y Tecno,categoria_generica
4857,9337,placard bahia orlandi,"Muebles, Hogar y Deco",categoria_generica
4858,2544,surrey aire acondicionado portatil,Electro y Tecno,modelo_producto
4859,3155,cargador tipo lightning,Electro y Tecno,categoria_generica
4860,6308,moto bajaj rouser ls 125,Electro y Tecno,modelo_producto
4861,3850,garden plus,Autos y Motos,categoria_generica
4862,9631,autos a radio control 4x4,Bebes y Niños,modelo_producto
4863,9622,tensiometro digital de muñeca aspen,Salud y Belleza,modelo_producto
4864,4257,caloventor inverter,Electro y Tecno,categoria_atributo
4865,7102,cafetera 5 hispanos,Electro y Tecno,categoria_generica
4866,919,docking,Electro y Tecno,modelo_producto
4867,12891,toalla topper,"Muebles, Hogar y Deco",categoria_marca
4868,530,sillon cama 2 plazas,"Muebles, Hogar y Deco",modelo_producto
4869,5978,almohadones sillon,"Muebles, Hogar y Deco",categoria_generica
4870,12342,auriculares deportivos sony,Electro y Tecno,categoria_marca
4871,120,samsung s20 fe,Electro y Tecno,modelo_producto
4872,10651,tablet neso,Electro y Tecno,categoria_generica
4873,2487,homedics masajeador,Salud y Belleza,categoria_generica
4874,4122,dell latitude 5430,Electro y Tecno,modelo_producto
4875,10749,daewoo nova,Electro y Tecno,categoria_generica
4876,3878,juguete coraline muñeca,Bebes y Niños,categoria_generica
4877,10069,motorola moto e40 ram,Electro y Tecno,modelo_producto
4878,3304,tender acero inoxidable,"Muebles, Hogar y Deco",categoria_generica
4879,7862,xbox volante noga,Electro y Tecno,categoria_generica
4880,6093,philips cafetera con jarra de acero inoxidable,Electro y Tecno,modelo_producto
4881,11008,respaldo de cama con estantes flotantes,"Muebles, Hogar y Deco",modelo_producto
4882,2016,tcl 50 5g,Electro y Tecno,categoria_generica
4883,4957,mochila oakley,Indumentaria y Calzado,categoria_generica
4884,8945,panacom parlante portatil,Electro y Tecno,categoria_atributo
4885,2531,galaxy tab a7 lite,Electro y Tecno,modelo_producto
4886,6145,samsung heladera bespoke,Electro y Tecno,categoria_marca
4887,4863,yogurtera smartlife,Electro y Tecno,categoria_generica
4888,6581,cafetera volturno 3 pocillos,Electro y Tecno,modelo_producto
4889,2271,plaza blanda bebes,"Muebles, Hogar y Deco",categoria_generica
4890,1532,antena wifi,Deporte y Fitness,categoria_atributo
4891,3001,exfoliante dove,Salud y Belleza,categoria_generica
4892,9669,monopatin kany t10,Deporte y Fitness,categoria_generica
4893,11831,ventilador turbo magiclick 20,Electro y Tecno,modelo_producto
4894,2406,waflera mickey,Electro y Tecno,categoria_generica
4895,10039,cable fonseca 2.5,Electro y Tecno,modelo_producto
4896,3742,cocina arthur martin,Electro y Tecno,categoria_generica
4897,5390,casas y carpas infantiles,Bebes y Niños,categoria_generica
4898,3413,piso de goma para bebes,Bebes y Niños,modelo_producto
4899,135,samsung a35,Electro y Tecno,modelo_producto
4900,8131,mochila porta notebook impermeable,Indumentaria y Calzado,modelo_producto
4901,416,juguete cubiertos tramontina,"Muebles, Hogar y Deco",categoria_generica
4902,12719,lampara led inteligente philips wifi smart color e27,"Muebles, Hogar y Deco",modelo_producto
4903,2298,fosfatidilserina,Salud y Belleza,modelo_producto
4904,2027,chifonier 6 cajones,Electro y Tecno,categoria_generica
4905,2373,philco estufa hongo,Electro y Tecno,categoria_marca
4906,11830,telefunken smart wash 700,Electro y Tecno,categoria_atributo
4907,8688,coto anafe eléctrico liliana,Electro y Tecno,modelo_producto
4908,3139,heladera vitrina mostrador,Electro y Tecno,categoria_generica
4909,10021,tv bgh 32 lcd,Electro y Tecno,modelo_producto
4910,12284,neutrogena ultra sheer,Salud y Belleza,categoria_generica
4911,4441,termo hudson,"Muebles, Hogar y Deco",categoria_generica
4912,5563,kanji tablet,Electro y Tecno,categoria_generica
4913,9955,sony joystick god of war,Electro y Tecno,modelo_producto
4914,7833,beelink mini pc,Electro y Tecno,categoria_generica
4915,7782,philco radio portátil digital,Electro y Tecno,modelo_producto
4916,9464,pastarella,"Muebles, Hogar y Deco",modelo_producto
4917,4534,juguete feisty pets,Bebes y Niños,categoria_generica
4918,2873,smartwatch gadnic,Electro y Tecno,categoria_marca
4919,932,celular samsung s23,Electro y Tecno,modelo_producto
4920,4800,huawei auriculares,Electro y Tecno,categoria_generica
4921,3439,kit de herramientas completo,Deporte y Fitness,modelo_producto
4922,3194,licuadora portátil,Electro y Tecno,categoria_atributo
4923,3333,lola pets,"Muebles, Hogar y Deco",categoria_generica
4924,3956,microcomponente,Electro y Tecno,modelo_producto
4925,8925,balanza digital omron,Electro y Tecno,categoria_generica
4926,10129,auriculares hyperx cloud alpha,Electro y Tecno,modelo_producto
4927,2670,colchoneta inflable,Deporte y Fitness,categoria_generica
4928,4960,talle 42,Indumentaria y Calzado,categoria_generica
4929,1939,stress killer,Salud y Belleza,categoria_generica
4930,1575,apex pro tkl,Electro y Tecno,categoria_generica
4931,2790,notebook lenovo i5,Electro y Tecno,modelo_producto
4932,11240,tuppers hermeticos,"Muebles, Hogar y Deco",categoria_generica
4933,1420,buds 3 pro,Electro y Tecno,categoria_generica
4934,9244,cubrepiletas,"Muebles, Hogar y Deco",modelo_producto
4935,350,alcatel,Electro y Tecno,modelo_producto
4936,9146,fuente iphone,Electro y Tecno,categoria_marca
4937,6402,rummikub juego rummy burako original,Bebes y Niños,modelo_producto
4938,5382,autocpap,Salud y Belleza,modelo_producto
4939,7995,cuenta billetes,Electro y Tecno,categoria_generica
4940,10132,philco horno eléctrico con anafe,Electro y Tecno,modelo_producto
4941,10305,hitachi 42 pulgadas,Electro y Tecno,categoria_atributo
4942,81,muñeco buzz lightyear,Bebes y Niños,categoria_generica
4943,12729,pileta sol de verano 7800 litros,"Muebles, Hogar y Deco",categoria_atributo
4944,6531,bomba centrifuga 1 hp gamma,Electro y Tecno,modelo_producto
4945,4724,soundcore life q30,Electro y Tecno,categoria_generica
4946,12949,pinza para lampara,"Muebles, Hogar y Deco",categoria_generica
4947,3096,galaxy book 3 pro,Electro y Tecno,modelo_producto
4948,9519,maybelline skin tint,Salud y Belleza,categoria_generica
4949,8037,logitech g735,Electro y Tecno,categoria_generica
4950,8563,lenovo yoga i7,Electro y Tecno,modelo_producto
4951,6343,sommier con baulera 2 plazas,"Muebles, Hogar y Deco",modelo_producto
4952,2865,heladera conqueror,Electro y Tecno,categoria_generica
4953,10300,estufa liliana vulcano,Electro y Tecno,categoria_marca
4954,7401,acolchado hello kitty,"Muebles, Hogar y Deco",categoria_generica
4955,12353,repuesto lluvia de bidet,Electro y Tecno,modelo_producto
4956,10711,aspiradora de mesa,Electro y Tecno,categoria_generica
4957,3130,maquina de coser florencia,Electro y Tecno,modelo_producto
4958,8790,toallero electrico atrim,Electro y Tecno,categoria_atributo
4959,6518,calefaccion a lena,Electro y Tecno,categoria_generica
4960,6442,rodados para niños,Bebes y Niños,categoria_generica
4961,11947,samsung galaxy sm-g780gzblaro,Electro y Tecno,modelo_producto
4962,4604,doggy bag,Deporte y Fitness,categoria_generica
4963,11396,bateria lusqtoff,Autos y Motos,categoria_generica
4964,7408,cama elástica grande,"Muebles, Hogar y Deco",categoria_generica
4965,12138,maquina mini donas,Electro y Tecno,categoria_generica
4966,11733,"galaxy book3 pro 360 16""",Electro y Tecno,modelo_producto
4967,8370,airwrap dyson,Salud y Belleza,categoria_generica
4968,8565,mesa plegable pvc,Deporte y Fitness,categoria_atributo
4969,8232,box de cama con cajones,"Muebles, Hogar y Deco",modelo_producto
4970,6644,hp notebook chromebook,Electro y Tecno,categoria_marca
4971,977,drones,Electro y Tecno,modelo_producto
4972,7101,ollas tramontina teflon,Electro y Tecno,categoria_generica
4973,2926,mochila arena natacion,Indumentaria y Calzado,categoria_generica
4974,7544,bolsa de dormir peluche,Bebes y Niños,modelo_producto
4975,6915,protector solar eucerin oil control,Salud y Belleza,modelo_producto
4976,3075,impresora hp deskjet ink advantage 2135,Electro y Tecno,modelo_producto
4977,10770,teclado cx,Electro y Tecno,categoria_generica
4978,12888,girabola duravit,"Muebles, Hogar y Deco",categoria_generica
4979,7119,horno de 45 litros,Electro y Tecno,categoria_atributo
4980,6130,impresora hp deskjet 2675,Electro y Tecno,modelo_producto
4981,10542,cafetera russell hobbs,Electro y Tecno,categoria_generica
4982,11694,lenovo ideapad 5 pro ryzen 9,Electro y Tecno,modelo_producto
4983,11397,instrumentos musicales,Bebes y Niños,categoria_generica
4984,5252,poco f7 ultra,Electro y Tecno,categoria_generica
4985,1726,paleta adidas,Deporte y Fitness,categoria_marca
4986,8174,bajo mesada orlandi 1.20,"Muebles, Hogar y Deco",modelo_producto
4987,5112,perfume quartz,Salud y Belleza,categoria_generica
4988,2002,asus rtx 4070 super,Electro y Tecno,modelo_producto
4989,4289,aire samsung,Electro y Tecno,categoria_marca
4990,6395,filtro pileta,"Muebles, Hogar y Deco",categoria_generica
4991,6770,auriculares pro,Electro y Tecno,categoria_generica
4992,9942,secarropas kohinoor 6.2 kg,Electro y Tecno,modelo_producto
4993,10165,cafetera nespresso citiz & milk,Electro y Tecno,modelo_producto
4994,1629,tecno bg7,Electro y Tecno,categoria_generica
4995,2404,huevera electrica,Electro y Tecno,categoria_atributo
4996,9933,heladera siam side by side,Electro y Tecno,modelo_producto
4997,5983,cama baja,"Muebles, Hogar y Deco",categoria_generica
4998,12217,amazon fire 7,Electro y Tecno,categoria_generica
4999,6505,bicicleta fija magnética,Deporte y Fitness,categoria_generica
5000,5736,cava whirlpool 12 botellas,Electro y Tecno,modelo_producto
5001,6034,carpa para 2 personas impermeable,Deporte y Fitness,modelo_producto
5002,11933,ducha con duchador de mano fv,"Muebles, Hogar y Deco",modelo_producto
5003,2887,licuadora kitchenaid,Electro y Tecno,categoria_generica
5004,9116,cargador xiaomi,Electro y Tecno,categoria_marca
5005,1370,enjuague bucal antiséptico,Salud y Belleza,categoria_generica
5006,2179,redmi buds 5 pro,Electro y Tecno,modelo_producto
5007,7550,chaleco salvavidas niños,Bebes y Niños,categoria_generica
5008,10812,adaptador multiple,Electro y Tecno,categoria_generica
5009,4436,hachuela de cocina,"Muebles, Hogar y Deco",categoria_generica
5010,1880,cortaplumas,Electro y Tecno,modelo_producto
5011,3898,juguete chorizo para puerta,Bebes y Niños,modelo_producto
5012,3820,skala crema de peinar,Salud y Belleza,modelo_producto
5013,5520,jeringa gastronomica,Electro y Tecno,categoria_generica
5014,12101,lg xboom ol45,Electro y Tecno,modelo_producto
5015,738,panchera electrica,Electro y Tecno,categoria_atributo
5016,8270,medias de entrenamiento,Indumentaria y Calzado,categoria_generica
5017,11661,freidora de aire moulinex easy fry deluxe 4.2 litros inox,Electro y Tecno,modelo_producto
5018,5517,botella nalgene,Electro y Tecno,categoria_generica
5019,12667,palanca de mochila ferrum,Indumentaria y Calzado,modelo_producto
5020,4342,relojes de pared,"Muebles, Hogar y Deco",categoria_generica
5021,4352,sommier 1 plaza con cama abajo,"Muebles, Hogar y Deco",modelo_producto
5022,8981,balanza digital philco,Electro y Tecno,categoria_marca
5023,6572,apple cargador de auriculares inalambricos,Electro y Tecno,modelo_producto
5024,7993,router nisuta,Electro y Tecno,categoria_generica
5025,159,masajeador de pies,Salud y Belleza,categoria_generica
5026,7021,iphone 11 pro max price,Electro y Tecno,modelo_producto
5027,164,guitarra criolla,Electro y Tecno,categoria_generica
5028,3904,peluche labubu stitch,Bebes y Niños,categoria_generica
5029,11968,steelseries arctis pro wireless,Electro y Tecno,modelo_producto
5030,6646,fitbit charge 6,Electro y Tecno,categoria_generica
5031,8312,espejo 40x60,"Muebles, Hogar y Deco",categoria_generica
5032,3072,climatizacion,Electro y Tecno,modelo_producto
5033,4676,termotanque sirena 60 litros,Electro y Tecno,categoria_atributo
5034,4288,calefactor vitroceramico,Electro y Tecno,categoria_generica
5035,406,playstation spider-man 2,Electro y Tecno,modelo_producto
5036,284,auriculares inalambricos jbl,Electro y Tecno,categoria_marca
5037,4942,inodoro con mochila y bidet,"Muebles, Hogar y Deco",modelo_producto
5038,3447,guantes de entrenamiento,Deporte y Fitness,categoria_generica
5039,12313,proyector 2000 lúmenes,Electro y Tecno,categoria_generica
5040,10536,iphone cargador de airpods,Electro y Tecno,modelo_producto
5041,6387,set herramientas,"Muebles, Hogar y Deco",categoria_generica
5042,3352,sillones masajeadores,Salud y Belleza,categoria_generica
5043,3975,calefactor eskabe 3000 sin salida,Electro y Tecno,modelo_producto
5044,795,nubia music 2,Electro y Tecno,categoria_generica
5045,2509,bici oxea rodado 29,Deporte y Fitness,categoria_atributo
5046,1039,figura funko pop stranger things,Bebes y Niños,modelo_producto
5047,446,rasuradora,Salud y Belleza,modelo_producto
5048,10512,motorola edge 2022,Electro y Tecno,modelo_producto
5049,2061,juliana doctora,Bebes y Niños,categoria_generica
5050,12391,sky f2g,Electro y Tecno,categoria_generica
5051,11852,tablet x-view quantum q10,Electro y Tecno,modelo_producto
5052,7414,sihoo m18,"Muebles, Hogar y Deco",categoria_generica
5053,2378,horno pizzero portatil,Electro y Tecno,categoria_atributo
5054,8058,motorola pulse,Electro y Tecno,categoria_marca
5055,1057,tv box 8k,Electro y Tecno,categoria_generica
5056,2948,tender vertical con ruedas,"Muebles, Hogar y Deco",modelo_producto
5057,10017,celular samsung a52s 5g,Electro y Tecno,modelo_producto
5058,6301,consola mixer,Electro y Tecno,categoria_generica
5059,10846,sony wx500,Electro y Tecno,modelo_producto
5060,8156,mochila mariposa,Indumentaria y Calzado,categoria_generica
5061,1369,invictus victory elixir,Salud y Belleza,categoria_generica
5062,9523,masajeador philco,Salud y Belleza,categoria_marca
5063,3207,horno pizzero,Electro y Tecno,categoria_generica
5064,8296,sombrilla carpa,"Muebles, Hogar y Deco",categoria_generica
5065,8729,jbl endurance race tws,Electro y Tecno,modelo_producto
5066,6135,hp monitor 27 pulgadas,Electro y Tecno,modelo_producto
5067,12078,11 pro graphite,Electro y Tecno,categoria_generica
5068,2699,dvd portatiles,Autos y Motos,categoria_generica
5069,4554,juguete esterilizador mamaderas,Bebes y Niños,categoria_generica
5070,12192,consola gadnic retro,Electro y Tecno,categoria_marca
5071,6455,mesa de luz platinum,"Muebles, Hogar y Deco",modelo_producto
5072,7857,aparejo de 2 toneladas,Electro y Tecno,modelo_producto
5073,2336,termotanque señorial 65 litros,Electro y Tecno,categoria_atributo
5074,5306,sierra circular,Electro y Tecno,categoria_generica
5075,465,mini brands,Deporte y Fitness,categoria_generica
5076,7442,termo pava,"Muebles, Hogar y Deco",categoria_generica
5077,2771,samsung buds 2 pro,Electro y Tecno,modelo_producto
5078,8855,soporte pie guitarra,Electro y Tecno,categoria_generica
5079,6637,jbl partybox 100,Electro y Tecno,modelo_producto
5080,11383,auto radio control spiderman,Autos y Motos,modelo_producto
5081,5315,cepillo dientes electrico oclean oclean,Salud y Belleza,categoria_atributo
5082,1257,fine colageno,Salud y Belleza,categoria_generica
5083,3263,oppo a5,Electro y Tecno,categoria_generica
5084,7530,muñeca monster high spectra,Bebes y Niños,modelo_producto
5085,6878,masajeador espalda y cuello,Salud y Belleza,modelo_producto
5086,12343,samsung note 3,Electro y Tecno,modelo_producto
5087,8577,bolso triangular para bicicleta,Deporte y Fitness,modelo_producto
5088,9445,fumanyi cartas,"Muebles, Hogar y Deco",categoria_generica
5089,4842,clipper kemei,Electro y Tecno,categoria_generica
5090,697,philco lavavajillas de mesada,Electro y Tecno,modelo_producto
5091,4164,motorola edge pro,Electro y Tecno,categoria_marca
5092,11026,termo stanley 591 ml,"Muebles, Hogar y Deco",modelo_producto
5093,8091,potencia con bluetooth,Electro y Tecno,categoria_atributo
5094,2910,licuadora yelmo,Electro y Tecno,categoria_generica
5095,7061,aire frio calor philco,Electro y Tecno,modelo_producto
5096,3876,juguete encendedor electronico,Bebes y Niños,categoria_generica
5097,10041,nokia 3.1 plus,Electro y Tecno,modelo_producto
5098,1154,crown mustang,Electro y Tecno,categoria_generica
5099,625,cortadores ralladores y picadores,"Muebles, Hogar y Deco",categoria_generica
5100,10891,impresora fotografica canon pixma g610,Electro y Tecno,modelo_producto
5101,12253,acacia tienda campaña,Electro y Tecno,categoria_generica
5102,7486,termometro aspen,Salud y Belleza,categoria_generica
5103,11255,blument,Electro y Tecno,modelo_producto
5104,6283,cafetera midea,Electro y Tecno,categoria_marca
5105,9228,zapatillas 35 mujer,Indumentaria y Calzado,categoria_generica
5106,4897,mouse trackball,Electro y Tecno,categoria_generica
5107,3301,sillon berger 1 cuerpo,"Muebles, Hogar y Deco",modelo_producto
5108,12247,lenovo rtx 3080,Electro y Tecno,modelo_producto
5109,1348,colchón 1 plaza alta densidad,"Muebles, Hogar y Deco",categoria_generica
5110,7458,luz inalambrica,"Muebles, Hogar y Deco",categoria_atributo
5111,1275,sin salida,Electro y Tecno,categoria_generica
5112,6520,rca smart tv 55 4k características,Electro y Tecno,categoria_atributo
5113,6269,inmotion s1,Deporte y Fitness,categoria_generica
5114,1122,jbl boombox 4,Electro y Tecno,modelo_producto
5115,5409,juguete butaca 360,Bebes y Niños,categoria_generica
5116,12521,enova cloudbook,Electro y Tecno,categoria_generica
5117,144,pastalinda,Electro y Tecno,modelo_producto
5118,8271,caja registradora,"Muebles, Hogar y Deco",categoria_generica
5119,10053,freidora de aire ken brown,Electro y Tecno,modelo_producto
5120,2402,lavarropas smartlife,Electro y Tecno,categoria_generica
5121,6917,mamadera avent 330 ml,Bebes y Niños,modelo_producto
5122,5994,afeitadora braun serie 9,Salud y Belleza,modelo_producto
5123,5129,torno de banco,Salud y Belleza,categoria_generica
5124,4202,motorola play x,Electro y Tecno,categoria_marca
5125,11721,heladera kohinoor kga 4094/7,Electro y Tecno,modelo_producto
5126,11442,mesa de luz orlandi abedul,"Muebles, Hogar y Deco",modelo_producto
5127,10719,parlante royalcell,Electro y Tecno,categoria_generica
5128,8545,bicicleta peretti rodado 26,Deporte y Fitness,categoria_atributo
5129,10464,tiro al para niños,Electro y Tecno,modelo_producto
5130,798,garmin forerunner 165,Electro y Tecno,categoria_generica
5131,8062,reloj bluetooth,Electro y Tecno,categoria_atributo
5132,6840,biblioteca wengue,"Muebles, Hogar y Deco",categoria_generica
5133,8182,cocina arthur martin antigua,Electro y Tecno,modelo_producto
5134,8398,bateria p smart 2019,Autos y Motos,categoria_atributo
5135,12366,gabinete gfast,Electro y Tecno,categoria_generica
5136,5332,cocina escorial 4 hornallas,Electro y Tecno,modelo_producto
5137,8536,muñeco batman,Bebes y Niños,categoria_generica
5138,12568,dyson am09,Electro y Tecno,categoria_generica
5139,6120,whirlpool heladera 120 litros,Electro y Tecno,modelo_producto
5140,8017,batidora philips,Electro y Tecno,categoria_marca
5141,7484,fidelite crema,Salud y Belleza,categoria_generica
5142,10929,talle l en campera,Indumentaria y Calzado,modelo_producto
5143,2450,colchones queen,"Muebles, Hogar y Deco",categoria_generica
5144,4366,termo coleman 1.2,"Muebles, Hogar y Deco",modelo_producto
5145,6369,termofusora stanley,"Muebles, Hogar y Deco",categoria_marca
5146,2860,auriculares a6s,Electro y Tecno,categoria_generica
5147,11807,vidrio templado samsung a04,Electro y Tecno,modelo_producto
5148,167,motorola g100,Electro y Tecno,modelo_producto
5149,9079,uncharted ps5,Electro y Tecno,categoria_generica
5150,8804,heladera beko inverter,Electro y Tecno,categoria_atributo
5151,5413,tenis y padel,Deporte y Fitness,categoria_generica
5152,9227,mochila mujer escolar,Indumentaria y Calzado,categoria_generica
5153,5746,motorola moto buds 105,Electro y Tecno,modelo_producto
5154,2870,singer m3505,Electro y Tecno,categoria_generica
5155,5061,comoda chifonier,"Muebles, Hogar y Deco",categoria_generica
5156,12287,lenovo g50 80,Electro y Tecno,modelo_producto
5157,11492,juguete juguetes de dinosaurios,Bebes y Niños,modelo_producto
5158,13007,crema con alantoina y vitamina a,Salud y Belleza,modelo_producto
5159,10271,auriculares xiaomi airdots,Electro y Tecno,categoria_marca
5160,3567,google nest hub,Electro y Tecno,categoria_generica
5161,9018,heladera barbie,Bebes y Niños,categoria_generica
5162,10984,termo stanley 739 ml,"Muebles, Hogar y Deco",modelo_producto
5163,9513,cher tote bag,Salud y Belleza,categoria_generica
5164,1208,motorola moto g14,Electro y Tecno,modelo_producto
5165,3249,tablet sky,Electro y Tecno,categoria_generica
5166,1879,evatest,Electro y Tecno,modelo_producto
5167,3795,juego de balcon,"Muebles, Hogar y Deco",categoria_generica
5168,7929,auriculares razer inalambricos,Electro y Tecno,categoria_generica
5169,148,samsung galaxy s22 ultra,Electro y Tecno,modelo_producto
5170,1835,aire portatil,Electro y Tecno,categoria_atributo
5171,9880,tecnofitness,Deporte y Fitness,modelo_producto
5172,9927,malla para reloj samsung fit 2,Electro y Tecno,modelo_producto
5173,12406,microfono panacom,Electro y Tecno,categoria_generica
5174,12915,termo peabody,Electro y Tecno,categoria_marca
5175,4507,arrancador de batería,Autos y Motos,categoria_generica
5176,3338,tender retractil,"Muebles, Hogar y Deco",categoria_generica
5177,286,samsung a11,Electro y Tecno,modelo_producto
5178,3138,amazon echo dot,Electro y Tecno,categoria_generica
5179,2958,cama elastica para niños,"Muebles, Hogar y Deco",modelo_producto
5180,779,perfume mandarin sky,Salud y Belleza,categoria_generica
5181,11990,notebook hp envy 13,Electro y Tecno,modelo_producto
5182,1338,heladera panelable,Electro y Tecno,categoria_generica
5183,1954,juguete muñeco ken,Bebes y Niños,categoria_generica
5184,10177,hp ryzen 5 5500u,Electro y Tecno,modelo_producto
5185,9075,maletin robust,Electro y Tecno,categoria_generica
5186,6384,fuelle para bacha,"Muebles, Hogar y Deco",categoria_generica
5187,11642,engrapadora hamilton,Deporte y Fitness,categoria_generica
5188,9182,heladera portátil,Electro y Tecno,categoria_atributo
5189,6535,lavarropas aurora 8 kg,Electro y Tecno,modelo_producto
5190,4903,candy lavasecarropas,Electro y Tecno,categoria_generica
5191,10218,cafetera philips con filtro,Electro y Tecno,modelo_producto
5192,2230,anafe whirlpool,Electro y Tecno,categoria_marca
5193,1520,butaca para auto bebe,Bebes y Niños,modelo_producto
5194,724,afeitadora shaver cortadora kemei recargable,Salud y Belleza,modelo_producto
5195,3298,mesada y bajo mesada con bacha,"Muebles, Hogar y Deco",modelo_producto
5196,8896,fitbit versa 2,Electro y Tecno,categoria_generica
5197,12030,tcl 408 gravity grey,Electro y Tecno,modelo_producto
5198,6320,mochila head hombre,Indumentaria y Calzado,categoria_generica
5199,12935,silla plicosa,"Muebles, Hogar y Deco",categoria_generica
5200,11313,whey protein concentrate,Salud y Belleza,categoria_generica
5201,1012,g32 motorola,Electro y Tecno,modelo_producto
5202,8864,consola sup m3,Electro y Tecno,categoria_generica
5203,11525,juguete monopatin frozen,Bebes y Niños,categoria_generica
5204,8697,msi placa de video 3090,Electro y Tecno,modelo_producto
5205,6491,bicicleta fire bird rodado 20,Deporte y Fitness,categoria_atributo
5206,2069,stereo con pantalla,Electro y Tecno,categoria_generica
5207,6340,tv jvc 50 pulgadas,Electro y Tecno,categoria_atributo
5208,2340,huawei watch fit 3,Electro y Tecno,modelo_producto
5209,3340,gazebo cerrado,"Muebles, Hogar y Deco",categoria_generica
5210,2609,horno bgh,Electro y Tecno,categoria_marca
5211,10593,macbook a2337,Electro y Tecno,categoria_generica
5212,4041,lavasecarropas lg 9 kg,Electro y Tecno,modelo_producto
5213,5014,vaso batidor de cafe,"Muebles, Hogar y Deco",modelo_producto
5214,1474,tester multimetro,Electro y Tecno,categoria_generica
5215,10154,aire lg art cool,Electro y Tecno,modelo_producto
5216,5126,modelador de cabello,Salud y Belleza,categoria_generica
5217,10355,reloj orient automático,Electro y Tecno,categoria_generica
5218,186,motorola moto g24,Electro y Tecno,modelo_producto
5219,11145,sealy woods,"Muebles, Hogar y Deco",categoria_generica
5220,764,iphone 15 blue,Electro y Tecno,modelo_producto
5221,736,realme note 50,Electro y Tecno,categoria_generica
5222,727,rueda de abdominales,Deporte y Fitness,categoria_generica
5223,1524,muñeca barbie doctora,Bebes y Niños,categoria_generica
5224,4100,parlante torre bluetooth,Electro y Tecno,categoria_atributo
5225,1301,jbl go essential,Electro y Tecno,categoria_marca
5226,2241,redmi 9c,Electro y Tecno,modelo_producto
5227,2893,procesadora manual,Electro y Tecno,categoria_generica
5228,11027,sommier belmo 2 plazas,"Muebles, Hogar y Deco",modelo_producto
5229,9296,cama 2 plazas,"Muebles, Hogar y Deco",categoria_generica
5230,4315,chinelas,Electro y Tecno,modelo_producto
5231,285,juguete pistola de agua,Bebes y Niños,modelo_producto
5232,67,valentino born in roma,Salud y Belleza,modelo_producto
5233,881,reflector solar exterior,Electro y Tecno,categoria_generica
5234,12576,samsung crg50,Electro y Tecno,modelo_producto
5235,2689,perfume lattafa mujer,Salud y Belleza,categoria_generica
5236,9028,hidrolavadora kroner,Electro y Tecno,categoria_generica
5237,6562,longvie calefon salida posterior,Electro y Tecno,modelo_producto
5238,6894,valija maquillaje,Indumentaria y Calzado,categoria_generica
5239,8416,platos y cubiertos,"Muebles, Hogar y Deco",categoria_generica
5240,545,termotanque rheem,Electro y Tecno,categoria_generica
5241,10531,anafe electrico philco,Electro y Tecno,categoria_marca
5242,1543,redmi note 14 pro 5g,Electro y Tecno,modelo_producto
5243,7174,termotanque electrico emege,Electro y Tecno,categoria_atributo
5244,4391,robot de cocina atma,"Muebles, Hogar y Deco",modelo_producto
5245,10776,brogas anafe,Electro y Tecno,categoria_generica
5246,7055,lenovo tab m10 plus,Electro y Tecno,modelo_producto
5247,7586,gato juguete,Bebes y Niños,categoria_generica
5248,5227,maquina de coser bolsas,Electro y Tecno,modelo_producto
5249,4266,teléfono de linea,Electro y Tecno,categoria_generica
5250,8574,contador de puntos padel,Deporte y Fitness,modelo_producto
5251,4965,batas de baño,"Muebles, Hogar y Deco",categoria_generica
5252,11674,horno ariston ga3 124 c ix a manual,Electro y Tecno,modelo_producto
5253,12242,ojotas cartago hombre,Electro y Tecno,categoria_generica
5254,11365,shampoo densificador,Salud y Belleza,categoria_generica
5255,5337,combo heladera y cocina,Electro y Tecno,modelo_producto
5256,9110,dell chromebook,Electro y Tecno,categoria_marca
5257,2744,parrillas electricas,Electro y Tecno,categoria_generica
5258,41,pelota,Deporte y Fitness,categoria_generica
5259,1580,filtro de agua para tanque,Electro y Tecno,modelo_producto
5260,4120,tablet 7 pulgadas,Electro y Tecno,categoria_atributo
5261,12645,zapatilla iris 47 street,Indumentaria y Calzado,modelo_producto
5262,6383,set mate,"Muebles, Hogar y Deco",categoria_generica
5263,10457,escritorio con 2 cajones,"Muebles, Hogar y Deco",modelo_producto
5264,1618,hidrolavadora daewoo,Electro y Tecno,categoria_generica
5265,2549,drean anafe electrico vitroceramico,Electro y Tecno,modelo_producto
5266,9617,carpa iglu 2 personas,Bebes y Niños,modelo_producto
5267,9486,organizador de maquillaje giratorio,Salud y Belleza,modelo_producto
5268,480,juguete bebesit,Bebes y Niños,categoria_generica
5269,3952,monitores gamers,Electro y Tecno,categoria_generica
5270,2741,toners,Electro y Tecno,modelo_producto
5271,12257,combo heladera y freezer,Electro y Tecno,modelo_producto
5272,384,heladeras,Electro y Tecno,categoria_generica
5273,11226,acolchado minnie,"Muebles, Hogar y Deco",categoria_generica
5274,2692,mass gainer,Salud y Belleza,categoria_generica
5275,1465,licuadora moulinex,Electro y Tecno,categoria_marca
5276,11061,cama elastica profesional,"Muebles, Hogar y Deco",categoria_atributo
5277,8701,asus rog strix g15,Electro y Tecno,modelo_producto
5278,10508,huion inspiroy h950p,Electro y Tecno,categoria_generica
5279,8407,coleccion autos clasicos,Autos y Motos,categoria_generica
5280,12758,pileta intex 457 x 91,"Muebles, Hogar y Deco",modelo_producto
5281,11427,aire acondicionado rca 2600,Electro y Tecno,modelo_producto
5282,4007,camara y cubierta rodado 26,Deporte y Fitness,categoria_atributo
5283,3584,auriculares gamer con microfono,Electro y Tecno,categoria_atributo
5284,7955,aspiradora hidrolavadora,Electro y Tecno,categoria_generica
5285,10941,fila intruder,Indumentaria y Calzado,categoria_generica
5286,4393,lampara led escritorio,"Muebles, Hogar y Deco",categoria_generica
5287,2749,samsung 32 pulgadas smart tv,Electro y Tecno,modelo_producto
5288,4283,asadera enlozada,Electro y Tecno,categoria_generica
5289,10198,noblex a60 plus características,Electro y Tecno,modelo_producto
5290,11542,juguete triciclo gts,Bebes y Niños,categoria_generica
5291,6681,extractor baño silencioso,Electro y Tecno,categoria_generica
5292,8851,hp grupo electrogeno,Electro y Tecno,categoria_marca
5293,4065,protector de tensión para heladera,Electro y Tecno,modelo_producto
5294,2149,cetaphil crema,Salud y Belleza,categoria_generica
5295,4420,cannon renovation,"Muebles, Hogar y Deco",categoria_generica
5296,8601,camilla para depilacion,Deporte y Fitness,categoria_generica
5297,668,huawei hg8145x6-10,Electro y Tecno,categoria_generica
5298,5221,pala y atizador para parrilla,Electro y Tecno,modelo_producto
5299,3726,colchones de 2 plazas de alta densidad,"Muebles, Hogar y Deco",modelo_producto
5300,1117,hisense smart tv 40 pulgadas,Electro y Tecno,categoria_atributo
5301,5901,crepera,Electro y Tecno,modelo_producto
5302,2413,heladera mabe,Electro y Tecno,categoria_generica
5303,3411,muñeco peluche de dinosaurio,Bebes y Niños,modelo_producto
5304,2287,perfume woman ralph lauren,Salud y Belleza,modelo_producto
5305,4037,drean family 7 max,Electro y Tecno,modelo_producto
5306,9124,torre stromberg,Electro y Tecno,categoria_generica
5307,5084,boya ionizadora,"Muebles, Hogar y Deco",categoria_generica
5308,7837,hp 14 notebook,Electro y Tecno,modelo_producto
5309,2387,aspiradora robot samsung,Electro y Tecno,categoria_marca
5310,487,tecno spark,Electro y Tecno,categoria_generica
5311,11563,juguete akko,Bebes y Niños,categoria_generica
5312,317,motorola moto g41,Electro y Tecno,modelo_producto
5313,280,minoxidil kirkland,Salud y Belleza,categoria_generica
5314,6811,placard de melamina 6 puertas,"Muebles, Hogar y Deco",modelo_producto
5315,359,celular poco,Electro y Tecno,categoria_generica
5316,2519,drone dji mini 4 pro,Electro y Tecno,modelo_producto
5317,3716,juegos de mesas y sillas,"Muebles, Hogar y Deco",categoria_generica
5318,10194,termotanque electrico entrada superior,Electro y Tecno,categoria_atributo
5319,7273,hdmi 4k,Electro y Tecno,categoria_generica
5320,11762,motorola edge 30 plata opalo,Electro y Tecno,modelo_producto
5321,418,whirlpool lavarropas carga superior,Electro y Tecno,modelo_producto
5322,8001,flash para celular,Electro y Tecno,categoria_generica
5323,8065,hornito atma,Electro y Tecno,categoria_marca
5324,12617,reloj xiaomi smartband 10 rosa,Electro y Tecno,modelo_producto
5325,5919,colchones 2 plazas,"Muebles, Hogar y Deco",categoria_generica
5326,6325,valija dudley,Indumentaria y Calzado,categoria_generica
5327,7915,celular hyundai ultra,Electro y Tecno,categoria_generica
5328,7625,bicicleta fija philco,Deporte y Fitness,categoria_marca
5329,4971,termo stanley 1.4 litros,"Muebles, Hogar y Deco",modelo_producto
5330,11310,moschino pink bouquet,Salud y Belleza,categoria_generica
5331,2843,notebook hp 15,Electro y Tecno,modelo_producto
5332,11490,carpa augusta 2,Bebes y Niños,categoria_generica
5333,2324,lona playera,Deporte y Fitness,categoria_generica
5334,7155,morral bandolera mujer,Electro y Tecno,categoria_generica
5335,9803,bicicleta philco rodado 16,Deporte y Fitness,modelo_producto
5336,6689,samsung ww95aa046bxubg,Electro y Tecno,modelo_producto
5337,11880,auriculares bluetooth qcy t1c,Electro y Tecno,categoria_atributo
5338,5551,imanes para magnetoterapia,Electro y Tecno,categoria_generica
5339,2313,juguete porta capsulas,"Muebles, Hogar y Deco",categoria_generica
5340,1542,cartuchos,Electro y Tecno,modelo_producto
5341,9579,cuatriciclo,Bebes y Niños,modelo_producto
5342,8703,planchita gama ion plus,Salud y Belleza,modelo_producto
5343,5554,jarra humma,Electro y Tecno,categoria_generica
5344,1321,licuadora peabody,Electro y Tecno,categoria_marca
5345,2390,hp laserjet m111w,Electro y Tecno,modelo_producto
5346,486,suono cafetera,Electro y Tecno,categoria_generica
5347,10367,combo auriculares y smartwatch,Electro y Tecno,modelo_producto
5348,11090,caja de herramientas irimo,"Muebles, Hogar y Deco",modelo_producto
5349,8260,biblioteca cubo,"Muebles, Hogar y Deco",categoria_generica
5350,8373,chanel egoiste,Salud y Belleza,categoria_generica
5351,5,iphone 11,Electro y Tecno,modelo_producto
5352,7002,exhibidoras y cavas,Electro y Tecno,categoria_generica
5353,783,juguete needoh,Bebes y Niños,categoria_generica
5354,9584,aire acondicionado surrey inverter 4500,Electro y Tecno,modelo_producto
5355,2587,parlante crown mustang,Electro y Tecno,categoria_generica
5356,2213,parlante aiwa portatil,Electro y Tecno,categoria_atributo
5357,10278,monopatin electrico head,Deporte y Fitness,categoria_atributo
5358,12084,filtro aireador para pecera,Electro y Tecno,modelo_producto
5359,1446,philco climatizador portatil,Electro y Tecno,categoria_marca
5360,10648,kitchenaid blossom,Electro y Tecno,categoria_generica
5361,11249,jean nate,"Muebles, Hogar y Deco",categoria_generica
5362,839,tv samsung 55,Electro y Tecno,modelo_producto
5363,12323,tablet iqual t7w,Electro y Tecno,categoria_generica
5364,2938,cama marinera 1 plaza y media,"Muebles, Hogar y Deco",modelo_producto
5365,10178,tinta canon gi 190,Electro y Tecno,modelo_producto
5366,8562,rollers 3 ruedas,Deporte y Fitness,categoria_generica
5367,1173,perfume invictus,Salud y Belleza,categoria_generica
5368,602,adaptador otg,Electro y Tecno,categoria_generica
5369,8777,heladera electrolux dxw51,Electro y Tecno,modelo_producto
5370,11384,maxisport 175 70 r13,Autos y Motos,modelo_producto
5371,5614,media carpa playera,"Muebles, Hogar y Deco",categoria_generica
5372,9226,mochila carrito niño,Indumentaria y Calzado,categoria_generica
5373,3964,lavarropas whirlpool 9 kg carga superior,Electro y Tecno,modelo_producto
5374,3671,aire tcl,Electro y Tecno,categoria_generica
5375,5896,cajonera industrial,Electro y Tecno,categoria_atributo
5376,607,juguete cara de papa,Bebes y Niños,modelo_producto
5377,300,le beau le parfum,Salud y Belleza,modelo_producto
5378,6481,juguete carpa india,Bebes y Niños,categoria_generica
5379,3189,aire acondicionado noblex,Electro y Tecno,categoria_marca
5380,4771,maquina para picar carne,Electro y Tecno,modelo_producto
5381,1296,impresora epson l3210,Electro y Tecno,categoria_generica
5382,2700,accesorios para autos y motos,Autos y Motos,categoria_generica
5383,8695,notebook lenovo ideapad 1,Electro y Tecno,modelo_producto
5384,12651,zapatillas 47 street glint,Indumentaria y Calzado,modelo_producto
5385,2952,rack tv melamina,"Muebles, Hogar y Deco",categoria_generica
5386,478,yeti rambler termo acero inoxidable,"Muebles, Hogar y Deco",modelo_producto
5387,12587,roomba e5,Electro y Tecno,categoria_generica
5388,4016,lijadora roto orbital bosch,Electro y Tecno,modelo_producto
5389,10783,vidrio para salamandra,Electro y Tecno,categoria_generica
5390,5653,l ornitina,Salud y Belleza,categoria_generica
5391,11346,electroestimulador gadnic,Salud y Belleza,categoria_marca
5392,9936,figura power rangers lightning collection,Electro y Tecno,modelo_producto
5393,6188,notebook rtx 3050,Electro y Tecno,categoria_generica
5394,9135,hp auriculares x,Electro y Tecno,categoria_marca
5395,12921,mueble con luz,"Muebles, Hogar y Deco",categoria_generica
5396,11928,macbook pro m1 14,Electro y Tecno,modelo_producto
5397,11423,aire acondicionado candy inverter,Electro y Tecno,categoria_atributo
5398,3419,juguete cunero musical,Bebes y Niños,categoria_generica
5399,3948,hornos empotrables,Electro y Tecno,categoria_generica
5400,5785,lavarropas gafa 7000,Electro y Tecno,modelo_producto
5401,4973,sommier king 2x2 alta densidad,"Muebles, Hogar y Deco",modelo_producto
5402,11988,auriculares tcl moveaudio s108,Electro y Tecno,modelo_producto
5403,10806,disco paellero,Electro y Tecno,categoria_generica
5404,5310,sarten doble,"Muebles, Hogar y Deco",categoria_generica
5405,3190,horno longvie h1900xf,Electro y Tecno,modelo_producto
5406,241,cinta aisladora,Deporte y Fitness,categoria_generica
5407,6375,cocina para mesada,Electro y Tecno,categoria_generica
5408,246,hawas ice,Salud y Belleza,categoria_generica
5409,4716,soporte lumbar para silla,Electro y Tecno,modelo_producto
5410,2558,lenovo idea tab,Electro y Tecno,categoria_marca
5411,9128,sandwichera stitch,Electro y Tecno,categoria_generica
5412,4404,juego de mesa jumanji,Bebes y Niños,modelo_producto
5413,3838,yohimbina,Salud y Belleza,modelo_producto
5414,969,juguete aire inverter,Electro y Tecno,categoria_atributo
5415,4927,lenovo m11,Electro y Tecno,modelo_producto
5416,5414,mini torno black decker,Deporte y Fitness,modelo_producto
5417,9176,escritorio y madera,"Muebles, Hogar y Deco",categoria_generica
5418,1531,nespresso essenza mini,Electro y Tecno,categoria_generica
5419,4953,mochila everlast hombre,Indumentaria y Calzado,categoria_generica
5420,2839,olla a presion marmicoc,"Muebles, Hogar y Deco",modelo_producto
5421,7111,auriculares sony ps5,Electro y Tecno,modelo_producto
5422,9673,venom marvel legends,Bebes y Niños,categoria_generica
5423,9357,plafon led philips,"Muebles, Hogar y Deco",categoria_marca
5424,6698,impresora instax,Electro y Tecno,categoria_generica
5425,1479,motorola g35,Electro y Tecno,modelo_producto
5426,203,samsung s10,Electro y Tecno,modelo_producto
5427,1315,consola sup,Electro y Tecno,categoria_generica
5428,9426,rack l,"Muebles, Hogar y Deco",categoria_generica
5429,4894,maquina bway,Salud y Belleza,categoria_generica
5430,7555,tostadora atma disney,Electro y Tecno,categoria_marca
5431,11886,xbox auriculares logitech g332,Electro y Tecno,modelo_producto
5432,9035,panel radiador,Electro y Tecno,categoria_generica
5433,5738,combo pava electrica y tostadora,Electro y Tecno,categoria_atributo
5434,1989,lavarropas whirlpool 6 kg,Electro y Tecno,modelo_producto
5435,2657,termo contigo 1.2,"Muebles, Hogar y Deco",modelo_producto
5436,1645,ninja swirl,Electro y Tecno,categoria_generica
5437,1107,bicicleta nordic rodado 29,Deporte y Fitness,categoria_atributo
5438,5784,tinta hp gt53,Electro y Tecno,modelo_producto
5439,3791,comoda infantil,"Muebles, Hogar y Deco",categoria_generica
5440,2093,pc box,Electro y Tecno,categoria_generica
5441,10388,bomba de agua energy,Electro y Tecno,modelo_producto
5442,3872,juguete bolsos deportivos,Bebes y Niños,categoria_generica
5443,3908,patines de nena,Deporte y Fitness,categoria_generica
5444,6991,adidas zeno,Indumentaria y Calzado,categoria_marca
5445,1893,termo contigo 1 litro,"Muebles, Hogar y Deco",categoria_atributo
5446,1222,saw palmetto,Electro y Tecno,categoria_generica
5447,10633,dvd philco,Electro y Tecno,categoria_marca
5448,7053,proyector gadnic 5500 lumens,Electro y Tecno,modelo_producto
5449,1174,crema skala,Salud y Belleza,categoria_generica
5450,8251,estructura gazebo 3x3,"Muebles, Hogar y Deco",categoria_generica
5451,876,epson ecotank l3250,Electro y Tecno,categoria_generica
5452,7661,calefactor volcan sin salida 4000 calorias,Electro y Tecno,modelo_producto
5453,9589,lego back to the future,Bebes y Niños,modelo_producto
5454,9470,secador de pelo gama ceramic ion,Salud y Belleza,modelo_producto
5455,2217,radiador de aceite electrico,Electro y Tecno,categoria_atributo
5456,9305,aplique de luz techo,"Muebles, Hogar y Deco",modelo_producto
5457,5749,eskabe 3000 sin salida,Electro y Tecno,modelo_producto
5458,6250,parlante vintage,Electro y Tecno,categoria_generica
5459,12613,camara seguridad ezviz c3x fhd,Electro y Tecno,modelo_producto
5460,6154,razer blade 15,Electro y Tecno,categoria_generica
5461,903,repisas flotantes,"Muebles, Hogar y Deco",categoria_generica
5462,12178,hp chromebook x360,Electro y Tecno,modelo_producto
5463,1784,samsung the frame,Electro y Tecno,categoria_marca
5464,5918,valija blaque,Indumentaria y Calzado,categoria_generica
5465,2914,batidora kitchenaid,Electro y Tecno,categoria_generica
5466,506,mamaderas y chupetes,Bebes y Niños,categoria_generica
5467,8821,xiaomi airdots 2,Electro y Tecno,modelo_producto
5468,7967,planchita allure,Salud y Belleza,categoria_generica
5469,2909,pantum p2509w,Electro y Tecno,categoria_generica
5470,7060,cocina anafe a gas con horno,Electro y Tecno,modelo_producto
5471,7398,repuesto de canilla de cocina,"Muebles, Hogar y Deco",modelo_producto
5472,8621,smart tv rca 65'' 4k características,Electro y Tecno,categoria_atributo
5473,9412,silla lumbar,"Muebles, Hogar y Deco",categoria_generica
5474,12202,smartwatch t500 plus,Electro y Tecno,categoria_generica
5475,11910,barra de cobre para ionizador solar,Electro y Tecno,modelo_producto
5476,10702,lg ok99,Electro y Tecno,modelo_producto
5477,4293,huawei y330,Electro y Tecno,categoria_generica
5478,4723,olla electrica atma,Electro y Tecno,categoria_marca
5479,8579,linterna maglite recargable,Deporte y Fitness,categoria_generica
5480,12164,licuadora liliana al521,Electro y Tecno,modelo_producto
5481,5487,echo show 5,Electro y Tecno,categoria_generica
5482,1092,sillas plasticas reforzadas,"Muebles, Hogar y Deco",categoria_generica
5483,8926,samsung galaxy 2017,Electro y Tecno,modelo_producto
5484,11351,perpetual pearl,Salud y Belleza,categoria_generica
5485,6927,juguete goofy peluche,Bebes y Niños,categoria_generica
5486,12838,la granja millonaria juego,Bebes y Niños,modelo_producto
5487,13063,rogaine,Salud y Belleza,modelo_producto
5488,5279,trv estabilizador,Electro y Tecno,categoria_generica
5489,9302,gabinete para bomba de pileta,"Muebles, Hogar y Deco",modelo_producto
5490,3848,butaca de auto,Autos y Motos,categoria_generica
5491,4679,new nintendo 2ds xl,Electro y Tecno,modelo_producto
5492,12369,patineta electrica,Electro y Tecno,categoria_atributo
5493,4294,fresadora bosch,Electro y Tecno,categoria_generica
5494,7821,gomitas de vinagre de manzana,Electro y Tecno,modelo_producto
5495,12929,rinconero esquinero,"Muebles, Hogar y Deco",categoria_generica
5496,10697,juguera masticadora,Electro y Tecno,categoria_generica
5497,2642,lenovo cloudbook,Electro y Tecno,categoria_marca
5498,5761,cable hdmi 5 metros,Electro y Tecno,modelo_producto
5499,11459,carpa iglu para 6 personas,Deporte y Fitness,modelo_producto
5500,1459,teclado numerico,Electro y Tecno,categoria_generica
5501,11687,redmi note 13 pro plus características,Electro y Tecno,modelo_producto
5502,6332,carterita,Indumentaria y Calzado,modelo_producto
5503,245,mueble organizador,"Muebles, Hogar y Deco",categoria_generica
5504,5933,juego de comedor nordico,"Muebles, Hogar y Deco",modelo_producto
5505,6897,tensiometro y oximetro,Salud y Belleza,categoria_generica
5506,8424,aire acondicionado bgh inverter 5500,Electro y Tecno,modelo_producto
5507,10855,botella thermos,Electro y Tecno,categoria_generica
5508,9223,north face borealis,Indumentaria y Calzado,categoria_generica
5509,3883,camion mack cars,Bebes y Niños,categoria_generica
5510,6582,heladera patrick 394 litros,Electro y Tecno,categoria_atributo
5511,6517,plotters,Electro y Tecno,modelo_producto
5512,7209,tablet admiral,Electro y Tecno,categoria_generica
5513,151,redmi a5,Electro y Tecno,modelo_producto
5514,4896,notebook gadnic,Electro y Tecno,categoria_marca
5515,12415,fine switch,Electro y Tecno,categoria_generica
5516,11172,bay dreamy,"Muebles, Hogar y Deco",categoria_generica
5517,8441,mountain bike rodado 24,Deporte y Fitness,categoria_atributo
5518,5925,cocina 55 cm acero inoxidable,Electro y Tecno,modelo_producto
5519,12835,king cobra padel,Deporte y Fitness,categoria_generica
5520,2610,krups cafetera,Electro y Tecno,categoria_generica
5521,12273,flor para ducha antisarro,Electro y Tecno,modelo_producto
5522,4368,sommier con cajones 2 plazas,"Muebles, Hogar y Deco",modelo_producto
5523,11414,muñeco cartuchera spiderman 2 pisos,Bebes y Niños,modelo_producto
5524,11373,artisto,Salud y Belleza,modelo_producto
5525,3362,electrodos para gluteos,Salud y Belleza,categoria_generica
5526,7086,tv admiral 32,Electro y Tecno,categoria_generica
5527,2327,radiadores,Electro y Tecno,modelo_producto
5528,9368,piero genova,"Muebles, Hogar y Deco",categoria_generica
5529,5813,afilador electrico de cuchillos,Electro y Tecno,categoria_atributo
5530,7344,mochila 16 pulgadas,Indumentaria y Calzado,categoria_atributo
5531,10130,jeringa gastronomica de acero inoxidable,Electro y Tecno,modelo_producto
5532,7216,skullcandy auriculares,Electro y Tecno,categoria_generica
5533,10449,muñeca trotties mia,Bebes y Niños,categoria_generica
5534,1207,botella termica stanley,Electro y Tecno,categoria_marca
5535,511,nubia neo 3 gt,Electro y Tecno,modelo_producto
5536,4606,cocinas gas envasado,Electro y Tecno,categoria_generica
5537,12023,horno domec a gas con parrilla,Electro y Tecno,modelo_producto
5538,1671,sommier 1 plaza,"Muebles, Hogar y Deco",categoria_generica
5539,10690,proyector dinosaurio,Electro y Tecno,categoria_generica
5540,1889,cubrecamas,"Muebles, Hogar y Deco",modelo_producto
5541,8648,auriculares redmi buds 3 lite,Electro y Tecno,modelo_producto
5542,10726,codini 4051,Electro y Tecno,categoria_generica
5543,5091,manicura y pedicura,Salud y Belleza,categoria_generica
5544,7328,ventilum,Electro y Tecno,modelo_producto
5545,4712,olla electrica oryx,Electro y Tecno,categoria_atributo
5546,258,motorola edge,Electro y Tecno,categoria_marca
5547,6198,notebook bangho i7,Electro y Tecno,categoria_generica
5548,2556,iphone 13 oscuro,Electro y Tecno,modelo_producto
5549,12912,escalera botafogo,"Muebles, Hogar y Deco",categoria_generica
5550,9680,juguete pet pig,Bebes y Niños,categoria_generica
5551,12694,mochila aconcagua,Indumentaria y Calzado,categoria_generica
5552,892,rtx 3070,Electro y Tecno,categoria_generica
5553,7070,monitor noblex 22 pulgadas,Electro y Tecno,modelo_producto
5554,9874,remo kayak,Deporte y Fitness,categoria_generica
5555,2715,juguete redragon zeus x,Electro y Tecno,modelo_producto
5556,9459,componibili,"Muebles, Hogar y Deco",modelo_producto
5557,3662,caloventor protalia,Electro y Tecno,categoria_generica
5558,12845,cama elastica reforzada,"Muebles, Hogar y Deco",categoria_generica
5559,1442,samsung s7 edge,Electro y Tecno,modelo_producto
5560,2490,banaderas,Bebes y Niños,modelo_producto
5561,1250,almohadillas,Salud y Belleza,modelo_producto
5562,8083,licuadora y batidora,Electro y Tecno,categoria_generica
5563,7863,gama ceramic ion,Salud y Belleza,categoria_generica
5564,2550,zte blade v50 vita,Electro y Tecno,modelo_producto
5565,2722,juguete aire bgh,Electro y Tecno,categoria_marca
5566,8354,secador y planchita profesional,Salud y Belleza,categoria_atributo
5567,5768,horno eléctrico digital,Electro y Tecno,categoria_atributo
5568,9101,heladera a bateria,Electro y Tecno,categoria_generica
5569,11804,celular zte blade a31,Electro y Tecno,modelo_producto
5570,4424,domino mexicano,"Muebles, Hogar y Deco",categoria_generica
5571,12271,auriculares aiwa 106n,Electro y Tecno,categoria_generica
5572,2763,microondas samsung 28 litros,Electro y Tecno,modelo_producto
5573,197,muñecas bebe reborn,Bebes y Niños,categoria_generica
5574,7390,rack para tablas de surf,"Muebles, Hogar y Deco",modelo_producto
5575,1470,llave cricket,Electro y Tecno,categoria_generica
5576,228,samsung a22 5g,Electro y Tecno,modelo_producto
5577,2827,freidora de aire electrolux,Electro y Tecno,modelo_producto
5578,5827,convertidor google,Electro y Tecno,categoria_generica
5579,1202,camara digital sony,Electro y Tecno,categoria_marca
5580,5964,acolchado stitch,"Muebles, Hogar y Deco",categoria_generica
5581,1256,dyson secador,Salud y Belleza,categoria_generica
5582,828,suplementos,Deporte y Fitness,modelo_producto
5583,103,motorola g15,Electro y Tecno,modelo_producto
5584,10581,edifier x120,Electro y Tecno,categoria_generica
5585,10515,anafe a gas industrial,Electro y Tecno,categoria_atributo
5586,6588,lg monitor gamer 4k,Electro y Tecno,modelo_producto
5587,3539,qcy t13 anc,Electro y Tecno,categoria_generica
5588,4370,cama de hierro 2 plazas,"Muebles, Hogar y Deco",modelo_producto
5589,3158,impresora termica de etiquetas,Electro y Tecno,modelo_producto
5590,1395,caladora de banco,Deporte y Fitness,categoria_generica
5591,6022,parasol del auto,Autos y Motos,categoria_generica
5592,12895,astro venture,"Muebles, Hogar y Deco",categoria_generica
5593,7201,notebook admiral,Electro y Tecno,categoria_generica
5594,11579,bicicleta futura techno rodado 26,Deporte y Fitness,categoria_atributo
5595,966,juguete squishy dumpling,Bebes y Niños,categoria_generica
5596,1352,cocina escorial master style,Electro y Tecno,modelo_producto
5597,7331,mochila antirrobo impermeable,Indumentaria y Calzado,categoria_generica
5598,5661,cuatriciclo a bateria para niños,Bebes y Niños,modelo_producto
5599,5106,secador de pelo duga,Salud y Belleza,modelo_producto
5600,1125,aspiradora robot atma,Electro y Tecno,categoria_marca
5601,5246,convertidor hdmi vga,Electro y Tecno,categoria_generica
5602,10900,exhibidora vertical inelro mt08 230,Electro y Tecno,modelo_producto
5603,1937,alien perfume,Salud y Belleza,categoria_generica
5604,12616,thc751wixaag,Electro y Tecno,modelo_producto
5605,3605,qcy h3,Electro y Tecno,categoria_generica
5606,11228,pala de escoba,"Muebles, Hogar y Deco",categoria_generica
5607,2304,aire acondicionado 5500 frigorias,Electro y Tecno,categoria_atributo
5608,871,adaptador usb a usb tipo c,Electro y Tecno,modelo_producto
5609,3536,patillera kemei 2299,Electro y Tecno,categoria_generica
5610,12730,sommier maxiking 2 plazas y media,"Muebles, Hogar y Deco",modelo_producto
5611,7814,fabrica de hielo philco,Electro y Tecno,modelo_producto
5612,3765,colchon plegable,"Muebles, Hogar y Deco",categoria_atributo
5613,4883,corta verduras,Electro y Tecno,categoria_generica
5614,9397,juego teg,"Muebles, Hogar y Deco",categoria_generica
5615,12612,tableta grafica huion kamvas 13,Electro y Tecno,modelo_producto
5616,1587,apple auriculares airpods,Electro y Tecno,categoria_marca
5617,6457,juguete coche quinny,Bebes y Niños,categoria_generica
5618,3641,licuadora y procesadora,Electro y Tecno,categoria_generica
5619,1749,lavarropas electrolux carga superior,Electro y Tecno,modelo_producto
5620,1037,perfume polo hombre,Salud y Belleza,categoria_generica
5621,4889,licuadora ultracomb,Electro y Tecno,categoria_generica
5622,3183,camara wifi interior,Electro y Tecno,categoria_atributo
5623,8808,calefon para casilla rodante,Electro y Tecno,modelo_producto
5624,5318,zapatillas deportivas hombre reebok,Indumentaria y Calzado,modelo_producto
5625,9358,set living exterior,"Muebles, Hogar y Deco",categoria_generica
5626,4374,sillon cama 3 cuerpos,"Muebles, Hogar y Deco",modelo_producto
5627,2619,olla hudson,Electro y Tecno,categoria_generica
5628,11738,"samsung 55"" qled 4k q65b",Electro y Tecno,modelo_producto
5629,4585,kit entrenamiento,Deporte y Fitness,categoria_generica
5630,5781,licuadora 2 en 1,Electro y Tecno,modelo_producto
5631,672,eternity copper,Electro y Tecno,categoria_generica
5632,5403,lg control remoto,Electro y Tecno,categoria_marca
5633,6441,cunas,Bebes y Niños,modelo_producto
5634,5448,protector solar isdin 99,Salud y Belleza,modelo_producto
5635,10422,parrilla con garrafa de gas,Electro y Tecno,modelo_producto
5636,7198,aurora 7510,Electro y Tecno,categoria_generica
5637,11231,pileta cuadrada,"Muebles, Hogar y Deco",categoria_generica
5638,11075,monopoly deal cartas,Bebes y Niños,categoria_generica
5639,3965,lavarropas drean blue 8 kg,Electro y Tecno,modelo_producto
5640,2478,revlon cepillo secador,Salud y Belleza,categoria_generica
5641,10856,camara noga,Electro y Tecno,categoria_generica
5642,12682,mochila everlast cuero,Indumentaria y Calzado,categoria_generica
5643,2077,horno electrico,Electro y Tecno,categoria_atributo
5644,6580,samsung galaxy s6 edge,Electro y Tecno,modelo_producto
5645,3806,tapabocas,"Muebles, Hogar y Deco",modelo_producto
5646,3660,secarropas codini,Electro y Tecno,categoria_generica
5647,6339,cocina dos hornallas a gas,Electro y Tecno,modelo_producto
5648,8167,mesas ratonas,"Muebles, Hogar y Deco",categoria_generica
5649,6196,electrolux barredora aspiradora,Electro y Tecno,categoria_marca
5650,12277,level up cassiopeia,Electro y Tecno,categoria_generica
5651,2545,hp notebook i5 ram,Electro y Tecno,modelo_producto
5652,10108,asus placa madre am3+,Electro y Tecno,modelo_producto
5653,10287,olla 18 cm,Electro y Tecno,categoria_generica
5654,4972,cocina acero inoxidable 60 cm,Electro y Tecno,modelo_producto
5655,819,cajonera de melamina,"Muebles, Hogar y Deco",categoria_generica
5656,11347,gama avocado,Salud y Belleza,categoria_generica
5657,10772,smartwatch y1,Electro y Tecno,categoria_generica
5658,10985,placard corredizo 2 puertas,"Muebles, Hogar y Deco",modelo_producto
5659,3901,juguete fillmore cars,Bebes y Niños,categoria_generica
5660,3982,base para tanque de agua de 500 litros,Electro y Tecno,categoria_atributo
5661,9557,bateria lg k9,Autos y Motos,modelo_producto
5662,6469,juguete radio electrica,Bebes y Niños,categoria_atributo
5663,220,telescopios,Electro y Tecno,modelo_producto
5664,10746,freidora overtech,Electro y Tecno,categoria_generica
5665,8551,bicicleta philco escape 29,Deporte y Fitness,modelo_producto
5666,5028,luces de bicicleta,Deporte y Fitness,categoria_generica
5667,1564,motorola razr 60 ultra,Electro y Tecno,modelo_producto
5668,7177,licuadora liliana whitelic,Electro y Tecno,categoria_marca
5669,4839,morsa articulada,Electro y Tecno,categoria_generica
5670,413,somier 1 plaza y media,"Muebles, Hogar y Deco",categoria_generica
5671,12042,monitor led 24 samsung,Electro y Tecno,modelo_producto
5672,11416,muñeca lol omg serie 7,Bebes y Niños,modelo_producto
5673,11374,amlactin,Salud y Belleza,modelo_producto
5674,3429,bicicleta daewoo rodado 29,Deporte y Fitness,categoria_atributo
5675,8871,bangho bes t5,Electro y Tecno,categoria_generica
5676,6984,bicicleta philco sicilia,Deporte y Fitness,categoria_marca
5677,10056,cargador portatil xiaomi 20000,Electro y Tecno,modelo_producto
5678,10987,medidas de colchon para cuna funcional,"Muebles, Hogar y Deco",modelo_producto
5679,6774,mezcladora de sonido,Electro y Tecno,categoria_generica
5680,296,desodorante secret,Salud y Belleza,categoria_generica
5681,8839,hp i7 ram,Electro y Tecno,modelo_producto
5682,7871,pava electrica eiffel,Electro y Tecno,categoria_atributo
5683,9073,pie para microfono,"Muebles, Hogar y Deco",categoria_generica
5684,943,sony zv e10,Electro y Tecno,modelo_producto
5685,8259,salem 1692,Bebes y Niños,categoria_generica
5686,4725,tinta epson 504,Electro y Tecno,categoria_generica
5687,3675,secarropas lg,Electro y Tecno,categoria_marca
5688,7341,talle m campera,Indumentaria y Calzado,categoria_generica
5689,2850,moto a bateria para niños,Electro y Tecno,modelo_producto
5690,10595,tester manual,Electro y Tecno,categoria_generica
5691,3996,xiaomi smart band 8,Electro y Tecno,modelo_producto
5692,9421,bañera catre,"Muebles, Hogar y Deco",categoria_generica
5693,1072,sandwichera oster,Electro y Tecno,categoria_generica
5694,10077,ender 3 neo características,Electro y Tecno,modelo_producto
5695,12792,cama elastica garden life,"Muebles, Hogar y Deco",modelo_producto
5696,6726,microondas sansei,Electro y Tecno,categoria_generica
5697,9574,bateria a22,Autos y Motos,categoria_generica
5698,11323,perfume charlie,Salud y Belleza,categoria_generica
5699,10115,heladera lacar bajo mesada,Electro y Tecno,modelo_producto
5700,1129,notebook exo smart,Electro y Tecno,categoria_atributo
5701,12862,atma smooth top,"Muebles, Hogar y Deco",categoria_marca
5702,2396,notebook positivo bgh,Electro y Tecno,categoria_marca
5703,5808,auriculares inalambricos negros,Electro y Tecno,categoria_generica
5704,1773,dell latitude 3120,Electro y Tecno,modelo_producto
5705,9876,nordic 29,Deporte y Fitness,categoria_generica
5706,2979,inodoro alto,"Muebles, Hogar y Deco",categoria_generica
5707,5148,juguete bionicle lego,Bebes y Niños,categoria_generica
5708,6524,heladera eslabon de lujo no frost,Electro y Tecno,modelo_producto
5709,12169,botella termica maped,Electro y Tecno,categoria_generica
5710,8423,figura funko pop demon slayer,Bebes y Niños,modelo_producto
5711,7496,neurobion,Salud y Belleza,modelo_producto
5712,11998,teclado para tablet samsung a8,Electro y Tecno,modelo_producto
5713,5257,caloventor ken brown,Electro y Tecno,categoria_generica
5714,2307,porta capsulas dolce gusto,"Muebles, Hogar y Deco",modelo_producto
5715,11902,tablet noblex 7 pulgadas,Electro y Tecno,modelo_producto
5716,5020,cama triple cucheta,"Muebles, Hogar y Deco",categoria_generica
5717,1013,tcl 503,Electro y Tecno,categoria_generica
5718,7096,tymo cepillo alisador,Salud y Belleza,categoria_generica
5719,7900,irrigador bucal philips,Salud y Belleza,categoria_marca
5720,6136,noblex 75 pulgadas 4k,Electro y Tecno,modelo_producto
5721,709,microondas atma,Electro y Tecno,categoria_marca
5722,10479,anafe volcan electrico,Electro y Tecno,categoria_atributo
5723,10771,rack pared,Electro y Tecno,categoria_generica
5724,2536,samsung galaxy s22 plus,Electro y Tecno,modelo_producto
5725,2420,ps5 con lectora,Electro y Tecno,categoria_generica
5726,3327,colchon sealy,"Muebles, Hogar y Deco",categoria_generica
5727,6592,notebook lenovo ideapad 320,Electro y Tecno,modelo_producto
5728,8472,juguete despensero wengue,Bebes y Niños,categoria_generica
5729,2092,galaxy fold,Electro y Tecno,categoria_generica
5730,6537,jbl tune 230nc tws,Electro y Tecno,modelo_producto
5731,8220,gadnic aro de luz,"Muebles, Hogar y Deco",modelo_producto
5732,3275,mochila carrito nena,Indumentaria y Calzado,categoria_generica
5733,11723,flotante tanque de agua alta presion,Electro y Tecno,modelo_producto
5734,10336,parlante sanyo bth25,Electro y Tecno,categoria_generica
5735,12067,termotanque electrico peabody,Electro y Tecno,categoria_marca
5736,7488,aromatizador usb,Salud y Belleza,categoria_generica
5737,6841,aparador de melamina,"Muebles, Hogar y Deco",categoria_generica
5738,11060,cocina martiri smart,Electro y Tecno,categoria_atributo
5739,10072,apple macbook pro m1,Electro y Tecno,modelo_producto
5740,9042,parlante temuki,Electro y Tecno,categoria_generica
5741,6993,bicicleta con respaldo,Deporte y Fitness,categoria_generica
5742,10621,samsung q80a,Electro y Tecno,modelo_producto
5743,6754,diafragma orbis,Electro y Tecno,categoria_generica
5744,9620,porta papel higienico de plastico,Bebes y Niños,modelo_producto
5745,9494,secador y planchita revlon,Salud y Belleza,modelo_producto
5746,1434,samsung tab s10,Electro y Tecno,modelo_producto
5747,6784,valija carry on samsonite,Indumentaria y Calzado,modelo_producto
5748,3794,juego de mechas,"Muebles, Hogar y Deco",categoria_generica
5749,8234,cama king con cajones,"Muebles, Hogar y Deco",modelo_producto
5750,11611,paleta de padel davor,Deporte y Fitness,modelo_producto
5751,12567,hw22 pro,Electro y Tecno,categoria_generica
5752,9395,sinoca juego,Bebes y Niños,categoria_generica
5753,8724,freidora de aire philips xl,Electro y Tecno,modelo_producto
5754,11646,escalera plegable,Deporte y Fitness,categoria_atributo
5755,10454,cafetera liliana cofly,Electro y Tecno,categoria_marca
5756,44,joysticks volantes,Electro y Tecno,categoria_generica
5757,1791,ventilador de techo liliana,Electro y Tecno,modelo_producto
5758,352,kevin black,Salud y Belleza,categoria_generica
5759,12117,heladera 125 litros,Electro y Tecno,categoria_atributo
5760,10001,heladera gafa 254 litros,Electro y Tecno,modelo_producto
5761,471,gran turismo 7,Electro y Tecno,categoria_generica
5762,7402,alacena 3 puertas,"Muebles, Hogar y Deco",categoria_generica
5763,3119,calefon longvie 14 litros,Electro y Tecno,modelo_producto
5764,10437,logitech x56 hotas,Electro y Tecno,categoria_generica
5765,12754,bomba filtro para pileta de lona,"Muebles, Hogar y Deco",modelo_producto
5766,1456,motorola g77,Electro y Tecno,modelo_producto
5767,3445,amoladora y taladro,Electro y Tecno,categoria_generica
5768,2407,aspiradora philco,Electro y Tecno,categoria_marca
5769,5437,lavarropas gafa carga frontal,Electro y Tecno,modelo_producto
5770,9711,juguete mesa carro,"Muebles, Hogar y Deco",categoria_generica
5771,6929,cochecito joie muze,Bebes y Niños,categoria_generica
5772,1856,batea exhibidora,Electro y Tecno,categoria_generica
5773,2527,heladera siam no frost,Electro y Tecno,modelo_producto
5774,11322,plancha rowenta,Salud y Belleza,categoria_generica
5775,1229,parrilla portatil,Electro y Tecno,categoria_atributo
5776,4324,zapatillas 361 mujer,Indumentaria y Calzado,categoria_generica
5777,410,aspiradora de agua,Electro y Tecno,categoria_generica
5778,7668,xiaomi amazfit bip u pro,Electro y Tecno,modelo_producto
5779,8604,olmo amelie,Deporte y Fitness,categoria_generica
5780,11029,silla gamer cougar terminator,"Muebles, Hogar y Deco",categoria_atributo
5781,2671,deshumidificador para baño,"Muebles, Hogar y Deco",categoria_generica
5782,2603,huevera para heladera,Electro y Tecno,categoria_generica
5783,10485,samsung s22 ultra,Electro y Tecno,modelo_producto
5784,11435,figura funko pop encanto,Bebes y Niños,modelo_producto
5785,12623,buclera,Salud y Belleza,modelo_producto
5786,627,silleta,"Muebles, Hogar y Deco",modelo_producto
5787,8702,samsung galaxy s20 fe,Electro y Tecno,modelo_producto
5788,4613,repuestos purificadores de agua,Electro y Tecno,categoria_generica
5789,6197,auriculares inalambricos philco,Electro y Tecno,categoria_marca
5790,973,dji mini 4 pro,Electro y Tecno,modelo_producto
5791,9185,deslizador de agua,Electro y Tecno,categoria_generica
5792,3784,vinoteca mueble,"Muebles, Hogar y Deco",categoria_generica
5793,11526,muñeca barbie gatitos,Bebes y Niños,categoria_generica
5794,6545,huawei watch gt 4,Electro y Tecno,modelo_producto
5795,11359,proteina nativa,Salud y Belleza,categoria_generica
5796,9990,aire acondicionado portátil sansei,Electro y Tecno,categoria_atributo
5797,5174,accesorios ps5,Electro y Tecno,categoria_generica
5798,5524,lenovo lp75,Electro y Tecno,modelo_producto
5799,5926,placard 6 puertas 2 cajones,"Muebles, Hogar y Deco",modelo_producto
5800,2401,actron rapida accion,Electro y Tecno,categoria_generica
5801,10054,smartwatch amazfit gts 4,Electro y Tecno,modelo_producto
5802,6025,booster auto,Autos y Motos,categoria_generica
5803,7387,sillon 2 metros,"Muebles, Hogar y Deco",categoria_generica
5804,2414,heladera peabody,Electro y Tecno,categoria_marca
5805,937,poco f6 pro,Electro y Tecno,categoria_generica
5806,9993,lenovo i3 ram ssd,Electro y Tecno,modelo_producto
5807,920,xiaomi redmi buds 6 play,Electro y Tecno,modelo_producto
5808,8103,tablet iqual,Electro y Tecno,categoria_generica
5809,6109,samsung note 10 plus,Electro y Tecno,modelo_producto
5810,11703,hitachi smart tv 50'' 4k características,Electro y Tecno,categoria_atributo
5811,4469,perfume sarkany hombre,Salud y Belleza,categoria_generica
5812,8114,parlantes marley,Electro y Tecno,categoria_generica
5813,3284,piazza amalfi,"Muebles, Hogar y Deco",categoria_generica
5814,3843,juguete autos duravit,Bebes y Niños,categoria_generica
5815,11570,suplementos deportivos,Deporte y Fitness,categoria_generica
5816,7748,lavarropas candy grand vita,Electro y Tecno,modelo_producto
5817,2443,tapa de mochila de inodoro,"Muebles, Hogar y Deco",modelo_producto
5818,9113,batidor plano,Electro y Tecno,categoria_generica
5819,11385,auto a bateria paw patrol,Bebes y Niños,modelo_producto
5820,11289,neutrogena rapid wrinkle repair,Salud y Belleza,modelo_producto
5821,2047,drean blue,Electro y Tecno,categoria_marca
5822,1657,talle de zapatillas,Indumentaria y Calzado,categoria_generica
5823,759,motorola moto g5 plus,Electro y Tecno,modelo_producto
5824,10824,multifuncion gym,Electro y Tecno,categoria_generica
5825,11552,aire de ventana bgh,Electro y Tecno,modelo_producto
5826,12937,silla sharkoon,"Muebles, Hogar y Deco",categoria_generica
5827,1841,ventilador de piso,Electro y Tecno,categoria_generica
5828,2334,philco aire frio calor portatil,Electro y Tecno,modelo_producto
5829,9800,bicicleta rodado 14 y 16,Deporte y Fitness,categoria_atributo
5830,4525,carpa iglu 4 personas,Deporte y Fitness,modelo_producto
5831,10740,cuchara balanza,Electro y Tecno,categoria_generica
5832,5350,convertidor de led a smart,Electro y Tecno,categoria_atributo
5833,10002,lg velvet dual screen,Electro y Tecno,modelo_producto
5834,5644,femme hugo boss,Salud y Belleza,categoria_generica
5835,9354,ganchos cortina de baño,"Muebles, Hogar y Deco",modelo_producto
5836,12817,bestway fast set,"Muebles, Hogar y Deco",categoria_generica
5837,4501,auto pata pata,Bebes y Niños,categoria_generica
5838,11905,aspiradora robot gadnic x550,Electro y Tecno,modelo_producto
5839,3594,maquina de burbujas,Electro y Tecno,categoria_generica
5840,7970,balanza philco,Electro y Tecno,categoria_marca
5841,6102,roborock s8 pro ultra,Electro y Tecno,modelo_producto
5842,9193,nikon l830,Electro y Tecno,categoria_generica
5843,12304,ventilador de pie bgh,Electro y Tecno,modelo_producto
5844,6773,figura pulgad,Electro y Tecno,categoria_generica
5845,5072,sillón inflable,"Muebles, Hogar y Deco",categoria_generica
5846,7795,ventilador de pie moulinex,Electro y Tecno,modelo_producto
5847,10280,honor watch 4,Electro y Tecno,categoria_generica
5848,9857,multigimnasio athletic,Deporte y Fitness,categoria_generica
5849,9960,termotanque electrico carga inferior para colgar,Electro y Tecno,categoria_atributo
5850,12725,zócalo burlete suprabond doble bajo puerta,"Muebles, Hogar y Deco",modelo_producto
5851,6175,tensiometro digital coronet,Salud y Belleza,categoria_generica
5852,11923,apple mac studio m2,Electro y Tecno,modelo_producto
5853,10695,atma juguera,Electro y Tecno,categoria_marca
5854,8420,figura funko pop hello kitty,Bebes y Niños,modelo_producto
5855,7476,alfaparf baño de crema,Salud y Belleza,modelo_producto
5856,7220,campana ariston,Electro y Tecno,categoria_generica
5857,1966,lenovo yoga tab plus,Electro y Tecno,modelo_producto
5858,1828,escritorio con biblioteca,"Muebles, Hogar y Deco",categoria_generica
5859,6456,juguete caminador montessori,Bebes y Niños,categoria_generica
5860,11705,tablet samsung galaxy tab a7 silver,Electro y Tecno,modelo_producto
5861,10684,monitor enova,Electro y Tecno,categoria_generica
5862,10471,sony srs xb2,Electro y Tecno,modelo_producto
5863,8876,sky devices tablet,Electro y Tecno,categoria_generica
5864,6318,mochila travel tech,Indumentaria y Calzado,categoria_generica
5865,7031,anafe liliana 2 hornallas,Electro y Tecno,modelo_producto
5866,6785,zapatillas 361 running hombre,Indumentaria y Calzado,modelo_producto
5867,5032,picador de cebolla,"Muebles, Hogar y Deco",categoria_generica
5868,12748,pileta inflable bebe con techo,"Muebles, Hogar y Deco",modelo_producto
5869,708,lavavajillas de mesada,Electro y Tecno,categoria_generica
5870,7105,pava electrica y tostadora,Electro y Tecno,categoria_atributo
5871,11361,ginseng suplemento,Salud y Belleza,categoria_generica
5872,10844,pink iphone,Electro y Tecno,categoria_marca
5873,9940,hp pavilion 15 ryzen 7,Electro y Tecno,modelo_producto
5874,12444,z69 ultra,Electro y Tecno,categoria_generica
5875,1124,samsung note 20,Electro y Tecno,modelo_producto
5876,8482,likon aire acondicionado,Electro y Tecno,categoria_generica
5877,11970,tablet enova 10 plus,Electro y Tecno,modelo_producto
5878,1164,sillon matero,"Muebles, Hogar y Deco",categoria_generica
5879,11475,juguete mesa frapera,Bebes y Niños,categoria_generica
5880,1331,balanza digital,Electro y Tecno,categoria_generica
5881,2348,estufa eskabe sin salida,Electro y Tecno,modelo_producto
5882,5939,silla de escritorio alta,"Muebles, Hogar y Deco",modelo_producto
5883,11789,celular samsung galaxy a14 silver,Electro y Tecno,modelo_producto
5884,6256,flexible bidet,Electro y Tecno,categoria_generica
5885,6983,head evo delta,Deporte y Fitness,categoria_generica
5886,1003,juguera philips,Electro y Tecno,categoria_marca
5887,11711,ventilador winco 3 en 1 18 pulgadas,Electro y Tecno,categoria_atributo
5888,1510,xerjoff naxos,Salud y Belleza,categoria_generica
5889,5934,almohada cervical piero,"Muebles, Hogar y Deco",categoria_generica
5890,7168,estufa a cuarzo liliana,Electro y Tecno,modelo_producto
5891,3405,juguete triciclo con manija,Bebes y Niños,modelo_producto
5892,2135,gama secador de pelo,Salud y Belleza,modelo_producto
5893,737,tv box android,Electro y Tecno,categoria_generica
5894,9948,tablet lenovo yoga 10 pulgadas,Electro y Tecno,modelo_producto
5895,5223,microondas white westinghouse,Electro y Tecno,categoria_generica
5896,2523,galaxy tab s6 lite,Electro y Tecno,modelo_producto
5897,6480,juguete control joystick,Bebes y Niños,categoria_generica
5898,4444,mate con tapa,"Muebles, Hogar y Deco",categoria_generica
5899,10854,cepillo giratorio,Electro y Tecno,categoria_generica
5900,73,samsung s25,Electro y Tecno,modelo_producto
5901,4980,canilla esferica 1/2,"Muebles, Hogar y Deco",modelo_producto
5902,4867,vitroconvector atma,Electro y Tecno,categoria_marca
5903,7241,gama gc625,Electro y Tecno,categoria_generica
5904,865,casco mac,Autos y Motos,categoria_generica
5905,11926,razer deathstalker v2 pro,Electro y Tecno,modelo_producto
5906,9794,bicicleta enrique rodado 26,Deporte y Fitness,categoria_atributo
5907,2778,soporte tv 43 pulgadas,Electro y Tecno,categoria_atributo
5908,2133,perfume baccarat rouge,Salud y Belleza,categoria_generica
5909,2653,cartuchera canopla,Indumentaria y Calzado,categoria_generica
5910,3745,cocina longvie 13331xf,Electro y Tecno,modelo_producto
5911,2614,pintura tersuave,Electro y Tecno,categoria_generica
5912,503,sombrilla de playa,"Muebles, Hogar y Deco",categoria_generica
5913,12334,máquina de boxeo musical,Deporte y Fitness,modelo_producto
5914,12027,auriculares para xbox series s,Electro y Tecno,modelo_producto
5915,3169,cafetera star wars,Electro y Tecno,categoria_generica
5916,5424,coolers,Electro y Tecno,modelo_producto
5917,12348,zte blade a31,Electro y Tecno,categoria_generica
5918,5929,escalera de aluminio 16 escalones,"Muebles, Hogar y Deco",modelo_producto
5919,7145,taladro inalambrico philco,Electro y Tecno,categoria_marca
5920,7942,auriculares jbl 520bt,Electro y Tecno,modelo_producto
5921,538,peluche happy yappers,Bebes y Niños,categoria_generica
5922,7394,termo lumilagro river,"Muebles, Hogar y Deco",categoria_generica
5923,2167,pelota de boca,Deporte y Fitness,categoria_generica
5924,2884,freidora oster,Electro y Tecno,categoria_generica
5925,468,samsung galaxy s24 fe,Electro y Tecno,modelo_producto
5926,6229,smart rca 40,Electro y Tecno,categoria_atributo
5927,9593,figura thor marvel legends,Bebes y Niños,modelo_producto
5928,9472,secador de pelo mini para viaje,Salud y Belleza,modelo_producto
5929,1943,layton exclusif,Salud y Belleza,categoria_generica
5930,10787,pizarra transparente,Electro y Tecno,categoria_generica
5931,12115,ventilador de pared atma,Electro y Tecno,modelo_producto
5932,3613,msi katana,Electro y Tecno,categoria_generica
5933,5469,soporte para tv con brazo,Electro y Tecno,modelo_producto
5934,11149,piero gravita,"Muebles, Hogar y Deco",categoria_generica
5935,9346,juego de pinzas y alicates,"Muebles, Hogar y Deco",modelo_producto
5936,7165,sony reproductor de dvd,Electro y Tecno,modelo_producto
5937,3206,cabezal de cargador,Electro y Tecno,categoria_generica
5938,8028,torre jbl,Electro y Tecno,categoria_marca
5939,7670,piso flotante resistente al agua,Electro y Tecno,modelo_producto
5940,8019,polaroid now,Electro y Tecno,categoria_generica
5941,8485,juguete chupete termometro,Bebes y Niños,categoria_generica
5942,2128,bomba vulcano,"Muebles, Hogar y Deco",categoria_generica
5943,3385,aire acondicionado 18000 frigorias,Electro y Tecno,categoria_atributo
5944,712,lg k50s,Electro y Tecno,modelo_producto
5945,4599,secaplatos plegable,"Muebles, Hogar y Deco",categoria_atributo
5946,6893,avene retrinal,Salud y Belleza,categoria_generica
5947,5822,columna ducha escocesa,Electro y Tecno,categoria_generica
5948,10199,heladera columbia no frost,Electro y Tecno,modelo_producto
5949,6225,tv hisense 43,Electro y Tecno,categoria_generica
5950,5663,bateria lg k22,Autos y Motos,modelo_producto
5951,7784,hp de compresor de 100 litros,Electro y Tecno,modelo_producto
5952,6317,club c 85,Indumentaria y Calzado,categoria_generica
5953,2656,mesada con bacha de acero inoxidable,"Muebles, Hogar y Deco",modelo_producto
5954,307,jbl auriculares,Electro y Tecno,categoria_marca
5955,4605,kit asador,"Muebles, Hogar y Deco",categoria_generica
5956,312,zte a53,Electro y Tecno,categoria_generica
5957,2562,extractor purificador de cocina,Electro y Tecno,modelo_producto
5958,8581,bolso wilson deportivo,Deporte y Fitness,categoria_generica
5959,7010,termotanque electrico philco 47 litros,Electro y Tecno,modelo_producto
5960,12245,lavavajillas general electric,Electro y Tecno,categoria_generica
5961,3228,enchufe wifi,Electro y Tecno,categoria_atributo
5962,9606,auto 360 control remoto,Bebes y Niños,modelo_producto
5963,9481,perfume boss black hombre,Salud y Belleza,modelo_producto
5964,11894,samsung galaxy sm-g990ezaaaro,Electro y Tecno,modelo_producto
5965,9703,juguete triciclo disney,Bebes y Niños,categoria_generica
5966,8067,pinza multimetro,Electro y Tecno,categoria_generica
5967,9493,moschino chic petals,Salud y Belleza,categoria_generica
5968,3793,silla cougar,"Muebles, Hogar y Deco",categoria_generica
5969,7080,nubia focus 2 5g,Electro y Tecno,modelo_producto
5970,10597,celular yolo,Electro y Tecno,categoria_generica
5971,3724,respaldo sommier king size 2x2,"Muebles, Hogar y Deco",modelo_producto
5972,3642,tostadora electrolux,Electro y Tecno,categoria_marca
5973,11961,aspiradora karcher wd3 premium,Electro y Tecno,modelo_producto
5974,7000,relojes para niños,Electro y Tecno,categoria_generica
5975,4625,drean excellent blue 7.09,Electro y Tecno,modelo_producto
5976,9376,picador peabody,"Muebles, Hogar y Deco",categoria_marca
5977,5966,bahiut para tv,"Muebles, Hogar y Deco",categoria_generica
5978,12476,drone kassel,Electro y Tecno,categoria_generica
5979,7018,electrolux lavarropas carga superior medidas,Electro y Tecno,modelo_producto
5980,7750,turbo ventilador 20 pulgadas,Electro y Tecno,categoria_atributo
5981,8611,tripodes y soportes,Electro y Tecno,categoria_generica
5982,2752,iphone 13 pro sierra blue,Electro y Tecno,modelo_producto
5983,7735,monopatin electrico max you,Deporte y Fitness,categoria_atributo
5984,821,carbonato de magnesio,Salud y Belleza,categoria_generica
5985,7563,cochecito love 172,Bebes y Niños,categoria_generica
5986,12332,guantes de jardinería para mujer,Electro y Tecno,modelo_producto
5987,4939,zapatillas reebok nano x3,Indumentaria y Calzado,modelo_producto
5988,518,purificador de cocina,"Muebles, Hogar y Deco",categoria_generica
5989,6820,colchon ortopedico para perros,"Muebles, Hogar y Deco",modelo_producto
5990,30,tablets,Electro y Tecno,categoria_generica
5991,1004,iphone mini,Electro y Tecno,categoria_marca
5992,5727,smart tv philips 32 pulgadas,Electro y Tecno,modelo_producto
5993,2913,morral mujer,Electro y Tecno,categoria_generica
5994,11429,monopatin max you s5,Deporte y Fitness,modelo_producto
5995,10513,lenovo ideapad 3i,Electro y Tecno,modelo_producto
5996,8595,slp r29,Deporte y Fitness,categoria_generica
5997,10943,j world,Indumentaria y Calzado,categoria_generica
5998,10622,maquina de caramelos,Electro y Tecno,categoria_generica
5999,11033,alacena 1.40,"Muebles, Hogar y Deco",categoria_generica
6000,6525,lg direct drive 8.5,Electro y Tecno,modelo_producto
6001,8419,carro porta herramientas silver shadow,Bebes y Niños,modelo_producto
6002,7471,depiladora care by gadnic,Salud y Belleza,modelo_producto
6003,9590,aire acondicionado 6000 frigorías inverter,Electro y Tecno,categoria_atributo
6004,6757,auriculares jvc,Electro y Tecno,categoria_generica
6005,2371,samsung odyssey g4,Electro y Tecno,modelo_producto
6006,9536,shampoo caviar,Salud y Belleza,categoria_generica
6007,2130,verdulero,"Muebles, Hogar y Deco",modelo_producto
6008,4831,aspiradora lg,Electro y Tecno,categoria_marca
6009,7987,camara suono,Electro y Tecno,categoria_generica
6010,833,galaxy z fold 7,Electro y Tecno,modelo_producto
6011,3389,juguete monopoly electronico,Bebes y Niños,categoria_generica
6012,5383,bateria milwaukee m18,Autos y Motos,categoria_generica
6013,7428,silla tulip,"Muebles, Hogar y Deco",categoria_generica
6014,8842,samsung funda s20,Electro y Tecno,modelo_producto
6015,1569,huawei band 10,Electro y Tecno,categoria_generica
6016,4317,vitaltronic,Electro y Tecno,modelo_producto
6017,7244,steadycam celular,Electro y Tecno,categoria_generica
6018,6992,rollers gadnic,Deporte y Fitness,categoria_marca
6019,399,set ollas 7 piezas turim,Electro y Tecno,modelo_producto
6020,1854,anafe electrico,Electro y Tecno,categoria_atributo
6021,3322,velador luna,"Muebles, Hogar y Deco",categoria_generica
6022,8075,minipimer daewoo,Electro y Tecno,categoria_generica
6023,4354,termo stanley 1.2 litros,"Muebles, Hogar y Deco",modelo_producto
6024,568,apple ipod,Electro y Tecno,categoria_marca
6025,9543,instantly ageless,Salud y Belleza,categoria_generica
6026,6606,mini sierra de mano,Electro y Tecno,modelo_producto
6027,5275,heladera saiar,Electro y Tecno,categoria_generica
6028,9987,tablet bangho aero 10,Electro y Tecno,modelo_producto
6029,276,poco x6 pro,Electro y Tecno,categoria_generica
6030,11521,muñeca zooey electra,Bebes y Niños,categoria_generica
6031,4648,hp laserjet pro m15w,Electro y Tecno,modelo_producto
6032,6394,manguera compresor,"Muebles, Hogar y Deco",categoria_generica
6033,6980,nassau pelota voley,Deporte y Fitness,categoria_generica
6034,12150,cafetera italiana automatica,Electro y Tecno,categoria_generica
6035,7382,rack para tv con ruedas,Electro y Tecno,modelo_producto
6036,8473,juguete mesa de ratan,Bebes y Niños,modelo_producto
6037,8327,secador de pelo gama scirocco,Salud y Belleza,modelo_producto
6038,12220,ventilador de mesa protalia,Electro y Tecno,modelo_producto
6039,10016,tv hyundai 58 pulgadas,Electro y Tecno,categoria_atributo
6040,10297,asus vivobook pro,Electro y Tecno,categoria_marca
6041,5285,mouse para zurdos,Electro y Tecno,categoria_generica
6042,11118,cartuchera de soy luna,"Muebles, Hogar y Deco",modelo_producto
6043,23,zapatillas 47 street,Indumentaria y Calzado,categoria_generica
6044,1097,fakhar lattafa,Salud y Belleza,categoria_generica
6045,4470,plancha philips diva,Salud y Belleza,categoria_marca
6046,5360,colchon meyer,"Muebles, Hogar y Deco",categoria_generica
6047,1576,freidora de aire midea,Electro y Tecno,modelo_producto
6048,5386,torno neumatico,Electro y Tecno,categoria_generica
6049,1781,cafetera con espumador de leche,Electro y Tecno,modelo_producto
6050,723,afeitadora electrica hombre,Salud y Belleza,categoria_atributo
6051,4844,dispenser de jabon,Electro y Tecno,categoria_generica
6052,11691,"samsung 55"" neo qled 4k qn85c",Electro y Tecno,modelo_producto
6053,9444,juego misterio,Bebes y Niños,categoria_generica
6054,9063,agua wow,Electro y Tecno,categoria_generica
6055,11192,bordeadora con carrito,"Muebles, Hogar y Deco",categoria_generica
6056,7050,atma easy cook microondas,Electro y Tecno,modelo_producto
6057,5493,freidora electrica moulinex,Electro y Tecno,categoria_marca
6058,853,bajo mesada de cocina,"Muebles, Hogar y Deco",modelo_producto
6059,1872,gucci bloom,Electro y Tecno,categoria_generica
6060,11962,changomas aire acondicionado portatil,Electro y Tecno,categoria_atributo
6061,10141,termotanque eskabe acquapiu a6,Electro y Tecno,modelo_producto
6062,780,odyssey mega,Salud y Belleza,categoria_generica
6063,474,redmi 9,Electro y Tecno,modelo_producto
6064,10634,balanza ultracomb,Electro y Tecno,categoria_generica
6065,11575,bicicleta rodado 24 mountain bike,Deporte y Fitness,categoria_atributo
6066,9383,biblioteca esquinero,"Muebles, Hogar y Deco",categoria_generica
6067,3371,receptor bluetooth para auto,Autos y Motos,categoria_atributo
6068,7671,whirlpool anafe a gas vidrio templado,Electro y Tecno,modelo_producto
6069,2368,impresora canon g3110,Electro y Tecno,categoria_generica
6070,11819,flexible de cobre para regulador de gas,Electro y Tecno,modelo_producto
6071,7626,bicicleta fija athletic,Deporte y Fitness,categoria_generica
6072,6701,caloventor hydra,Electro y Tecno,categoria_generica
6073,3022,juguete mesa para manicura,Bebes y Niños,modelo_producto
6074,1730,cortabarba,Salud y Belleza,modelo_producto
6075,3681,taladro stanley,Electro y Tecno,categoria_marca
6076,11558,juguete ponycycle,Bebes y Niños,categoria_generica
6077,11142,mueble de living comedor,"Muebles, Hogar y Deco",modelo_producto
6078,2325,conectividad,Electro y Tecno,modelo_producto
6079,9400,chimuelo dragón,"Muebles, Hogar y Deco",categoria_generica
6080,6245,taza batidora,Electro y Tecno,categoria_generica
6081,2079,auriculares bluetooth,Electro y Tecno,categoria_atributo
6082,7618,planta de plastico decorativa,Deporte y Fitness,modelo_producto
6083,5183,calefon sin llama piloto,Electro y Tecno,modelo_producto
6084,8365,masajeador anticelulitis,Salud y Belleza,categoria_generica
6085,5574,hbl tech,Electro y Tecno,categoria_generica
6086,10073,samsung funda s23 fe,Electro y Tecno,modelo_producto
6087,2911,notebook cx,Electro y Tecno,categoria_generica
6088,11448,aire acondicionado split alaska,Electro y Tecno,modelo_producto
6089,10930,mochila mujer cuero,Indumentaria y Calzado,categoria_generica
6090,10470,xbox escritorio river,"Muebles, Hogar y Deco",categoria_generica
6091,4633,iphone 14 pro max silver,Electro y Tecno,modelo_producto
6092,2861,funda de iphone,Electro y Tecno,categoria_marca
6093,5855,cable auriculares,Electro y Tecno,categoria_generica
6094,9276,escalera aluminio 5 escalones,"Muebles, Hogar y Deco",modelo_producto
6095,5443,heladera 55 cm ancho,Electro y Tecno,modelo_producto
6096,1866,hyperx quadcast,Electro y Tecno,categoria_generica
6097,1041,juguete muñeca julieta,Bebes y Niños,categoria_generica
6098,1839,consola portatil,Electro y Tecno,categoria_atributo
6099,3610,escritorio minimalista,"Muebles, Hogar y Deco",categoria_generica
6100,2339,lavarropas philco carga superior,Electro y Tecno,modelo_producto
6101,9500,masajeador cervical suono,Salud y Belleza,categoria_generica
6102,4213,netyer t4,Electro y Tecno,categoria_generica
6103,2801,hp omen 16,Electro y Tecno,modelo_producto
6104,12439,batidora alhias,Electro y Tecno,categoria_generica
6105,2742,mouses,Electro y Tecno,modelo_producto
6106,3664,balanza xiaomi,Electro y Tecno,categoria_marca
6107,1727,mini usb,Deporte y Fitness,categoria_generica
6108,12636,rinoneras,Indumentaria y Calzado,modelo_producto
6109,4347,utensilios de reposteria,"Muebles, Hogar y Deco",categoria_generica
6110,12333,olla a presion philco,"Muebles, Hogar y Deco",modelo_producto
6111,12503,secarropas ranser,Electro y Tecno,categoria_generica
6112,1777,xiaomi watch 5,Electro y Tecno,modelo_producto
6113,12798,juego de mesa pinguino hielo,Bebes y Niños,modelo_producto
6114,13061,secador pelo diffon df1 1000,Salud y Belleza,modelo_producto
6115,7362,silla gamer boca juniors,"Muebles, Hogar y Deco",categoria_atributo
6116,8949,panel calefactor para baño,Electro y Tecno,modelo_producto
6117,7940,mouse usb c,Electro y Tecno,categoria_generica
6118,11395,bateria alexa,Autos y Motos,categoria_generica
6119,7033,aire acondicionado portatil fagor,Electro y Tecno,categoria_atributo
6120,2526,samsung crystal uhd 50,Electro y Tecno,modelo_producto
6121,9745,juguete coche duck,Bebes y Niños,categoria_generica
6122,4895,horno orbis,Electro y Tecno,categoria_generica
6123,6005,guerlain vetiver,Salud y Belleza,categoria_generica
6124,11251,sabanas de river,"Muebles, Hogar y Deco",categoria_generica
6125,930,maquina para hacer donas,Electro y Tecno,modelo_producto
6126,885,lavarropas aurora,Electro y Tecno,categoria_generica
6127,2882,xiaomi stick,Electro y Tecno,categoria_marca
6128,4665,philips cafetera saeco poemia,Electro y Tecno,modelo_producto
6129,9313,extractor de cocina axel,"Muebles, Hogar y Deco",modelo_producto
6130,10582,notebook drax,Electro y Tecno,categoria_generica
6131,3983,collar te amo 100 idiomas,Electro y Tecno,modelo_producto
6132,9431,sillon claro,"Muebles, Hogar y Deco",categoria_generica
6133,9235,mochila avengers,Indumentaria y Calzado,categoria_generica
6134,2617,tcl 408,Electro y Tecno,categoria_generica
6135,6618,aspiradora de mano atma,Electro y Tecno,modelo_producto
6136,9900,smart tv ken brown 55 pulgadas,Electro y Tecno,categoria_atributo
6137,5240,microsoft celular lumia,Electro y Tecno,categoria_generica
6138,12298,philco cortadora de césped,Electro y Tecno,modelo_producto
6139,13001,pure silk depiladora,Salud y Belleza,categoria_generica
6140,9760,juguete bloques encastrables,Bebes y Niños,categoria_generica
6141,9787,rueditas para bici rodado 16,Deporte y Fitness,categoria_atributo
6142,11851,philips hue play kit,Electro y Tecno,modelo_producto
6143,1121,drean excellent blue,Electro y Tecno,categoria_marca
6144,7164,ducha cuadrada 20x20,Electro y Tecno,categoria_generica
6145,4428,juego jardin,"Muebles, Hogar y Deco",categoria_generica
6146,959,tacho de basura inteligente,"Muebles, Hogar y Deco",modelo_producto
6147,12163,max you s5,Deporte y Fitness,categoria_generica
6148,5752,gillette fusion 5 repuestos,Electro y Tecno,modelo_producto
6149,8041,nsx notebook,Electro y Tecno,categoria_generica
6150,5683,juguete radio de bolsillo,Bebes y Niños,modelo_producto
6151,5338,tiras reactivas para glucometro,Salud y Belleza,modelo_producto
6152,1559,tecno spark go 1,Electro y Tecno,modelo_producto
6153,10371,kodak smartway x2,Electro y Tecno,categoria_generica
6154,415,rack tv flotante,"Muebles, Hogar y Deco",categoria_generica
6155,10406,repelente ultrasonico para perros,Electro y Tecno,modelo_producto
6156,10790,smart sharp,Electro y Tecno,categoria_atributo
6157,2921,la pochoclerita,Electro y Tecno,categoria_generica
6158,992,redmi pad 2,Electro y Tecno,modelo_producto
6159,5376,tintura en aerosol,Salud y Belleza,categoria_generica
6160,1778,freezer vertical whirlpool,Electro y Tecno,categoria_marca
6161,8549,patines 4 ruedas adultos,Deporte y Fitness,modelo_producto
6162,10584,ventilador torre,Electro y Tecno,categoria_generica
6163,11013,inodoro roca monaco medidas,"Muebles, Hogar y Deco",modelo_producto
6164,5181,heladera whirlpool side by side,Electro y Tecno,modelo_producto
6165,9691,armario 1 puerta,Bebes y Niños,categoria_generica
6166,4439,termo explorer,"Muebles, Hogar y Deco",categoria_generica
6167,9814,bolsa para aspiradora yelmo,Electro y Tecno,modelo_producto
6168,6231,cable tcon,Electro y Tecno,categoria_generica
6169,411,lg k20,Electro y Tecno,modelo_producto
6170,8109,aspiradora automática,Electro y Tecno,categoria_generica
6171,11977,microondas daewoo 23 litros,Electro y Tecno,categoria_atributo
6172,5780,parlante philco djp10,Electro y Tecno,modelo_producto
6173,6298,haylou rs5,Electro y Tecno,categoria_generica
6174,7392,bajo mesada 140,"Muebles, Hogar y Deco",categoria_generica
6175,4298,auriculares philco,Electro y Tecno,categoria_marca
6176,12708,reposera mochila,Indumentaria y Calzado,categoria_generica
6177,2352,samsung galaxy celular a10,Electro y Tecno,modelo_producto
6178,2146,9pm rebel,Salud y Belleza,categoria_generica
6179,12736,árbol de navidad 1.80 mts,"Muebles, Hogar y Deco",modelo_producto
6180,4846,balanza pediatrica,Electro y Tecno,categoria_generica
6181,10014,tablet bgh 7 pulgadas,Electro y Tecno,modelo_producto
6182,4592,bolsas de vacio,Deporte y Fitness,categoria_generica
6183,9645,consola 620 juegos,Bebes y Niños,categoria_generica
6184,7528,cochecito kiddy 3 ruedas,Bebes y Niños,modelo_producto
6185,6872,masajeador cervical con calor,Salud y Belleza,modelo_producto
6186,4918,karcher aspiradora,Electro y Tecno,categoria_generica
6187,3157,candado con alarma para moto,Electro y Tecno,modelo_producto
6188,2663,vaso doble vidrio,"Muebles, Hogar y Deco",categoria_generica
6189,8929,batidora ken brown,Electro y Tecno,categoria_generica
6190,277,motorola edge 70,Electro y Tecno,modelo_producto
6191,6482,aire electra inverter,Electro y Tecno,categoria_atributo
6192,8655,base liquida maybelline fit me,Electro y Tecno,modelo_producto
6193,848,parlante sony,Electro y Tecno,categoria_marca
6194,10357,mouse logitech pebble,Electro y Tecno,categoria_generica
6195,5340,vaso stanley con sorbete,"Muebles, Hogar y Deco",modelo_producto
6196,4726,san up tensiometro,Salud y Belleza,categoria_generica
6197,8686,waflera peabody 5 en 1,Electro y Tecno,modelo_producto
6198,902,arboles de navidad,"Muebles, Hogar y Deco",categoria_generica
6199,12592,slushy maker,Electro y Tecno,categoria_generica
6200,11984,apple macbook air 13,Electro y Tecno,modelo_producto
6201,3193,alexa parlante,Electro y Tecno,categoria_generica
6202,10425,samsung funda a04,Electro y Tecno,modelo_producto
6203,6059,juguete de practicuna,Bebes y Niños,categoria_generica
6204,809,yogurtera daewoo,Electro y Tecno,categoria_generica
6205,5005,chaise longue sillon,"Muebles, Hogar y Deco",categoria_generica
6206,10335,funda samsung s10,Electro y Tecno,modelo_producto
6207,10231,sopladora aspiradora philco,Electro y Tecno,categoria_marca
6208,3551,xbox auricular gamer,Electro y Tecno,categoria_atributo
6209,8850,chivas 13 años,Electro y Tecno,categoria_generica
6210,1113,tocadiscos,Electro y Tecno,modelo_producto
6211,7410,set de bateria de cocina,"Muebles, Hogar y Deco",modelo_producto
6212,9516,aqua perfume hombre,Salud y Belleza,categoria_generica
6213,5194,pava acero inoxidable carol,Electro y Tecno,modelo_producto
6214,8007,blankery home,Electro y Tecno,categoria_generica
6215,6081,linterna militar,Deporte y Fitness,categoria_generica
6216,7504,bateria j1 ace,Autos y Motos,categoria_generica
6217,5078,cuchillo asador,"Muebles, Hogar y Deco",categoria_generica
6218,2727,bicicleta rodado 29 talle s,Deporte y Fitness,categoria_atributo
6219,10467,dell latitude 7390,Electro y Tecno,modelo_producto
6220,12661,47 street block,Indumentaria y Calzado,categoria_generica
6221,2502,carro de arrastre para niños,Bebes y Niños,modelo_producto
6222,1252,audifonos,Salud y Belleza,modelo_producto
6223,9775,juguete x18,Electro y Tecno,categoria_generica
6224,3156,bomba para bidon de agua,Electro y Tecno,modelo_producto
6225,12554,auriculares aria,Electro y Tecno,categoria_generica
6226,8795,gadnic tv box,Electro y Tecno,categoria_marca
6227,6042,juguete triciclo doble,Bebes y Niños,categoria_generica
6228,10000,licuadora turboblender tb 76,Electro y Tecno,modelo_producto
6229,5729,smart tv jvc 50 pulgadas,Electro y Tecno,categoria_atributo
6230,898,zapatillas 47 street negras,Indumentaria y Calzado,modelo_producto
6231,9439,utensilios hudson,"Muebles, Hogar y Deco",categoria_generica
6232,6816,tender de ropa con alas,"Muebles, Hogar y Deco",modelo_producto
6233,592,cocina volcan,Electro y Tecno,categoria_generica
6234,7683,smart tv bgh 50 pulgadas,Electro y Tecno,modelo_producto
6235,11366,plancha vaporizador,Salud y Belleza,categoria_generica
6236,4187,escorial palace,Electro y Tecno,categoria_generica
6237,8415,bateria compatible motorola e6 plus,Electro y Tecno,modelo_producto
6238,4262,redmi a7,Electro y Tecno,modelo_producto
6239,1313,auriculares deportivos,Electro y Tecno,categoria_generica
6240,7419,respaldo de cama,"Muebles, Hogar y Deco",categoria_generica
6241,8399,bateria lg k10 2017,Autos y Motos,modelo_producto
6242,11595,protector de tension stand by,Deporte y Fitness,modelo_producto
6243,10452,sony mhc v43d,Electro y Tecno,modelo_producto
6244,369,licuadora liliana,Electro y Tecno,categoria_marca
6245,3198,cafetera breville,Electro y Tecno,categoria_generica
6246,7371,porta detergente y esponja para cocina,"Muebles, Hogar y Deco",modelo_producto
6247,12419,motorola g60s,Electro y Tecno,modelo_producto
6248,10874,celular zte blade a72s 128gb,Electro y Tecno,categoria_atributo
6249,7531,cochecito chicco bravo,Bebes y Niños,categoria_generica
6250,10707,portafolio notebook,Electro y Tecno,categoria_generica
6251,3728,ventilador de techo con luz led,Electro y Tecno,modelo_producto
6252,4961,piletas y piscinas,"Muebles, Hogar y Deco",categoria_generica
6253,5721,pequeños electrodomesticos,Electro y Tecno,categoria_generica
6254,2134,perfume kenzo mujer,Salud y Belleza,categoria_generica
6255,10817,tela lenovo,"Muebles, Hogar y Deco",categoria_marca
6256,4623,bomba periferica 3/4 hp,Electro y Tecno,modelo_producto
6257,1528,bicicleta sin pedales,Deporte y Fitness,categoria_generica
6258,9784,vincha de gabby y la casa de muñecas,Bebes y Niños,modelo_producto
6259,11280,secador gama iq perfetto,Salud y Belleza,modelo_producto
6260,3634,soporte lumbar,Electro y Tecno,categoria_generica
6261,11881,samsung neo qled qn90b,Electro y Tecno,modelo_producto
6262,10691,sony tablet,Electro y Tecno,categoria_marca
6263,2618,fifine k688,Electro y Tecno,categoria_generica
6264,6824,sillas mascardi reforzadas,"Muebles, Hogar y Deco",categoria_generica
6265,454,samsung a20s,Electro y Tecno,modelo_producto
6266,8224,tabla de cocina madera,"Muebles, Hogar y Deco",modelo_producto
6267,7343,mochila jansport flores,Indumentaria y Calzado,categoria_generica
6268,8125,mouse gamer logitech g402 cable,Electro y Tecno,categoria_atributo
6269,8198,cocina domec 50 cm,Electro y Tecno,modelo_producto
6270,804,owala botella,Electro y Tecno,categoria_generica
6271,6938,muñeca skipper barbie,Bebes y Niños,categoria_generica
6272,368,motorola g8 power lite,Electro y Tecno,modelo_producto
6273,3598,base para lavarropas,Electro y Tecno,categoria_generica
6274,2695,idole perfume,Salud y Belleza,categoria_generica
6275,12869,termo mate autocebante,"Muebles, Hogar y Deco",categoria_generica
6276,1799,purificador de agua dvigi,Electro y Tecno,modelo_producto
6277,10822,parlante alpine,Electro y Tecno,categoria_generica
6278,6729,apple de airpods,Electro y Tecno,categoria_marca
6279,10035,jbl dj xpert j2515,Electro y Tecno,modelo_producto
6280,5023,pelopincho 8000 litros,"Muebles, Hogar y Deco",categoria_atributo
6281,4061,aspiradora lava tapizados,Electro y Tecno,categoria_generica
6282,12738,cubre pileta y base pelopincho 1055,"Muebles, Hogar y Deco",modelo_producto
6283,243,motorola g14,Electro y Tecno,modelo_producto
6284,11234,tripode para luces,"Muebles, Hogar y Deco",categoria_generica
6285,3460,termotanque electrico saiar 55 litros,Electro y Tecno,categoria_atributo
6286,2877,honor x5,Electro y Tecno,categoria_generica
6287,150,iphone 14 plus,Electro y Tecno,modelo_producto
6288,10032,motorola moto edge 40,Electro y Tecno,modelo_producto
6289,10481,24 faubourg hermes,Electro y Tecno,categoria_generica
6290,1863,minoxidil espuma,Salud y Belleza,categoria_generica
6291,4454,el erudito,Bebes y Niños,categoria_generica
6292,9847,carrito bicicleta,Deporte y Fitness,categoria_generica
6293,1490,monopoly juego de mesa,Bebes y Niños,modelo_producto
6294,722,bad boy carolina herrera,Salud y Belleza,modelo_producto
6295,5271,aspiradora moulinex,Electro y Tecno,categoria_marca
6296,3271,severbon,Electro y Tecno,modelo_producto
6297,1876,remachadora pop,Electro y Tecno,categoria_generica
6298,2108,estantes y repisas,"Muebles, Hogar y Deco",categoria_generica
6299,9581,slp 5 pro lady rodado 29,Deporte y Fitness,categoria_atributo
6300,8480,juguete control de convertidor,Electro y Tecno,modelo_producto
6301,3273,inodoro largo con mochila,"Muebles, Hogar y Deco",modelo_producto
6302,3957,camaras compactas,Electro y Tecno,categoria_generica
6303,8852,mini ventilador de pie,Electro y Tecno,modelo_producto
6304,3645,caloventor alpaca,Electro y Tecno,categoria_generica
6305,4167,microfono inalambrico corbatero,Electro y Tecno,categoria_atributo
6306,11937,xiaomi redmi buds essential,Electro y Tecno,modelo_producto
6307,4431,carro organizador,"Muebles, Hogar y Deco",categoria_generica
6308,1840,caballete para moto,Electro y Tecno,categoria_generica
6309,4338,gorra volcom,Indumentaria y Calzado,categoria_generica
6310,7652,memorias,Electro y Tecno,modelo_producto
6311,7270,planchita gama,Salud y Belleza,categoria_generica
6312,673,aspiradora atma,Electro y Tecno,categoria_marca
6313,4816,canon g2100,Electro y Tecno,categoria_generica
6314,242,a12 samsung,Electro y Tecno,modelo_producto
6315,7566,muñeca bebote nenuco,Bebes y Niños,categoria_generica
6316,6401,hidroaspiradora,"Muebles, Hogar y Deco",modelo_producto
6317,2949,placard sin puertas,"Muebles, Hogar y Deco",categoria_generica
6318,10153,tostadora kitchenaid 2 panes,Electro y Tecno,modelo_producto
6319,5575,anteojos clubmaster,Electro y Tecno,categoria_generica
6320,1753,iphone se 2da generacion,Electro y Tecno,modelo_producto
6321,8822,bangho max g5,Electro y Tecno,categoria_generica
6322,9549,autos motos y otros,Autos y Motos,categoria_generica
6323,3121,horno electrico 50 litros,Electro y Tecno,categoria_atributo
6324,11453,carpa para 4 personas reforzada,Deporte y Fitness,modelo_producto
6325,1994,dell inspiron 15 3000,Electro y Tecno,modelo_producto
6326,11660,accesorios de cocina,Electro y Tecno,categoria_generica
6327,397,cafetera peabody,Electro y Tecno,categoria_marca
6328,1919,escalera telescopica,"Muebles, Hogar y Deco",categoria_generica
6329,688,cepilladora de madera,Deporte y Fitness,categoria_generica
6330,4765,microfono corbatero para celular,Electro y Tecno,modelo_producto
6331,5923,silla de comer love 3 en 1,Bebes y Niños,modelo_producto
6332,5368,rutina loreal acido hialuronico,Salud y Belleza,modelo_producto
6333,2486,so scandal,Salud y Belleza,categoria_generica
6334,6248,estufa giratoria,Electro y Tecno,categoria_generica
6335,3739,colchon de espuma de alta densidad,"Muebles, Hogar y Deco",modelo_producto
6336,7063,amazfit t-rex ultra,Electro y Tecno,modelo_producto
6337,6477,muñeca skelita calaveras,Bebes y Niños,categoria_generica
6338,12569,chromecast snow,Electro y Tecno,categoria_generica
6339,10465,handy gadnic wk99u,Electro y Tecno,modelo_producto
6340,11221,patineta con luces,"Muebles, Hogar y Deco",categoria_generica
6341,318,xiaomi 15,Electro y Tecno,modelo_producto
6342,10826,alcatel c1,Electro y Tecno,categoria_generica
6343,7275,proyector con bluetooth,Electro y Tecno,categoria_atributo
6344,8087,hp naftera,Electro y Tecno,categoria_marca
6345,3106,plancha a vapor vertical philips,Electro y Tecno,modelo_producto
6346,4279,parrilla chica,Electro y Tecno,categoria_generica
6347,882,xiaomi note 15,Electro y Tecno,modelo_producto
6348,6012,cerave acne,Salud y Belleza,categoria_generica
6349,5319,zapatillas talle 37 mujer,Indumentaria y Calzado,modelo_producto
6350,9422,sillon topo,"Muebles, Hogar y Deco",categoria_generica
6351,3730,rack para tv flotante moderno,"Muebles, Hogar y Deco",modelo_producto
6352,6281,taladro omaha,Electro y Tecno,categoria_generica
6353,8721,sandwichera yelmo sw 1800,Electro y Tecno,modelo_producto
6354,8159,carpeta de stitch,Indumentaria y Calzado,categoria_generica
6355,12589,c6n ezviz,Electro y Tecno,categoria_generica
6356,12199,celular motorola g13,Electro y Tecno,modelo_producto
6357,9372,oca matic,Bebes y Niños,categoria_generica
6358,10845,notebook hdc,Electro y Tecno,categoria_generica
6359,6501,bicicleta fija randers,Deporte y Fitness,categoria_marca
6360,11761,smartwatch dt no.1 dt100,Electro y Tecno,modelo_producto
6361,4035,termotanque señorial 40 litros,Electro y Tecno,categoria_atributo
6362,11058,mopa plana microfibra,"Muebles, Hogar y Deco",categoria_generica
6363,10379,apple watch midnight,Electro y Tecno,categoria_marca
6364,10461,parlantes bomber 6x9,Electro y Tecno,categoria_generica
6365,4722,barra de sonido hisense,Electro y Tecno,modelo_producto
6366,4595,multigimnasio olmo,Deporte y Fitness,categoria_generica
6367,1706,peluche juguetes de five nights at freddy's,Bebes y Niños,modelo_producto
6368,863,depiladora,Salud y Belleza,modelo_producto
6369,9266,medidas sofa 3 cuerpos,"Muebles, Hogar y Deco",modelo_producto
6370,6014,crema clinique,Salud y Belleza,categoria_generica
6371,7213,planchita gadnic,Salud y Belleza,categoria_marca
6372,4796,iphone 14 red,Electro y Tecno,modelo_producto
6373,6645,teclado xtrike me,Electro y Tecno,categoria_generica
6374,12809,sillas kansas mascardi,"Muebles, Hogar y Deco",categoria_generica
6375,12048,notebook dell inspiron 5620,Electro y Tecno,modelo_producto
6376,10747,heladera con ruedas,Electro y Tecno,categoria_generica
6377,2319,bicicleta rodado 26 mountain bike,Deporte y Fitness,categoria_atributo
6378,7954,adaptador plug a usb,Electro y Tecno,modelo_producto
6379,9141,vaporera olla,Electro y Tecno,categoria_generica
6380,3264,stereo sony,Electro y Tecno,categoria_marca
6381,3038,colectivo de juguete,Bebes y Niños,categoria_generica
6382,7058,termotanque coppens 50 litros,Electro y Tecno,categoria_atributo
6383,10123,funda tcl 40 nxtpaper,Electro y Tecno,modelo_producto
6384,8902,microlab 2.1,Electro y Tecno,categoria_generica
6385,6839,tamizador de yerba,"Muebles, Hogar y Deco",categoria_generica
6386,3148,jbl max 15,Electro y Tecno,modelo_producto
6387,7462,thermacare,"Muebles, Hogar y Deco",modelo_producto
6388,4471,minoxidil 5 espuma,Salud y Belleza,categoria_generica
6389,5525,tcl l9s,Electro y Tecno,categoria_generica
6390,4241,sony m5,Electro y Tecno,modelo_producto
6391,11682,lavavajilla drean dish 15.2 dtx 15c,Electro y Tecno,modelo_producto
6392,5485,reloj timex ironman,Electro y Tecno,categoria_generica
6393,12846,banquetas desayunador x2,"Muebles, Hogar y Deco",categoria_generica
6394,5466,malla reloj xiaomi,Electro y Tecno,categoria_marca
6395,11785,auriculares redmi buds 4 lite,Electro y Tecno,modelo_producto
6396,2326,seguridad para el hogar,Electro y Tecno,categoria_generica
6397,8142,47 street willa,Indumentaria y Calzado,categoria_generica
6398,7072,ventilador de pared 20 pulgadas,Electro y Tecno,categoria_atributo
6399,7076,iphone 13 mini midnight,Electro y Tecno,modelo_producto
6400,3899,juguete aveeno baby,Bebes y Niños,categoria_generica
6401,7628,conservadora polarbox,Electro y Tecno,categoria_generica
6402,1891,manguera de riego 1/2,"Muebles, Hogar y Deco",modelo_producto
6403,913,bandas elasticas,Deporte y Fitness,categoria_generica
6404,1705,esterilizadores,Bebes y Niños,modelo_producto
6405,823,digecaps,Salud y Belleza,modelo_producto
6406,3426,lenovo yoga slim 7,Electro y Tecno,modelo_producto
6407,6836,luces de feria,"Muebles, Hogar y Deco",categoria_generica
6408,586,flexible de agua,Electro y Tecno,categoria_generica
6409,7481,power legs,Salud y Belleza,categoria_generica
6410,3060,multigimnasio,Deporte y Fitness,modelo_producto
6411,3555,cortadora de fiambre ultracomb,Electro y Tecno,modelo_producto
6412,1227,maquina smith,Electro y Tecno,categoria_generica
6413,11842,cargador samsung s21 fe,Electro y Tecno,modelo_producto
6414,4280,hp de compresor,Electro y Tecno,categoria_marca
6415,5269,cámara domo,Electro y Tecno,categoria_generica
6416,6307,loxon pintura latex exterior rojo,Electro y Tecno,modelo_producto
6417,9681,mesa nordica cuadrada,"Muebles, Hogar y Deco",categoria_generica
6418,5407,aire split inverter,Electro y Tecno,categoria_atributo
6419,11021,termo discovery 500 ml,"Muebles, Hogar y Deco",modelo_producto
6420,1050,iphone 17 pro colores,Electro y Tecno,modelo_producto
6421,7951,reloj casio mini,Electro y Tecno,categoria_generica
6422,7568,juguete valentina muñeca,Bebes y Niños,categoria_generica
6423,356,motorola edge 60 fusion,Electro y Tecno,modelo_producto
6424,703,tecno spark 20c,Electro y Tecno,categoria_generica
6425,4491,afeitadora remington,Salud y Belleza,categoria_generica
6426,2300,bateria de ollas,Autos y Motos,categoria_generica
6427,1093,almohada triangular,"Muebles, Hogar y Deco",categoria_generica
6428,5206,camara digital para niños,Electro y Tecno,modelo_producto
6429,642,reloj swatch,Electro y Tecno,categoria_generica
6430,4827,motosierra philco,Electro y Tecno,categoria_marca
6431,12306,tv xiaomi 55,Electro y Tecno,modelo_producto
6432,12562,climatizador daewoo,Electro y Tecno,categoria_generica
6433,8797,funda samsung a03,Electro y Tecno,modelo_producto
6434,12741,grampa media omega 1/2,"Muebles, Hogar y Deco",modelo_producto
6435,7953,pava electrica everest,Electro y Tecno,categoria_atributo
6436,5046,faca cuchillo,"Muebles, Hogar y Deco",categoria_generica
6437,4235,impresora de tickets,Electro y Tecno,categoria_generica
6438,897,aspiradora trapeadora irobot roomba combo,Electro y Tecno,modelo_producto
6439,784,fire bird 29,Deporte y Fitness,categoria_generica
6440,6920,juguetes para 6 años varon,Bebes y Niños,modelo_producto
6441,5999,bellissima secador de pelo,Salud y Belleza,modelo_producto
6442,1884,zapatillas kappa hombre,Indumentaria y Calzado,categoria_generica
6443,4647,lavarropas patrick 6 kg,Electro y Tecno,modelo_producto
6444,6641,logitech combo touch,Electro y Tecno,categoria_generica
6445,2301,autos motos y camionetas,Bebes y Niños,categoria_generica
6446,6006,tobacco touch,Salud y Belleza,categoria_generica
6447,6165,estufa garrafera philco,Electro y Tecno,categoria_marca
6448,997,mecha copa para pared,Electro y Tecno,modelo_producto
6449,1961,mesa ratona industrial,"Muebles, Hogar y Deco",categoria_atributo
6450,10848,serrucho durlock,Electro y Tecno,categoria_generica
6451,3324,gazebo 6x3,"Muebles, Hogar y Deco",categoria_generica
6452,1193,lavarropas candy carga superior,Electro y Tecno,modelo_producto
6453,3521,tank 3 pro,Electro y Tecno,categoria_generica
6454,9607,oxea hunter rodado 29,Deporte y Fitness,categoria_atributo
6455,2261,inodoro corto con mochila,"Muebles, Hogar y Deco",modelo_producto
6456,1588,motorola moto e40,Electro y Tecno,modelo_producto
6457,5571,boroscopio industrial,Electro y Tecno,categoria_atributo
6458,12358,gabinete iqual,Electro y Tecno,categoria_generica
6459,867,juguete aire de ventana,Electro y Tecno,modelo_producto
6460,12940,acolchado unicornio,"Muebles, Hogar y Deco",categoria_generica
6461,6238,aspiradora mopa,Electro y Tecno,categoria_generica
6462,11669,"monitor 24"" full hd odyssey crg5 samsung",Electro y Tecno,modelo_producto
6463,10438,parlantes philco bluetooth,Electro y Tecno,categoria_marca
6464,749,devotion dolce gabbana,Salud y Belleza,categoria_generica
6465,6048,juguete carpa bebe,Bebes y Niños,categoria_generica
6466,313,camara de fotos,Electro y Tecno,categoria_generica
6467,1443,samsung a16 5g,Electro y Tecno,modelo_producto
6468,12794,cocina morelli vintage 600,Electro y Tecno,modelo_producto
6469,2262,mochila viral de viaje,Indumentaria y Calzado,modelo_producto
6470,5356,rutini chardonnay,"Muebles, Hogar y Deco",categoria_generica
6471,1890,cama elastica 3 mts,"Muebles, Hogar y Deco",modelo_producto
6472,5553,alcatel u5,Electro y Tecno,categoria_generica
6473,5179,smart tv philips 43 características,Electro y Tecno,modelo_producto
6474,7017,pava eléctrica oster acero inoxidable,Electro y Tecno,categoria_atributo
6475,12479,noga sw04,Electro y Tecno,categoria_generica
6476,5419,garrafa de camping,Deporte y Fitness,categoria_generica
6477,7564,juguete triciclo con capota,Bebes y Niños,modelo_producto
6478,7128,planchita de pelo suono,Salud y Belleza,modelo_producto
6479,10107,horno a gas empotrable ariston,Electro y Tecno,modelo_producto
6480,10811,extractor rulemanes,Electro y Tecno,categoria_generica
6481,6700,tablet lg,Electro y Tecno,categoria_marca
6482,5682,mesa recibidora nordica,"Muebles, Hogar y Deco",categoria_generica
6483,10994,cocina aurora argenta 4,Electro y Tecno,modelo_producto
6484,5107,bensimon perfume hombre,Salud y Belleza,categoria_generica
6485,4452,caloventor baño,Electro y Tecno,categoria_generica
6486,2370,jbl tune 110,Electro y Tecno,modelo_producto
6487,145,mochila maternal,Indumentaria y Calzado,categoria_generica
6488,11486,mirabel disney 100,Bebes y Niños,categoria_generica
6489,7354,parrillas,"Muebles, Hogar y Deco",modelo_producto
6490,5763,termotanque energy safe,Electro y Tecno,categoria_generica
6491,9790,kit para armar pulseras y collares,Deporte y Fitness,modelo_producto
6492,6404,kitchinet,Electro y Tecno,modelo_producto
6493,8308,lancha inflable,"Muebles, Hogar y Deco",categoria_generica
6494,1812,horno pizzero electrico,Electro y Tecno,categoria_atributo
6495,8684,freezer whirlpool 220 litros,Electro y Tecno,modelo_producto
6496,393,auriculares,Electro y Tecno,categoria_generica
6497,1359,cocina drean,Electro y Tecno,categoria_marca
6498,3865,aire acondicionado solo frio,Electro y Tecno,modelo_producto
6499,12359,xinji c1,Electro y Tecno,categoria_generica
6500,11973,tablet tabi t-go,Electro y Tecno,modelo_producto
6501,5381,gucci bamboo,Salud y Belleza,categoria_generica
6502,10308,pizarra magica grande,Electro y Tecno,categoria_generica
6503,2973,sillas negras,"Muebles, Hogar y Deco",categoria_generica
6504,10998,luces de emergencia 60 led,"Muebles, Hogar y Deco",modelo_producto
6505,10552,lg rn9,Electro y Tecno,modelo_producto
6506,4273,auriculares dekkin,Electro y Tecno,categoria_generica
6507,7546,cuna bebesit colecho,Bebes y Niños,categoria_generica
6508,9911,auriculares bluetooth jbl tune 510bt,Electro y Tecno,modelo_producto
6509,5814,anafe electrico ultracomb,Electro y Tecno,categoria_atributo
6510,3958,calefactores tiro balanceado en u,Electro y Tecno,categoria_generica
6511,6508,banquito de plastico,Deporte y Fitness,categoria_generica
6512,1351,taco gato cabra queso pizza,Bebes y Niños,modelo_producto
6513,596,nebulizador,Salud y Belleza,modelo_producto
6514,8726,samsung funda s10 plus,Electro y Tecno,modelo_producto
6515,4192,microcomponente sony,Electro y Tecno,categoria_marca
6516,3277,inodoro piazza amalfi,"Muebles, Hogar y Deco",categoria_generica
6517,9139,brinox ollas,Electro y Tecno,categoria_generica
6518,12158,tablet noblex t8a1ie,Electro y Tecno,modelo_producto
6519,980,horno pizzero 12 moldes,Electro y Tecno,modelo_producto
6520,6011,selsun shampoo,Salud y Belleza,categoria_generica
6521,12074,bangho zero m4,Electro y Tecno,categoria_generica
6522,5930,caja de ferrero rocher 12,"Muebles, Hogar y Deco",modelo_producto
6523,10410,heladera lacar con freezer,Electro y Tecno,modelo_producto
6524,11202,bomba centrífuga,"Muebles, Hogar y Deco",categoria_generica
6525,4302,singer overlock,Electro y Tecno,categoria_generica
6526,2258,motorola,Electro y Tecno,modelo_producto
6527,4505,lustradora de autos,Autos y Motos,categoria_generica
6528,6804,crique hidraulico 3 toneladas,Autos y Motos,modelo_producto
6529,4553,corralito bebe plegable,Bebes y Niños,categoria_atributo
6530,9767,muñeca barbie,Bebes y Niños,categoria_generica
6531,3398,baby call gadnic,Bebes y Niños,categoria_marca
6532,9779,bicicleta nordic rodado 29 mujer,Deporte y Fitness,categoria_atributo
6533,6547,maquina de coser industrial overlock,Electro y Tecno,categoria_atributo
6534,3069,impresoras fiscales,Electro y Tecno,categoria_generica
6535,1829,electrolux licuadora,Electro y Tecno,categoria_marca
6536,10905,mochila arena 45 litros,Indumentaria y Calzado,categoria_atributo
6537,12663,zapatillas montagne viper,Indumentaria y Calzado,categoria_generica
6538,9160,mopa xiaomi,"Muebles, Hogar y Deco",categoria_marca
6539,6590,planchita de pelo profesional para peluqueria,Salud y Belleza,categoria_atributo
6540,7806,dell latitude i7,Electro y Tecno,modelo_producto
6541,10344,ventilador ken brown,Electro y Tecno,categoria_generica
6542,11229,santista prata,"Muebles, Hogar y Deco",categoria_generica
6543,7727,samsung galaxy s20 5g,Electro y Tecno,modelo_producto
6544,7357,frazadas,"Muebles, Hogar y Deco",modelo_producto
6545,4194,minicomponente panasonic,Electro y Tecno,categoria_generica
6546,66,perfumes,Salud y Belleza,categoria_generica
6547,7827,cafetera philips con molinillo,Electro y Tecno,modelo_producto
6548,2020,lenovo loq 15,Electro y Tecno,modelo_producto
6549,12599,botella maped,Electro y Tecno,categoria_generica
6550,2120,cucha perro,"Muebles, Hogar y Deco",categoria_generica
6551,1793,apple watch se,Electro y Tecno,categoria_marca
6552,11615,barra de sonido c450,Electro y Tecno,modelo_producto
6553,3414,juguete bolso de bebe,Bebes y Niños,modelo_producto
6554,2475,serene herbs soursop bitters,Salud y Belleza,modelo_producto
6555,632,mac mini m4,Deporte y Fitness,categoria_generica
6556,8003,droid box,Electro y Tecno,categoria_generica
6557,7027,taladro inalambrico dowen pagio,Electro y Tecno,categoria_atributo
6558,10571,lg ck57,Electro y Tecno,modelo_producto
6559,9690,pata pata caballito,Bebes y Niños,categoria_generica
6560,12584,yaber u6,Electro y Tecno,categoria_generica
6561,11683,parlante crown mustang atomic 6.5,Electro y Tecno,modelo_producto
6562,8187,monster high skulltimate secrets,"Muebles, Hogar y Deco",modelo_producto
6563,5052,sommier sealy,"Muebles, Hogar y Deco",categoria_generica
6564,10805,tcl l10+,Electro y Tecno,categoria_generica
6565,534,cleanex gel limpiador,Salud y Belleza,categoria_generica
6566,7665,heladera electrolux side by side,Electro y Tecno,modelo_producto
6567,1055,macbook air m2,Electro y Tecno,categoria_generica
6568,4531,juguete control de samsung,Electro y Tecno,modelo_producto
6569,6691,chromecast xiaomi,Electro y Tecno,categoria_marca
6570,457,haylou gt1,Electro y Tecno,categoria_generica
6571,10206,sony shake x7d,Electro y Tecno,modelo_producto
6572,327,rallador electrico,Electro y Tecno,categoria_atributo
6573,7214,escritorio con cajoneras,"Muebles, Hogar y Deco",categoria_generica
6574,7973,a42 samsung,Electro y Tecno,modelo_producto
6575,2383,soporte para colgar bicicleta,Deporte y Fitness,modelo_producto
6576,2220,garmin vivoactive 5,Electro y Tecno,categoria_generica
6577,12779,star belly dream lites,"Muebles, Hogar y Deco",modelo_producto
6578,8519,juguete baby alive,Bebes y Niños,categoria_generica
6579,3702,zapatillas wake mujer,Indumentaria y Calzado,categoria_generica
6580,562,redmi 12,Electro y Tecno,modelo_producto
6581,12805,tv kanji 60,Electro y Tecno,categoria_generica
6582,6410,skala divina cor,Salud y Belleza,categoria_generica
6583,3100,multiprocesadora liliana 9 en 1,Electro y Tecno,modelo_producto
6584,5030,sillon de amamantar,"Muebles, Hogar y Deco",categoria_generica
6585,5482,pava atma vintage,Electro y Tecno,categoria_marca
6586,10823,mascara para fumigar,Electro y Tecno,categoria_generica
6587,11768,redmi note 11 twilight blue,Electro y Tecno,modelo_producto
6588,3880,juguete bolso con ruedas,Bebes y Niños,modelo_producto
6589,3354,polo sport ralph lauren,Salud y Belleza,modelo_producto
6590,2732,nike monarch,Deporte y Fitness,categoria_generica
6591,2803,zte blade a5,Electro y Tecno,categoria_generica
6592,1445,infinix smart 8,Electro y Tecno,categoria_atributo
6593,12622,fingertime,Electro y Tecno,modelo_producto
6594,9064,qcy t5,Electro y Tecno,categoria_generica
6595,6316,zapatilla de hombre deportiva,Indumentaria y Calzado,modelo_producto
6596,5619,cubos organizadores,"Muebles, Hogar y Deco",categoria_generica
6597,6945,mesa de luz wengue,"Muebles, Hogar y Deco",modelo_producto
6598,5497,cortadora de madera circular,Electro y Tecno,modelo_producto
6599,8690,samsung monitor de 18 pulgadas,Electro y Tecno,modelo_producto
6600,2028,gopro hero 13,Electro y Tecno,categoria_generica
6601,5143,juguete ripped fast,Bebes y Niños,categoria_generica
6602,11350,muscletech creatina,Salud y Belleza,categoria_generica
6603,5286,philips de procesadora,Electro y Tecno,categoria_marca
6604,7075,logitech mx keys mini,Electro y Tecno,modelo_producto
6605,3056,heladerita conservadora,Electro y Tecno,categoria_generica
6606,11072,bratz rock angelz,"Muebles, Hogar y Deco",categoria_generica
6607,12002,licuadora moulinex clic pro,Electro y Tecno,modelo_producto
6608,133,ryzen 5 5600g,Electro y Tecno,categoria_generica
6609,7108,horno electrico aurora,Electro y Tecno,categoria_atributo
6610,990,samsung s20 ultra,Electro y Tecno,modelo_producto
6611,6798,conjunto,"Muebles, Hogar y Deco",modelo_producto
6612,1376,cubierta rodado 29,Deporte y Fitness,categoria_atributo
6613,9086,ojotas rusty,Electro y Tecno,categoria_generica
6614,7751,botella termica 500 ml,Electro y Tecno,modelo_producto
6615,3771,alacena para baño,"Muebles, Hogar y Deco",categoria_generica
6616,8835,tecno pova 4,Electro y Tecno,categoria_generica
6617,2274,tabla de planchar plegable,"Muebles, Hogar y Deco",categoria_atributo
6618,84,samsung a04,Electro y Tecno,modelo_producto
6619,739,drean next,Electro y Tecno,categoria_marca
6620,2145,french avenue,Salud y Belleza,categoria_generica
6621,9685,muñeca rainbow high,Bebes y Niños,categoria_generica
6622,12248,tablet admiral fire,Electro y Tecno,categoria_generica
6623,2787,huawei watch fit 4,Electro y Tecno,modelo_producto
6624,12676,billetera pocket mujer,Indumentaria y Calzado,categoria_generica
6625,9618,muñeca harley quinn barbie,Bebes y Niños,modelo_producto
6626,9487,gomitas de vitamina c,Salud y Belleza,modelo_producto
6627,3438,bicicleta fiat 500,Deporte y Fitness,categoria_generica
6628,7320,olympus,Electro y Tecno,modelo_producto
6629,933,macbook air m4,Electro y Tecno,categoria_generica
6630,5979,tacho led,"Muebles, Hogar y Deco",categoria_generica
6631,12073,aire portatil tivoli,Electro y Tecno,categoria_atributo
6632,3761,ionizador solar para piletas,"Muebles, Hogar y Deco",modelo_producto
6633,7028,secarropas whirlpool 10 kg,Electro y Tecno,modelo_producto
6634,1478,canon r50,Electro y Tecno,categoria_generica
6635,2848,midnight iphone 13,Electro y Tecno,modelo_producto
6636,8467,control remoto samsung,Electro y Tecno,categoria_marca
6637,6766,minibar heladera,Electro y Tecno,categoria_generica
6638,4932,vitrocalefactor,Electro y Tecno,modelo_producto
6639,9428,lincoln logs,"Muebles, Hogar y Deco",categoria_generica
6640,9552,bateria a51 compatible,Autos y Motos,categoria_generica
6641,8386,nebulizador pulmoneb,Salud y Belleza,categoria_generica
6642,6273,heladera color,Electro y Tecno,categoria_generica
6643,12098,camara de seguridad sica,Electro y Tecno,modelo_producto
6644,5054,loteria familiar,Bebes y Niños,categoria_generica
6645,1078,linga para moto,Electro y Tecno,categoria_generica
6646,2786,jbl wave buds 2,Electro y Tecno,modelo_producto
6647,7380,sommier springwall 2 plazas,"Muebles, Hogar y Deco",modelo_producto
6648,3537,arqueador de pestañas electrico,Electro y Tecno,categoria_atributo
6649,11243,sillon chester,"Muebles, Hogar y Deco",categoria_generica
6650,4154,hp impresora con escaner,Electro y Tecno,modelo_producto
6651,7972,licuadora delhi,Electro y Tecno,categoria_generica
6652,5790,apple studio display,Electro y Tecno,categoria_marca
6653,3083,bomba de agua 1/2 hp,Electro y Tecno,modelo_producto
6654,2331,camaras instantaneas,Electro y Tecno,categoria_generica
6655,9196,neckband,Electro y Tecno,modelo_producto
6656,9807,conservadora coleman con ruedas,Deporte y Fitness,modelo_producto
6657,6008,cuba gold,Salud y Belleza,categoria_generica
6658,7959,cafetera con timer,Electro y Tecno,categoria_generica
6659,1709,juguete mesa nordica,"Muebles, Hogar y Deco",categoria_generica
6660,10890,robosapien,Electro y Tecno,modelo_producto
6661,8520,disfraz de las guerreras kpop,Bebes y Niños,modelo_producto
6662,8335,sedal shampoo y acondicionador,Salud y Belleza,modelo_producto
6663,8603,patines bota,Deporte y Fitness,categoria_generica
6664,5922,cama nido 1 plaza y media,"Muebles, Hogar y Deco",modelo_producto
6665,9081,cafetera combinada,Electro y Tecno,categoria_generica
6666,8522,escobero 1 puerta,Bebes y Niños,categoria_generica
6667,374,samsung galaxy celular a21s,Electro y Tecno,modelo_producto
6668,12089,pava electrica rca,Electro y Tecno,categoria_atributo
6669,12700,paraguas reversible,Indumentaria y Calzado,categoria_generica
6670,1225,pixel 10,Electro y Tecno,categoria_generica
6671,3234,redmi 5g,Electro y Tecno,modelo_producto
6672,887,camara gadnic,Electro y Tecno,categoria_marca
6673,5065,escalera multiproposito,"Muebles, Hogar y Deco",categoria_generica
6674,7294,volante thrustmaster,Electro y Tecno,categoria_generica
6675,8725,iphone 11 pro price,Electro y Tecno,modelo_producto
6676,3099,redmi watch 5 active,Electro y Tecno,modelo_producto
6677,2009,macbook pro m2,Electro y Tecno,categoria_generica
6678,8388,masajeador para cervical,Salud y Belleza,categoria_generica
6679,11209,el tesoro de la serpiente,"Muebles, Hogar y Deco",modelo_producto
6680,12152,asus x1502za-ej192w,Electro y Tecno,modelo_producto
6681,1663,cajas organizadoras,"Muebles, Hogar y Deco",categoria_generica
6682,10298,zte blade a51,Electro y Tecno,categoria_generica
6683,7841,notebook asus x515ea,Electro y Tecno,modelo_producto
6684,6807,tv android 40 pulgadas,Electro y Tecno,categoria_atributo
6685,9684,juguete chupete mordillo,Bebes y Niños,categoria_generica
6686,720,cocina peabody,Electro y Tecno,categoria_marca
6687,12547,aspiradora iberia,Electro y Tecno,categoria_generica
6688,2765,estufa pantalla a gas natural,Electro y Tecno,modelo_producto
6689,6914,slp 50 pro rodado 29,Deporte y Fitness,categoria_atributo
6690,10819,multiprocesadora minipimer,Electro y Tecno,categoria_generica
6691,8789,camara gadnic sx37,Electro y Tecno,modelo_producto
6692,12894,tst traful,"Muebles, Hogar y Deco",categoria_generica
6693,10781,lavavajillas bob,Electro y Tecno,categoria_generica
6694,11719,smartwatch xiaomi kieslect imilab k10,Electro y Tecno,modelo_producto
6695,3002,perfume kosiuko,Salud y Belleza,categoria_generica
6696,5655,plancha electrolux,Salud y Belleza,categoria_marca
6697,11085,cesto de basura tramontina,"Muebles, Hogar y Deco",modelo_producto
6698,549,juguete cartas del uno,Bebes y Niños,modelo_producto
6699,273,club de nuit intense,Salud y Belleza,modelo_producto
6700,7637,mancuernas rosas,Deporte y Fitness,categoria_generica
6701,6589,lavarropa candy carga frontal,Electro y Tecno,modelo_producto
6702,12221,tv candy 55,Electro y Tecno,categoria_generica
6703,4729,iphone celular xr,Electro y Tecno,categoria_marca
6704,5977,bandolera amayra,"Muebles, Hogar y Deco",categoria_generica
6705,8976,auriculares gamer inalámbricos,Electro y Tecno,categoria_atributo
6706,5333,cocina morelli zafira 900,Electro y Tecno,modelo_producto
6707,11631,chinelas topper,Deporte y Fitness,categoria_marca
6708,9131,smartwatch reebok,Electro y Tecno,categoria_generica
6709,5151,juguete lego policia,Bebes y Niños,categoria_generica
6710,7009,sup game box 400 in 1,Electro y Tecno,modelo_producto
6711,4856,garmin venu,Electro y Tecno,categoria_generica
6712,9224,valija rigida mediana,Indumentaria y Calzado,categoria_generica
6713,4085,maquina para cortar el pelo,Electro y Tecno,modelo_producto
6714,1045,sous vide,Electro y Tecno,categoria_generica
6715,12641,zapatillas 47 street bubble,Indumentaria y Calzado,modelo_producto
6716,9433,ropero con estantes,"Muebles, Hogar y Deco",categoria_generica
6717,3740,extractor de aire para cocina,"Muebles, Hogar y Deco",modelo_producto
6718,10809,patillera oryx,Salud y Belleza,categoria_generica
6719,8713,corta caño de gas termofusion,Electro y Tecno,modelo_producto
6720,2052,estabilizador dji,Electro y Tecno,categoria_generica
6721,8658,calefactor eskabe 3000 tiro balanceado,Electro y Tecno,modelo_producto
6722,5856,vaporera peabody,Electro y Tecno,categoria_marca
6723,4627,soporte tv 50 pulgadas giratorio,Electro y Tecno,categoria_atributo
6724,2858,microondas sanyo,Electro y Tecno,categoria_generica
6725,10179,cartuchos hp 74 y 75,Electro y Tecno,modelo_producto
6726,5076,aparador para cocina,"Muebles, Hogar y Deco",categoria_generica
6727,4008,calefon universal cu 146,Electro y Tecno,modelo_producto
6728,450,galaxy tab a9,Electro y Tecno,categoria_generica
6729,8267,tortazo juego,Bebes y Niños,categoria_generica
6730,9917,lenovo ryzen 3 ram ssd,Electro y Tecno,modelo_producto
6731,4379,mate y termo stanley,"Muebles, Hogar y Deco",modelo_producto
6732,223,estufa garrafera,Electro y Tecno,categoria_generica
6733,1698,plancha sublimadora,Salud y Belleza,categoria_generica
6734,11454,figura funko pop avatar,Bebes y Niños,modelo_producto
6735,12984,secador gama diamond ceramic,Salud y Belleza,modelo_producto
6736,731,heladera con freezer no frost,Electro y Tecno,modelo_producto
6737,205,botellas de agua,Deporte y Fitness,categoria_generica
6738,5638,cueva para gatos,"Muebles, Hogar y Deco",categoria_generica
6739,3667,philips cafetera,Electro y Tecno,categoria_marca
6740,12382,kadu k15,Electro y Tecno,categoria_generica
6741,1046,xiaomi smart band 9,Electro y Tecno,modelo_producto
6742,1390,bicicleta philco rodado 29,Deporte y Fitness,modelo_producto
6743,7840,termotanque de 100 litros,Electro y Tecno,categoria_atributo
6744,6901,bateria g7 plus,Autos y Motos,categoria_generica
6745,10526,macbook air 2023,Electro y Tecno,categoria_generica
6746,7742,cava philco 18 botellas,Electro y Tecno,modelo_producto
6747,5550,canon t7i,Electro y Tecno,categoria_generica
6748,12014,celular zte blade a3,Electro y Tecno,modelo_producto
6749,2278,hamacas de jardin,"Muebles, Hogar y Deco",categoria_generica
6750,3351,kichinet,"Muebles, Hogar y Deco",modelo_producto
6751,6044,juguete botines 35,Bebes y Niños,categoria_generica
6752,11941,funda transparente samsung a32,Electro y Tecno,modelo_producto
6753,1823,router starlink,Electro y Tecno,categoria_generica
6754,4742,whirlpool lavavajillas empotrable,Electro y Tecno,categoria_marca
6755,6883,bvlgari pour homme,Salud y Belleza,categoria_generica
6756,12198,reloj de hombre swatch,Electro y Tecno,modelo_producto
6757,4952,zapatillas kioshi hombre,Indumentaria y Calzado,categoria_generica
6758,5779,impresora epson l4150,Electro y Tecno,categoria_generica
6759,12812,3 claveles toledo,"Muebles, Hogar y Deco",categoria_generica
6760,664,redmi buds 6,Electro y Tecno,modelo_producto
6761,3111,soporte para tv 85 pulgadas,Electro y Tecno,categoria_atributo
6762,8826,celular nokia 106,Electro y Tecno,categoria_generica
6763,2208,jbl charge 4,Electro y Tecno,modelo_producto
6764,7956,kodak printomatic,Electro y Tecno,categoria_generica
6765,8499,mesa de luz flotante,"Muebles, Hogar y Deco",modelo_producto
6766,10022,hyundai ultra vision plus,Electro y Tecno,modelo_producto
6767,3012,slp 10 pro rodado 29,Deporte y Fitness,categoria_atributo
6768,12850,cama elastica gym,"Muebles, Hogar y Deco",categoria_generica
6769,1020,zte a51,Electro y Tecno,categoria_generica
6770,1585,samsung galaxy a30s,Electro y Tecno,modelo_producto
6771,5831,motorola ram,Electro y Tecno,categoria_marca
6772,3895,piso de goma eva,Bebes y Niños,modelo_producto
6773,3811,perfumes antonio banderas mujer,Salud y Belleza,modelo_producto
6774,11632,cinta ranbak,Deporte y Fitness,categoria_generica
6775,8300,doctor loco,Bebes y Niños,categoria_generica
6776,8392,ghost spectre,Salud y Belleza,categoria_generica
6777,1623,heladera inelro,Electro y Tecno,categoria_generica
6778,6200,parlante con microfono para niños,Electro y Tecno,modelo_producto
6779,10238,ventilador de techo airmax,Electro y Tecno,modelo_producto
6780,10694,repuesto bidet,Electro y Tecno,categoria_generica
6781,7694,anafe electrico bajo consumo,Electro y Tecno,categoria_atributo
6782,9306,organizador sobre inodoro,"Muebles, Hogar y Deco",categoria_generica
6783,12114,qled samsung 85,Electro y Tecno,modelo_producto
6784,4365,sillones simil ratan exterior,"Muebles, Hogar y Deco",modelo_producto
6785,12448,stromberg stoke,Electro y Tecno,categoria_generica
6786,8229,termo de 5 litros,"Muebles, Hogar y Deco",categoria_atributo
6787,10163,ventilador liliana 22 pulgadas,Electro y Tecno,modelo_producto
6788,12161,microondas grill atma,Electro y Tecno,categoria_marca
6789,527,parlante jvc,Electro y Tecno,categoria_generica
6790,10509,sony mhc gt3d,Electro y Tecno,modelo_producto
6791,194,cama elastica,"Muebles, Hogar y Deco",categoria_generica
6792,13013,incident diplomatique jovoy,Salud y Belleza,categoria_generica
6793,9308,cocina martiri crystal,Electro y Tecno,categoria_generica
6794,12508,lg 55nano80spa,Electro y Tecno,modelo_producto
6795,7585,bolso reebok hombre,Bebes y Niños,categoria_generica
6796,10205,gama gcx range,Electro y Tecno,categoria_generica
6797,32,teclado,Electro y Tecno,modelo_producto
6798,9012,reloj con bluetooth,Electro y Tecno,categoria_atributo
6799,9229,valija discovery,Indumentaria y Calzado,categoria_generica
6800,8199,medidas sillon 2 cuerpos,"Muebles, Hogar y Deco",modelo_producto
6801,236,motorola edge 20 pro,Electro y Tecno,modelo_producto
6802,8280,termo vacuum,"Muebles, Hogar y Deco",categoria_generica
6803,8968,sierra circular lusqtoff,Electro y Tecno,categoria_generica
6804,4709,jbl encore essential,Electro y Tecno,categoria_marca
6805,4637,whirlpool cava vinos 12 botellas,Electro y Tecno,modelo_producto
6806,3154,nubia focus 4g,Electro y Tecno,categoria_generica
6807,6950,luces con control remoto,Bebes y Niños,modelo_producto
6808,6407,estee lauder revitalizing supreme,Salud y Belleza,modelo_producto
6809,3444,cinta de butilo,Deporte y Fitness,categoria_generica
6810,2761,huawei matepad 11.5,Electro y Tecno,modelo_producto
6811,6856,zapatero gadnic,"Muebles, Hogar y Deco",categoria_marca
6812,1936,magnesium complex,Salud y Belleza,categoria_generica
6813,7306,caloventor calor,Electro y Tecno,categoria_generica
6814,2967,luces de boliche,"Muebles, Hogar y Deco",categoria_generica
6815,1343,monociclo,Electro y Tecno,modelo_producto
6816,9051,jarra cafe,Electro y Tecno,categoria_generica
6817,2497,juguete hammond collection,Bebes y Niños,categoria_generica
6818,12020,microondas siam 20 litros,Electro y Tecno,categoria_atributo
6819,190,motorola e40,Electro y Tecno,modelo_producto
6820,11139,filtro para pileta intex,"Muebles, Hogar y Deco",modelo_producto
6821,3070,anafes portatiles,Electro y Tecno,categoria_generica
6822,4220,freidora liliana,Electro y Tecno,categoria_marca
6823,2006,monitor samsung 27,Electro y Tecno,modelo_producto
6824,7617,bolsa de dormir y aislante,Deporte y Fitness,modelo_producto
6825,6906,bateria musical para niños,Autos y Motos,modelo_producto
6826,7459,sabanas fiesta,"Muebles, Hogar y Deco",categoria_generica
6827,2022,galaxy watch ultra,Electro y Tecno,categoria_generica
6828,11765,celular samsung galaxy a04s white,Electro y Tecno,modelo_producto
6829,3995,smart tv samsung 75,Electro y Tecno,modelo_producto
6830,3744,ken brown tv,Electro y Tecno,categoria_generica
6831,11297,masajeador cervical aspen,Salud y Belleza,categoria_generica
6832,12303,cargador para samsung s22,Electro y Tecno,modelo_producto
6833,7251,consola multijuegos,Electro y Tecno,categoria_generica
6834,7334,juvenil carteras de mujer,Indumentaria y Calzado,modelo_producto
6835,5594,vasos termicos,"Muebles, Hogar y Deco",categoria_generica
6836,5342,set de tablas para picar,"Muebles, Hogar y Deco",modelo_producto
6837,3181,radiador electrico peisa,Electro y Tecno,categoria_atributo
6838,4621,lavarropas samsung inverter 7 kg,Electro y Tecno,modelo_producto
6839,8463,mecedora winnie pooh,Bebes y Niños,categoria_generica
6840,2032,motorola moto watch,Electro y Tecno,categoria_marca
6841,10696,wahl professional,Electro y Tecno,categoria_generica
6842,11944,samsung the frame 55,Electro y Tecno,modelo_producto
6843,9162,tivoli heladera,Electro y Tecno,categoria_generica
6844,8495,juguete caminador de madera,Bebes y Niños,modelo_producto
6845,8330,eucerin q10 active noche,Salud y Belleza,modelo_producto
6846,7336,fila float prime,Indumentaria y Calzado,categoria_generica
6847,5441,parlante jbl flip 5,Electro y Tecno,modelo_producto
6848,6977,carro cuatro ruedas plegable,Deporte y Fitness,categoria_atributo
6849,12907,aro de luz,"Muebles, Hogar y Deco",categoria_generica
6850,941,siam quirion 150,Autos y Motos,categoria_generica
6851,5711,pelota de newcom,Deporte y Fitness,categoria_generica
6852,12577,smartwatch hw21,Electro y Tecno,categoria_generica
6853,1779,xiaomi pad 7,Electro y Tecno,modelo_producto
6854,4481,masajeador lumbar,Salud y Belleza,categoria_generica
6855,12769,manguera solytac 1/2,"Muebles, Hogar y Deco",modelo_producto
6856,611,horno pizzero 6 moldes,Electro y Tecno,modelo_producto
6857,332,juguete cutter,Electro y Tecno,categoria_generica
6858,10249,horno electrico kelvinator,Electro y Tecno,categoria_atributo
6859,4876,proyector xiaomi,Electro y Tecno,categoria_marca
6860,12307,asus zenbook i7,Electro y Tecno,modelo_producto
6861,2463,sillon ejecutivo,"Muebles, Hogar y Deco",categoria_generica
6862,2376,tablet enova 10,Electro y Tecno,categoria_generica
6863,1181,puerta granero corrediza,Bebes y Niños,categoria_generica
6864,2356,samsung 55 pulgadas 4k,Electro y Tecno,modelo_producto
6865,10627,videoportero commax,Electro y Tecno,categoria_generica
6866,622,teclado musical gadnic 54 teclas,Electro y Tecno,modelo_producto
6867,5296,nokia e5,Electro y Tecno,categoria_generica
6868,6365,comoda 140 cm,"Muebles, Hogar y Deco",categoria_generica
6869,12103,desarrugador a vapor winco,Electro y Tecno,modelo_producto
6870,5108,perfume importado mujer,Salud y Belleza,categoria_generica
6871,5681,mesa de luz orlandi,"Muebles, Hogar y Deco",modelo_producto
6872,9065,camara srihome,Electro y Tecno,categoria_generica
6873,3640,brisador peabody,Electro y Tecno,categoria_marca
6874,6144,dell latitude 7430,Electro y Tecno,modelo_producto
6875,5467,receptor de audio bluetooth,Electro y Tecno,categoria_atributo
6876,1304,heladera drean con dispenser,Electro y Tecno,modelo_producto
6877,826,juguete dji neo,Electro y Tecno,categoria_generica
6878,5004,organizador ropa interior,"Muebles, Hogar y Deco",categoria_generica
6879,10473,ventilador de techo lumer,Electro y Tecno,modelo_producto
6880,5628,organizador de lavarropas,Electro y Tecno,categoria_generica
6881,9583,figura my hero academia funko pop,Bebes y Niños,modelo_producto
6882,8884,planchita de pelo westinghouse,Salud y Belleza,modelo_producto
6883,240,juguete magnific,Bebes y Niños,categoria_generica
6884,7630,farol camping,Deporte y Fitness,categoria_generica
6885,2825,godeco maquina de coser,Electro y Tecno,modelo_producto
6886,10235,heladera neo frost,Electro y Tecno,categoria_generica
6887,8188,mesa y sillas plegables comedor,"Muebles, Hogar y Deco",modelo_producto
6888,5118,polypodium leucotomos,Salud y Belleza,categoria_generica
6889,3112,lijadora black and decker,Electro y Tecno,modelo_producto
6890,5321,repuesto mochila ferrum,Indumentaria y Calzado,categoria_generica
6891,9077,smartwatch noblex,Electro y Tecno,categoria_marca
6892,12904,silla niviko,"Muebles, Hogar y Deco",categoria_generica
6893,7311,rheem saiar,Electro y Tecno,categoria_generica
6894,4659,macbook air m1 2020,Electro y Tecno,modelo_producto
6895,5816,moledora de carne electrica,Electro y Tecno,categoria_atributo
6896,9117,heladera ge,Electro y Tecno,categoria_generica
6897,10183,detalles de motorola moto g23,Electro y Tecno,modelo_producto
6898,12507,bohne topp,Electro y Tecno,categoria_generica
6899,12325,minicomponente lg ck43,Electro y Tecno,modelo_producto
6900,9377,vanitory con mesada,"Muebles, Hogar y Deco",categoria_generica
6901,8265,ludo matic,Bebes y Niños,categoria_generica
6902,10428,freidora de aire unnic,Electro y Tecno,modelo_producto
6903,1710,juguete mesa de melamina,"Muebles, Hogar y Deco",modelo_producto
6904,10214,cepillo one step,Electro y Tecno,categoria_generica
6905,3433,raleigh mojave 4.5,Deporte y Fitness,modelo_producto
6906,6293,panel peabody,Electro y Tecno,categoria_marca
6907,5998,cepillo secador babyliss,Salud y Belleza,categoria_generica
6908,12485,lenovo xt91,Electro y Tecno,modelo_producto
6909,6046,daewoo aire acondicionado,Electro y Tecno,categoria_generica
6910,6100,smart tv hyundai 50,Electro y Tecno,categoria_atributo
6911,1748,redmi watch 5 lite,Electro y Tecno,modelo_producto
6912,6813,modulo a13 5g,"Muebles, Hogar y Deco",categoria_generica
6913,5836,maletin de poker,Electro y Tecno,categoria_generica
6914,404,lavarropas samsung 9 kg,Electro y Tecno,modelo_producto
6915,9730,helicóptero de control remoto,Bebes y Niños,modelo_producto
6916,11272,perfume ishtar susana gimenez,Salud y Belleza,modelo_producto
6917,3178,calefon tiro natural,Electro y Tecno,categoria_generica
6918,5431,samsung lavarropas inverter carga superior,Electro y Tecno,modelo_producto
6919,8570,protector bucal termomoldeable,Deporte y Fitness,categoria_generica
6920,5943,vaso termico con bombilla,"Muebles, Hogar y Deco",modelo_producto
6921,5341,caja herramientas milwaukee,"Muebles, Hogar y Deco",categoria_generica
6922,9010,aqua dragons,Electro y Tecno,categoria_generica
6923,1830,bgh joy,Electro y Tecno,categoria_marca
6924,11717,teclado samsung tab s6 lite,Electro y Tecno,modelo_producto
6925,9793,bici futura rodado 26,Deporte y Fitness,categoria_atributo
6926,12851,tic tac tiempo,Bebes y Niños,categoria_generica
6927,11364,melatonina carlyle,Salud y Belleza,categoria_generica
6928,8681,cava philco 8 botellas,Electro y Tecno,modelo_producto
6929,9153,sodastream fizzi,Electro y Tecno,categoria_generica
6930,6725,micrófono profesional,Electro y Tecno,categoria_atributo
6931,8899,batidora de pie philips,Electro y Tecno,modelo_producto
6932,1134,watch onn,Electro y Tecno,categoria_generica
6933,2647,paraguas,Indumentaria y Calzado,categoria_generica
6934,9356,vaso facetado durax,"Muebles, Hogar y Deco",categoria_generica
6935,7791,heladera electrolux dw42x,Electro y Tecno,modelo_producto
6936,4751,macbook pro 2019,Electro y Tecno,categoria_generica
6937,6805,luces led bajo alacena,"Muebles, Hogar y Deco",modelo_producto
6938,923,motorola moto edge 30 neo,Electro y Tecno,modelo_producto
6939,2434,tostadora peabody,Electro y Tecno,categoria_marca
6940,7277,monitor gfast,Electro y Tecno,categoria_generica
6941,11912,rack microondas/vajillero kp60,Electro y Tecno,modelo_producto
6942,721,twister juego,"Muebles, Hogar y Deco",categoria_generica
6943,11308,vince camuto perfume,Salud y Belleza,categoria_generica
6944,811,tcl 20e,Electro y Tecno,categoria_generica
6945,7581,juguete peluche minnie,Bebes y Niños,categoria_generica
6946,412,patillera,Electro y Tecno,modelo_producto
6947,11741,horno electrico neba 35 litros,Electro y Tecno,categoria_atributo
6948,2703,gps para gatos,Autos y Motos,categoria_generica
6949,8079,parlante retro,Electro y Tecno,categoria_generica
6950,4630,aspiradora de mano black and decker,Electro y Tecno,modelo_producto
6951,12789,pintura colorin 4 litros,"Muebles, Hogar y Deco",categoria_atributo
6952,3018,juguete camión de bomberos,Bebes y Niños,modelo_producto
6953,1689,fidelite baño de crema,Salud y Belleza,modelo_producto
6954,10875,kuvings,Electro y Tecno,modelo_producto
6955,11222,lavarropas en cocina,Electro y Tecno,categoria_generica
6956,248,mochila the north face,Indumentaria y Calzado,modelo_producto
6957,11146,pepe moco,"Muebles, Hogar y Deco",categoria_generica
6958,8191,termo stanley de 2 litros,"Muebles, Hogar y Deco",modelo_producto
6959,9839,bicicleta rockport,Deporte y Fitness,categoria_generica
6960,1606,impresora samsung,Electro y Tecno,categoria_marca
6961,6437,bateria samsung a10,Electro y Tecno,modelo_producto
6962,2593,cámara oculta,Electro y Tecno,categoria_generica
6963,2191,heladera samsung rt38k5932sl,Electro y Tecno,modelo_producto
6964,355,celulares liberados,Electro y Tecno,categoria_generica
6965,5380,secador nova,Salud y Belleza,categoria_generica
6966,5807,philips parlante para celular,Electro y Tecno,modelo_producto
6967,1913,colchon king,"Muebles, Hogar y Deco",categoria_generica
6968,7704,aire acondicionado portatil electra,Electro y Tecno,categoria_atributo
6969,9732,home alone lego,Bebes y Niños,categoria_generica
6970,409,heladera kohinoor,Electro y Tecno,categoria_generica
6971,2029,motorola g9 plus,Electro y Tecno,modelo_producto
6972,187,sillas,"Muebles, Hogar y Deco",modelo_producto
6973,10662,cafetera masterchef,Electro y Tecno,categoria_generica
6974,7264,batidora electrolux,Electro y Tecno,categoria_marca
6975,2542,xiaomi impresora de fotos portátil,Electro y Tecno,modelo_producto
6976,2467,cocina duravit,"Muebles, Hogar y Deco",categoria_generica
6977,2447,zapatillas wake,Indumentaria y Calzado,categoria_generica
6978,12046,pava eléctrica electrolux ekp50,Electro y Tecno,modelo_producto
6979,999,canon eos r50,Electro y Tecno,categoria_generica
6980,2347,samsung galaxy s10 plus,Electro y Tecno,modelo_producto
6981,8247,cocina morelli forza,Electro y Tecno,categoria_generica
6982,269,sol de janeiro,Salud y Belleza,categoria_generica
6983,7745,hp officejet pro 7740,Electro y Tecno,modelo_producto
6984,11625,bolsa de dormir unicornio,Deporte y Fitness,modelo_producto
6985,6542,manguera aire acondicionado portatil,Electro y Tecno,categoria_atributo
6986,5569,impresora pantum,Electro y Tecno,categoria_generica
6987,2933,modulos para cocina,"Muebles, Hogar y Deco",categoria_generica
6988,2874,motorola 32,Electro y Tecno,modelo_producto
6989,1234,sillon reclinable 3 cuerpos,"Muebles, Hogar y Deco",modelo_producto
6990,5685,plato hondo ceramica,Bebes y Niños,categoria_generica
6991,2380,samsung neo qled,Electro y Tecno,categoria_marca
6992,4524,mamadera chicco natural feeling,Bebes y Niños,modelo_producto
6993,4466,secador de pelo vanta,Salud y Belleza,modelo_producto
6994,9080,trituradora de hielo,Electro y Tecno,categoria_generica
6995,1724,magiclick encendedor,Deporte y Fitness,categoria_generica
6996,2561,motorola moto g62,Electro y Tecno,modelo_producto
6997,6159,huawei sound joy,Electro y Tecno,categoria_generica
6998,11929,samsung galaxy sm-s918bzkmaro,Electro y Tecno,modelo_producto
6999,2299,compresor portatil para auto,Autos y Motos,categoria_atributo
7000,3755,belmo density 2,"Muebles, Hogar y Deco",categoria_generica
7001,3910,bicicleta plegable rodado 26,Deporte y Fitness,categoria_atributo
7002,4130,joystick ps4 generico,Electro y Tecno,categoria_generica
7003,11958,caloventor eiffel e-541,Electro y Tecno,modelo_producto
7004,8367,matizador black,Salud y Belleza,categoria_generica
7005,6123,microondas samsung 23 litros,Electro y Tecno,modelo_producto
7006,1077,termo eléctrico,Electro y Tecno,categoria_atributo
7007,5534,olla fundicion,Electro y Tecno,categoria_generica
7008,8126,mopa piso centrifuga bynox compacta,"Muebles, Hogar y Deco",modelo_producto
7009,5875,estabilizador gadnic,Electro y Tecno,categoria_marca
7010,8092,samsung q70a,Electro y Tecno,modelo_producto
7011,11181,reposera de pileta,"Muebles, Hogar y Deco",categoria_generica
7012,560,logitech g435,Electro y Tecno,categoria_generica
7013,970,juguete practicuna colecho,Bebes y Niños,categoria_generica
7014,12235,notebook hp i3,Electro y Tecno,modelo_producto
7015,9126,haylou gt6,Electro y Tecno,categoria_generica
7016,11296,secador de vidrios profesional,Salud y Belleza,categoria_atributo
7017,9944,monitor samsung odyssey g4 25,Electro y Tecno,modelo_producto
7018,1858,notebook gateway,Electro y Tecno,categoria_generica
7019,8433,one for all control,Electro y Tecno,modelo_producto
7020,11050,vaso termico rubbermaid,"Muebles, Hogar y Deco",categoria_generica
7021,6888,electroestimulador tekmedical,Salud y Belleza,categoria_generica
7022,9488,plancha moulinex ultragliss,Salud y Belleza,categoria_marca
7023,1658,mochila antirrobo,Indumentaria y Calzado,categoria_generica
7024,10903,inodoro capea corto con mochila medidas,"Muebles, Hogar y Deco",modelo_producto
7025,5277,epson l1800,Electro y Tecno,categoria_generica
7026,7256,atma vintage,Electro y Tecno,categoria_marca
7027,11751,horno electrico aurora kankay m70,Electro y Tecno,categoria_atributo
7028,11986,ventilador kanji 3 en 1,Electro y Tecno,modelo_producto
7029,9601,figura funko pop de godzilla,Bebes y Niños,modelo_producto
7030,9477,maybelline fit me 230,Salud y Belleza,modelo_producto
7031,325,lavarropas drean 8 kg,Electro y Tecno,modelo_producto
7032,2833,freezer horizontal exhibidor,Electro y Tecno,categoria_generica
7033,3931,colchoneta masajeadora,Deporte y Fitness,categoria_generica
7034,3792,organizador con ruedas,"Muebles, Hogar y Deco",categoria_generica
7035,2775,electrolux aspiradora vertical inalambrica,Electro y Tecno,modelo_producto
7036,8533,coche infanti,Bebes y Niños,categoria_generica
7037,4845,tablet bangho,Electro y Tecno,categoria_generica
7038,5218,tablet lenovo con teclado,Electro y Tecno,modelo_producto
7039,5307,minipimer smartlife,Electro y Tecno,categoria_generica
7040,10121,jbl flip 6 potencia,Electro y Tecno,modelo_producto
7041,11354,cabina panda,Salud y Belleza,categoria_generica
7042,3265,caloventor electrolux,Electro y Tecno,categoria_marca
7043,10979,alfombra para entrada de casa exterior,"Muebles, Hogar y Deco",modelo_producto
7044,10245,smartwatch xinji c1,Electro y Tecno,categoria_generica
7045,9402,sealy rainbow,"Muebles, Hogar y Deco",categoria_generica
7046,7724,tostadora electrica 4 panes,Electro y Tecno,categoria_atributo
7047,838,samsung a26 5g,Electro y Tecno,modelo_producto
7048,9836,conservadora stanley,Deporte y Fitness,categoria_marca
7049,4176,ventilador techo retractil,Electro y Tecno,categoria_generica
7050,7925,mini aspiradora de mano,Electro y Tecno,modelo_producto
7051,7842,volante g29 logitech,Electro y Tecno,categoria_generica
7052,1064,motorola edge 60,Electro y Tecno,modelo_producto
7053,5634,wok con tapa,"Muebles, Hogar y Deco",categoria_generica
7054,4497,cascos,Autos y Motos,categoria_generica
7055,5981,bingo con bolillero,Bebes y Niños,categoria_generica
7056,26,samsung s25 ultra,Electro y Tecno,modelo_producto
7057,10361,batidora kitchen assist,Electro y Tecno,categoria_generica
7058,7156,samsung qd oled,Electro y Tecno,categoria_marca
7059,3760,escalera articulada de aluminio,"Muebles, Hogar y Deco",modelo_producto
7060,5110,bañera con termometro,Salud y Belleza,categoria_generica
7061,2375,soporte para celular para auto,Electro y Tecno,modelo_producto
7062,12181,xbox g332 logitech,Electro y Tecno,categoria_generica
7063,3122,tv rca 50 pulgadas,Electro y Tecno,categoria_atributo
7064,3393,juguete sillita de bebe,Bebes y Niños,modelo_producto
7065,1928,baño de crema skala,Salud y Belleza,modelo_producto
7066,10878,breville,Electro y Tecno,modelo_producto
7067,3334,puppy house,"Muebles, Hogar y Deco",categoria_generica
7068,3180,camara solar 4g,Electro y Tecno,categoria_generica
7069,12714,everlast valijas,Indumentaria y Calzado,categoria_generica
7070,8590,mini bratz,Deporte y Fitness,categoria_generica
7071,11879,sandwichera 3 en 1 yelmo,Electro y Tecno,modelo_producto
7072,9822,pinypon casa del arbol,Deporte y Fitness,modelo_producto
7073,5543,pochoclera winco,Electro y Tecno,categoria_generica
7074,7319,hp pink intel n150 4gb,Electro y Tecno,modelo_producto
7075,3609,licuadora philco,Electro y Tecno,categoria_marca
7076,10794,mouse viper,Electro y Tecno,categoria_generica
7077,5741,motorola moto e5 play,Electro y Tecno,modelo_producto
7078,8134,zapatillas classic leather reebok,Indumentaria y Calzado,modelo_producto
7079,1231,cama de 1 plaza y media,"Muebles, Hogar y Deco",categoria_generica
7080,6864,deshumidificador,"Muebles, Hogar y Deco",modelo_producto
7081,8451,juguete practicuna glee,Bebes y Niños,categoria_generica
7082,9510,hugo boss energise,Salud y Belleza,categoria_generica
7083,3912,bicicleta battle rodado 29,Deporte y Fitness,categoria_atributo
7084,9198,smartwatch m99 plateado 4g android,Electro y Tecno,modelo_producto
7085,4911,panel de vidrio,Electro y Tecno,categoria_generica
7086,5873,portero wifi,Electro y Tecno,categoria_atributo
7087,10880,roborock,Electro y Tecno,modelo_producto
7088,10863,monster auriculares,Electro y Tecno,categoria_generica
7089,2264,sommiers y bases,"Muebles, Hogar y Deco",categoria_generica
7090,8218,termo stanley camuflado,"Muebles, Hogar y Deco",categoria_marca
7091,109,redmi 13c,Electro y Tecno,modelo_producto
7092,8801,batidora planetaria daihatsu,Electro y Tecno,categoria_generica
7093,1737,tcl 50 pro nxtpaper 5g,Electro y Tecno,modelo_producto
7094,5832,vaporizador philips,Electro y Tecno,categoria_marca
7095,7359,bajo mesada orlandi 1.60,"Muebles, Hogar y Deco",modelo_producto
7096,12293,tv sansei 50,Electro y Tecno,categoria_generica
7097,5584,hollsen,Electro y Tecno,modelo_producto
7098,11162,placard emc,"Muebles, Hogar y Deco",categoria_generica
7099,8355,masajeador cervical homedics,Salud y Belleza,categoria_generica
7100,3162,mouse logitech m170,Electro y Tecno,categoria_generica
7101,2717,juguete cubiertos gamuza,Bebes y Niños,categoria_generica
7102,6810,cocina whirlpool 60 cm,Electro y Tecno,modelo_producto
7103,6963,juguete practicuna con cambiador,Bebes y Niños,modelo_producto
7104,6411,angel o demonio givenchy,Salud y Belleza,modelo_producto
7105,2030,pava electrica de vidrio,Electro y Tecno,categoria_atributo
7106,8957,figura robot titan,Electro y Tecno,categoria_generica
7107,5219,memoria de 32 gb,Electro y Tecno,modelo_producto
7108,2159,mini trampolin,Deporte y Fitness,categoria_generica
7109,4664,driver impresora epson l3250,Electro y Tecno,modelo_producto
7110,1023,tribulus terrestris,Electro y Tecno,categoria_generica
7111,7437,sanitary wares,"Muebles, Hogar y Deco",categoria_generica
7112,7207,overlock gadnic,Electro y Tecno,categoria_marca
7113,12844,manguera corrugada para pileta,"Muebles, Hogar y Deco",modelo_producto
7114,1484,tela de avion,Indumentaria y Calzado,categoria_generica
7115,102,samsung a15,Electro y Tecno,modelo_producto
7116,9558,auto de mario kart,Autos y Motos,modelo_producto
7117,4748,soporte bomba presurizadora,Electro y Tecno,categoria_generica
7118,12633,warptech,Electro y Tecno,modelo_producto
7119,9005,hidrolavadora fierce,Electro y Tecno,categoria_generica
7120,1695,armaf odyssey,Salud y Belleza,categoria_generica
7121,2826,inodoro quimico portatil,"Muebles, Hogar y Deco",categoria_atributo
7122,5156,barra de sonido bose,Electro y Tecno,modelo_producto
7123,8745,horno electrico ken brown,Electro y Tecno,categoria_atributo
7124,9364,escalera 16 escalones,"Muebles, Hogar y Deco",categoria_generica
7125,9655,juguete practicuna disney,Bebes y Niños,categoria_generica
7126,8012,galaxy book3,Electro y Tecno,categoria_generica
7127,10269,combo lavarropas y secarropas,Electro y Tecno,modelo_producto
7128,3684,insta360,Electro y Tecno,categoria_marca
7129,3421,rca aire acondicionado,Electro y Tecno,categoria_generica
7130,4673,teclado hyperx alloy fps,Electro y Tecno,modelo_producto
7131,4780,escritorio para pc madera,"Muebles, Hogar y Deco",modelo_producto
7132,8310,volf vento,"Muebles, Hogar y Deco",categoria_generica
7133,4707,ventilador de pie atma,Electro y Tecno,modelo_producto
7134,6734,calefactor de pie,Electro y Tecno,categoria_generica
7135,6648,cargador de iphone 12,Electro y Tecno,modelo_producto
7136,7285,hornito con anafe,Electro y Tecno,categoria_generica
7137,6010,silfab tensiometro,Salud y Belleza,categoria_generica
7138,8442,juguete lego animal crossing,Bebes y Niños,modelo_producto
7139,8323,revlon kiss cushion lip tint,Salud y Belleza,modelo_producto
7140,3087,kodak smart tv de 43 pulgadas,Electro y Tecno,categoria_atributo
7141,8956,funda para samsung a10,Electro y Tecno,modelo_producto
7142,12069,organizador acrilico heladera,Electro y Tecno,categoria_generica
7143,5713,paleta donic,Deporte y Fitness,categoria_generica
7144,8297,espejo circular,"Muebles, Hogar y Deco",categoria_generica
7145,9765,muñeca frozen,Bebes y Niños,categoria_generica
7146,4096,torre de sonido philco,Electro y Tecno,modelo_producto
7147,4255,lg zero,Electro y Tecno,categoria_marca
7148,9283,placard de dos puertas corredizas,"Muebles, Hogar y Deco",modelo_producto
7149,3453,maquinas para hacer sopa,Electro y Tecno,categoria_generica
7150,7039,anker soundcore life q20,Electro y Tecno,modelo_producto
7151,10494,turbo ventilador silencioso,Electro y Tecno,categoria_generica
7152,3082,samsung galaxy funda s23 ultra,Electro y Tecno,modelo_producto
7153,5144,carpa para 8 personas,Deporte y Fitness,modelo_producto
7154,12901,ionizador lusqtoff,"Muebles, Hogar y Deco",categoria_generica
7155,10226,hyundai ultra shadow,Electro y Tecno,categoria_generica
7156,11863,bordeadora de cesped black decker,Electro y Tecno,modelo_producto
7157,6310,mochilas urbanas,Indumentaria y Calzado,categoria_generica
7158,9118,planchita arrow,Salud y Belleza,categoria_generica
7159,6934,aire carrier inverter,Electro y Tecno,categoria_atributo
7160,2163,cinta de correr electrica,Deporte y Fitness,categoria_atributo
7161,1408,iphone 14 pro purple,Electro y Tecno,modelo_producto
7162,3841,batería moura 12x65,Autos y Motos,categoria_generica
7163,5853,creality falcon,Electro y Tecno,categoria_generica
7164,5850,taladro philco,Electro y Tecno,categoria_marca
7165,3315,pileta de patio con sifon,"Muebles, Hogar y Deco",modelo_producto
7166,11982,noga pc ultra 10,Electro y Tecno,modelo_producto
7167,9078,cafetera aurora,Electro y Tecno,categoria_generica
7168,3777,mopa con spray,"Muebles, Hogar y Deco",categoria_generica
7169,5688,reja metal desplegado,Bebes y Niños,categoria_generica
7170,1761,nintendo mario kart 8,Electro y Tecno,modelo_producto
7171,1153,ipad a16,Electro y Tecno,categoria_generica
7172,11887,lenovo ideapad 1 14,Electro y Tecno,modelo_producto
7173,662,poco f7 pro,Electro y Tecno,categoria_generica
7174,7521,juguete mrs potato head,Bebes y Niños,modelo_producto
7175,6664,cortadora de pelo gama,Salud y Belleza,modelo_producto
7176,629,razer viper v3 pro,Electro y Tecno,modelo_producto
7177,6478,juguete hamaca mecedora,"Muebles, Hogar y Deco",categoria_generica
7178,5124,cerave pm,Salud y Belleza,categoria_generica
7179,9200,batidora planetaria alhias 1000w accesorios,Electro y Tecno,categoria_atributo
7180,143,cargador de iphone,Electro y Tecno,categoria_marca
7181,7612,harden vol 5,Deporte y Fitness,categoria_generica
7182,8889,cold press juicer,Electro y Tecno,categoria_generica
7183,8222,cocina con horno pizzero,Electro y Tecno,modelo_producto
7184,9254,sillon de pana 2 cuerpos,"Muebles, Hogar y Deco",modelo_producto
7185,7678,lenovo thinkpad t14 gen 1,Electro y Tecno,modelo_producto
7186,11656,trituradoras de papel,Electro y Tecno,categoria_generica
7187,9704,mecedora tiny love,Bebes y Niños,categoria_generica
7188,12820,bomba sumergible 1hp,"Muebles, Hogar y Deco",categoria_generica
7189,12542,samsung j250,Electro y Tecno,modelo_producto
7190,7303,horno ahumador,Electro y Tecno,categoria_generica
7191,12177,parlante philco djp61,Electro y Tecno,modelo_producto
7192,10219,fire hd 10,Electro y Tecno,categoria_generica
7193,9046,samsung pl120,Electro y Tecno,modelo_producto
7194,563,cafetera atma,Electro y Tecno,categoria_marca
7195,495,cortadoras de pelo,Salud y Belleza,categoria_generica
7196,6178,pava electrica acero,Electro y Tecno,categoria_atributo
7197,12418,ctl 472,Electro y Tecno,categoria_generica
7198,4937,reebok zig kinetica 2.5 edge,Indumentaria y Calzado,modelo_producto
7199,8279,reflector ledvance,"Muebles, Hogar y Deco",categoria_generica
7200,7396,caja de herramientas dewalt,"Muebles, Hogar y Deco",modelo_producto
7201,10092,soporte para celular auto tablero,Electro y Tecno,modelo_producto
7202,6319,zapatillas penalty hombre,Indumentaria y Calzado,categoria_generica
7203,12355,cd boombox,Electro y Tecno,categoria_generica
7204,1404,despertadores,Electro y Tecno,modelo_producto
7205,2154,juguete radio vintage,Electro y Tecno,categoria_generica
7206,3499,paquete calzoncillos calvin klein,Electro y Tecno,modelo_producto
7207,9706,juguete lanza dardos,Bebes y Niños,categoria_generica
7208,9304,placard color venecia,"Muebles, Hogar y Deco",categoria_generica
7209,11689,motorola edge 30 neo ice palace,Electro y Tecno,modelo_producto
7210,1439,mini impresora termica,Electro y Tecno,categoria_generica
7211,3873,peluche de hello kitty,Bebes y Niños,modelo_producto
7212,3269,wmark maquina cortadora pelo ng,Salud y Belleza,modelo_producto
7213,5300,sony filmadora,Electro y Tecno,categoria_marca
7214,921,redmi note 14 pro plus,Electro y Tecno,modelo_producto
7215,13040,maquillaje sirena,Salud y Belleza,categoria_generica
7216,7358,alambre san martin por 1000 metros,"Muebles, Hogar y Deco",modelo_producto
7217,1430,pava electrica vintage,Electro y Tecno,categoria_atributo
7218,6075,bicicleta thunder,Deporte y Fitness,categoria_generica
7219,2252,nikon d5600,Electro y Tecno,categoria_generica
7220,12106,auriculares lenovo lp12,Electro y Tecno,modelo_producto
7221,3337,cama con cajonera,"Muebles, Hogar y Deco",categoria_generica
7222,4267,bordeadora petri,Electro y Tecno,categoria_generica
7223,3733,cocina peabody acero inoxidable,Electro y Tecno,modelo_producto
7224,7224,soporte tagwood,Electro y Tecno,categoria_generica
7225,4198,bgh b3219k5,Electro y Tecno,modelo_producto
7226,6176,aspiradora robot electrolux,Electro y Tecno,categoria_marca
7227,3145,convector star trak,Electro y Tecno,categoria_generica
7228,554,jbl go 3,Electro y Tecno,modelo_producto
7229,2971,juego en palabras,Bebes y Niños,categoria_generica
7230,3717,utensilios de cocina,"Muebles, Hogar y Deco",categoria_generica
7231,12788,pileta sol de verano redonda,"Muebles, Hogar y Deco",modelo_producto
7232,576,xerjoff erba pura,Salud y Belleza,categoria_generica
7233,10572,redmi 9t,Electro y Tecno,modelo_producto
7234,12299,hamaca paraguaya portatil,Electro y Tecno,categoria_atributo
7235,4758,poco m4 pro,Electro y Tecno,categoria_generica
7236,2318,elipticos,Deporte y Fitness,modelo_producto
7237,8554,bicicleta de hombre rodado 29,Deporte y Fitness,categoria_atributo
7238,2031,disco de estado solido,Electro y Tecno,modelo_producto
7239,1108,dji mini 3,Electro y Tecno,categoria_generica
7240,55,yerba canarias,"Muebles, Hogar y Deco",categoria_generica
7241,4642,whirlpool heladera bajo mesada,Electro y Tecno,modelo_producto
7242,12593,minitorno daewoo,Electro y Tecno,categoria_generica
7243,1803,logitech g pro x,Electro y Tecno,modelo_producto
7244,8145,valija pierre cardin,Indumentaria y Calzado,categoria_generica
7245,7936,anafe electrico samsung,Electro y Tecno,categoria_marca
7246,9600,figura funko pop de neymar,Bebes y Niños,modelo_producto
7247,9476,perfume adolfo dominguez mujer,Salud y Belleza,modelo_producto
7248,1481,botines penalty,Electro y Tecno,categoria_generica
7249,3723,ropero 4 puertas 2 cajones,"Muebles, Hogar y Deco",modelo_producto
7250,9929,horno electrico bgh 35 litros,Electro y Tecno,modelo_producto
7251,3059,banco multiangular,Deporte y Fitness,categoria_generica
7252,11511,juguete muñeca encanto,Bebes y Niños,categoria_generica
7253,5967,organizador escobero,"Muebles, Hogar y Deco",categoria_generica
7254,7986,pastalinda 260,Electro y Tecno,categoria_generica
7255,4473,odyssey mandarin sky,Salud y Belleza,categoria_generica
7256,1540,pc gamer,Electro y Tecno,categoria_atributo
7257,7723,zte blade a72s características,Electro y Tecno,modelo_producto
7258,6673,pico gas natural,Electro y Tecno,categoria_generica
7259,8771,impresora hp 315,Electro y Tecno,modelo_producto
7260,10277,sony shake x30d,Electro y Tecno,modelo_producto
7261,12492,balanza para valijas,Electro y Tecno,categoria_generica
7262,2021,redmi pad pro,Electro y Tecno,categoria_marca
7263,4861,canilla plastica,"Muebles, Hogar y Deco",categoria_generica
7264,1101,casco vertigo,Autos y Motos,categoria_generica
7265,6132,heladera midea no frost,Electro y Tecno,modelo_producto
7266,7099,tablet kassel 10,Electro y Tecno,categoria_generica
7267,11084,campana de cocina con motor,"Muebles, Hogar y Deco",modelo_producto
7268,7700,termotanque emege alta recuperacion,Electro y Tecno,modelo_producto
7269,772,playstation portal,Electro y Tecno,categoria_generica
7270,5432,termotanque universal 90 litros eléctrico,Electro y Tecno,categoria_atributo
7271,7487,cacharel noa,Salud y Belleza,categoria_generica
7272,7143,lenovo thinkpad x270,Electro y Tecno,modelo_producto
7273,1386,juguete cubiertos volf,Bebes y Niños,categoria_generica
7274,3698,mochila ferrum andina,"Muebles, Hogar y Deco",categoria_generica
7275,1094,cocina patrick,Electro y Tecno,categoria_generica
7276,2394,batidora de mano liliana,Electro y Tecno,modelo_producto
7277,4691,samsung tv frame,Electro y Tecno,categoria_marca
7278,6294,impresora de mano,Electro y Tecno,categoria_generica
7279,2811,cargador iphone 15,Electro y Tecno,modelo_producto
7280,5602,campana cocina 60 cm,"Muebles, Hogar y Deco",modelo_producto
7281,2306,peluche oso de toy story,Bebes y Niños,modelo_producto
7282,1099,afnan 9pm perfume pour homme,Salud y Belleza,modelo_producto
7283,8121,acquarius,Electro y Tecno,modelo_producto
7284,3141,estufa 3 velas,Electro y Tecno,categoria_generica
7285,6356,modular rack tv,"Muebles, Hogar y Deco",categoria_generica
7286,9261,cesto de basura 12 litros,"Muebles, Hogar y Deco",categoria_atributo
7287,8589,pesas de plastico,Deporte y Fitness,categoria_generica
7288,10871,samsung t5300,Electro y Tecno,modelo_producto
7289,4899,rallador de citricos,Electro y Tecno,categoria_generica
7290,9217,paraguas toy story,Indumentaria y Calzado,categoria_generica
7291,7690,termotanque heineken 120 litros,Electro y Tecno,categoria_atributo
7292,9534,fadogia agrestis,Salud y Belleza,categoria_generica
7293,2219,ventilador de pie silencioso,Electro y Tecno,modelo_producto
7294,335,ninja creami,Electro y Tecno,categoria_generica
7295,8481,bolso maternal disney,Bebes y Niños,categoria_generica
7296,6828,organizador de planchado,"Muebles, Hogar y Deco",categoria_generica
7297,12354,lg oled65c2,Electro y Tecno,modelo_producto
7298,4770,horno pan atma,Electro y Tecno,categoria_marca
7299,12265,nespresso expert milk,Electro y Tecno,categoria_generica
7300,4102,pistola de agua con mochila,Electro y Tecno,modelo_producto
7301,5945,lavatorio de baño con mueble,"Muebles, Hogar y Deco",modelo_producto
7302,2604,cafetera vintage,Electro y Tecno,categoria_generica
7303,8751,lavarropa drean 600 rpm,Electro y Tecno,modelo_producto
7304,12953,colchón sueño,"Muebles, Hogar y Deco",categoria_generica
7305,10472,macbook air i5,Electro y Tecno,categoria_generica
7306,12618,ventilador,Electro y Tecno,modelo_producto
7307,10008,pava electrica ken brown,Electro y Tecno,categoria_atributo
7308,13037,plancha con base,Salud y Belleza,categoria_generica
7309,9914,notebook samsung galaxy book3 i5,Electro y Tecno,modelo_producto
7310,5561,rack para microondas,Electro y Tecno,categoria_generica
7311,10260,batidora planetaria electrolux,Electro y Tecno,categoria_marca
7312,6499,barra plegable pared,Deporte y Fitness,categoria_atributo
7313,7888,iphone 12 agua,Electro y Tecno,modelo_producto
7314,5152,supermercado de juguete,Bebes y Niños,categoria_generica
7315,12226,auriculares pop it,Electro y Tecno,categoria_generica
7316,8610,handy baofeng uv 5r kit,Deporte y Fitness,modelo_producto
7317,6783,remera deportiva mujer adidas,Indumentaria y Calzado,modelo_producto
7318,12819,ivation ez bed,"Muebles, Hogar y Deco",categoria_generica
7319,6347,sillón esquinero 3 cuerpos,"Muebles, Hogar y Deco",modelo_producto
7320,6608,funda samsung a13,Electro y Tecno,modelo_producto
7321,6040,juguete patineta para cochecito,Bebes y Niños,modelo_producto
7322,5373,tratamiento para crecimiento de cabello,Salud y Belleza,modelo_producto
7323,810,aspiradora trapeadora,Electro y Tecno,categoria_generica
7324,2548,samsung galaxy s25 5g,Electro y Tecno,modelo_producto
7325,1326,maquina de boxeo,Deporte y Fitness,categoria_generica
7326,12315,cafetera mini me,Electro y Tecno,categoria_generica
7327,11809,drone mavic mini 2,Electro y Tecno,modelo_producto
7328,9969,macbook pro 16 gb ram,Electro y Tecno,categoria_atributo
7329,5019,respaldo sommier queen,"Muebles, Hogar y Deco",categoria_generica
7330,13031,vitene colageno,Salud y Belleza,categoria_generica
7331,2606,hp gamer,Electro y Tecno,categoria_marca
7332,11481,control remoto netflix,Electro y Tecno,categoria_generica
7333,6118,heladera mostrador 3 puertas,Electro y Tecno,modelo_producto
7334,10950,talle 32,Indumentaria y Calzado,categoria_generica
7335,7340,mochila de inodoro plastica,"Muebles, Hogar y Deco",modelo_producto
7336,496,exhibidoras,Electro y Tecno,modelo_producto
7337,9637,juguete alaska aire,Electro y Tecno,categoria_generica
7338,781,juguete libre ysl,Bebes y Niños,categoria_generica
7339,3090,funda para lavarropas carga frontal,Electro y Tecno,modelo_producto
7340,11106,crayola color wonder,"Muebles, Hogar y Deco",categoria_generica
7341,5764,cafetera ariete vintage,Electro y Tecno,categoria_generica
7342,467,samsung galaxy s25 plus,Electro y Tecno,modelo_producto
7343,6744,ups 3kva,Electro y Tecno,categoria_generica
7344,11919,tablet admiral 10 pulgadas,Electro y Tecno,categoria_atributo
7345,6756,estereo philips,Electro y Tecno,categoria_marca
7346,417,xiaomi poco x7 pro,Electro y Tecno,modelo_producto
7347,3832,secador teknikpro,Salud y Belleza,categoria_generica
7348,12384,electroestimulador philco,Salud y Belleza,categoria_marca
7349,6260,capturadora hdmi,Electro y Tecno,categoria_generica
7350,8278,comoda melamina,"Muebles, Hogar y Deco",categoria_generica
7351,10423,vaporizador de ropa electrolux,Electro y Tecno,modelo_producto
7352,12745,espejo circular 60 cm,"Muebles, Hogar y Deco",modelo_producto
7353,6703,spark go,Electro y Tecno,categoria_generica
7354,10049,microondas 23 litros bgh,Electro y Tecno,modelo_producto
7355,3349,dungeon,Bebes y Niños,modelo_producto
7356,1923,govee tv backlight 3 lite,Salud y Belleza,modelo_producto
7357,5858,estabilizador forza,Electro y Tecno,categoria_generica
7358,316,heladera whirlpool no frost,Electro y Tecno,modelo_producto
7359,1268,furby juguete,Bebes y Niños,categoria_generica
7360,12861,almohada piero viscoelástica,"Muebles, Hogar y Deco",categoria_generica
7361,4601,bolso wilson,Deporte y Fitness,categoria_generica
7362,12229,lg oled c2,Electro y Tecno,modelo_producto
7363,2081,tableta gráfica,Electro y Tecno,categoria_generica
7364,1596,asus rog ally,Electro y Tecno,categoria_marca
7365,11109,silla gamer acer,"Muebles, Hogar y Deco",categoria_marca
7366,5193,aspiradora robot smart tek,Electro y Tecno,categoria_atributo
7367,5479,moretti cortadora de fiambre,Electro y Tecno,modelo_producto
7368,5119,afeitadora vgr,Salud y Belleza,categoria_generica
7369,6909,panlos brick,Autos y Motos,categoria_generica
7370,9300,cocina 90 cm,Electro y Tecno,categoria_generica
7371,9294,copas de postre de vidrio,"Muebles, Hogar y Deco",modelo_producto
7372,896,megafono,Electro y Tecno,modelo_producto
7373,1624,afilador de mechas,Electro y Tecno,categoria_generica
7374,3347,plafón led,"Muebles, Hogar y Deco",categoria_generica
7375,2551,horno y anafe a gas,Electro y Tecno,modelo_producto
7376,5537,microondas oster,Electro y Tecno,categoria_generica
7377,10349,consola sup con joystick,Electro y Tecno,modelo_producto
7378,8160,mochila nordica,Indumentaria y Calzado,categoria_generica
7379,7249,balanza gadnic,Electro y Tecno,categoria_marca
7380,1850,game box,Electro y Tecno,categoria_generica
7381,7551,juguete mandalorian peluche,Bebes y Niños,categoria_generica
7382,5287,a52s samsung,Electro y Tecno,modelo_producto
7383,11128,led hitachi 32,"Muebles, Hogar y Deco",categoria_generica
7384,6122,tablet alcatel 10 pulgadas,Electro y Tecno,categoria_atributo
7385,12459,t14 lenovo,Electro y Tecno,modelo_producto
7386,7493,shampoo han,Salud y Belleza,categoria_generica
7387,10217,parlante kanji paradis,Electro y Tecno,categoria_generica
7388,6803,juego de platos 30 piezas,"Muebles, Hogar y Deco",modelo_producto
7389,3077,whirlpool lavarropas 11 kg carga superior,Electro y Tecno,modelo_producto
7390,7903,monopatin electrico gadnic,Deporte y Fitness,categoria_marca
7391,5267,tcl l7,Electro y Tecno,categoria_generica
7392,9597,top mega rodado 20,Deporte y Fitness,categoria_atributo
7393,8435,cochecito de bebe mega baby,Bebes y Niños,modelo_producto
7394,7732,planchita atma classic tourmaline,Salud y Belleza,modelo_producto
7395,2035,freidora de aire yelmo,Electro y Tecno,modelo_producto
7396,12884,sillon california mascardi,"Muebles, Hogar y Deco",categoria_generica
7397,1955,game stick x2,Electro y Tecno,categoria_generica
7398,4915,vitroconvector liliana,Electro y Tecno,categoria_marca
7399,482,batidoras,Electro y Tecno,modelo_producto
7400,1964,mancuernas pesas y discos,Deporte y Fitness,categoria_generica
7401,7616,kit para armar pulseras,Deporte y Fitness,modelo_producto
7402,12435,xbox xinua,Electro y Tecno,categoria_generica
7403,8678,jbl tune 130nc tws,Electro y Tecno,modelo_producto
7404,11387,fate 195 55 r16,Autos y Motos,modelo_producto
7405,8464,cochecito plegable compacto,Bebes y Niños,categoria_atributo
7406,8196,tv hitachi 55 pulgadas,Electro y Tecno,categoria_atributo
7407,7562,juguete despensero extraible,Bebes y Niños,categoria_generica
7408,717,respaldos,"Muebles, Hogar y Deco",modelo_producto
7409,2411,inpods 12,Electro y Tecno,categoria_generica
7410,6889,perfume ferrari,Salud y Belleza,categoria_generica
7411,4963,vajilleros y organizadores,"Muebles, Hogar y Deco",categoria_generica
7412,9997,funda tablet lenovo m10,Electro y Tecno,modelo_producto
7413,4252,activador para slime,Electro y Tecno,categoria_generica
7414,10229,funda samsung s10e,Electro y Tecno,modelo_producto
7415,3170,lenovo tab m9,Electro y Tecno,modelo_producto
7416,6659,garmin forerunner 15,Electro y Tecno,categoria_generica
7417,4747,aspiradora electrolux inalambrica,Electro y Tecno,categoria_marca
7418,3748,respaldo cama queen,"Muebles, Hogar y Deco",categoria_generica
7419,6778,bordeadora,Electro y Tecno,modelo_producto
7420,9082,scanner automotriz,Electro y Tecno,categoria_generica
7421,9333,paquete de yerba playadito,"Muebles, Hogar y Deco",modelo_producto
7422,2342,lavarropas philco 11 kg,Electro y Tecno,modelo_producto
7423,7729,smart tv 32 kanji,Electro y Tecno,categoria_atributo
7424,8139,zapatillas fila calzini,Indumentaria y Calzado,categoria_generica
7425,10779,alienware m17,Electro y Tecno,categoria_generica
7426,2290,scandal pour homme,Salud y Belleza,categoria_generica
7427,10418,samsung galaxy j7,Electro y Tecno,modelo_producto
7428,11553,barbie surfista muñeca,Bebes y Niños,categoria_generica
7429,5622,lampara usb,"Muebles, Hogar y Deco",categoria_generica
7430,7829,notebook cx 14,Electro y Tecno,categoria_generica
7431,10031,cafetera oblo dolce gusto,Electro y Tecno,modelo_producto
7432,6036,reloj con gps para niños,Bebes y Niños,modelo_producto
7433,5372,secador de pelo gadnic,Salud y Belleza,modelo_producto
7434,10839,anafe philco,Electro y Tecno,categoria_marca
7435,6830,cocina indesit,Electro y Tecno,categoria_generica
7436,7289,samsung 40,Electro y Tecno,modelo_producto
7437,6999,colchoneta bestway,Deporte y Fitness,categoria_generica
7438,8653,drean gold 12.8 blue,Electro y Tecno,modelo_producto
7439,12423,foxbox sense,Electro y Tecno,categoria_generica
7440,5317,zapatillas coca cola hombre,Indumentaria y Calzado,modelo_producto
7441,9381,bacha marmol,"Muebles, Hogar y Deco",categoria_generica
7442,9260,bomba presurizadora 4 baños,"Muebles, Hogar y Deco",modelo_producto
7443,3084,ollas de acero inoxidable triple fondo,Electro y Tecno,modelo_producto
7444,3646,destornillador electrico,Electro y Tecno,categoria_atributo
7445,7222,parlante soundcore,Electro y Tecno,categoria_generica
7446,11339,perfume ishtar,Salud y Belleza,categoria_generica
7447,1303,motorola moto g04s,Electro y Tecno,modelo_producto
7448,51,termotanques a gas,Electro y Tecno,categoria_generica
7449,9718,muñeca barbie spa,Bebes y Niños,categoria_generica
7450,1768,lg monitor ultrawide,Electro y Tecno,categoria_marca
7451,7090,xiaomi 10 pro,Electro y Tecno,modelo_producto
7452,1675,playadito despalada,"Muebles, Hogar y Deco",categoria_generica
7453,2314,juguete radio reloj,Electro y Tecno,categoria_generica
7454,4409,silla reposera plegable,"Muebles, Hogar y Deco",categoria_atributo
7455,5806,anafe a gas camping,Electro y Tecno,modelo_producto
7456,3497,botella stanley 500 ml,"Muebles, Hogar y Deco",modelo_producto
7457,3449,maquinas de hacer pastas,Electro y Tecno,categoria_generica
7458,4053,cartucho hp 60,Electro y Tecno,modelo_producto
7459,9947,aire acondicionado portatil 3000 frigorias,Electro y Tecno,categoria_atributo
7460,7441,vaso jerico,"Muebles, Hogar y Deco",categoria_generica
7461,5722,flashes para camaras,Electro y Tecno,categoria_generica
7462,6235,jbl 760,Electro y Tecno,modelo_producto
7463,8356,poison perfume mujer,Salud y Belleza,categoria_generica
7464,7158,licuadora de mano philips,Electro y Tecno,modelo_producto
7465,231,switch 2,Electro y Tecno,categoria_generica
7466,8910,airfryer philips xl,Electro y Tecno,categoria_marca
7467,3858,mordillos,Bebes y Niños,modelo_producto
7468,2757,blue seduction antonio banderas mujer,Salud y Belleza,modelo_producto
7469,5322,campera francia,Indumentaria y Calzado,categoria_generica
7470,5191,heladera bajo mesada drean,Electro y Tecno,modelo_producto
7471,5391,monopatines para niños,Bebes y Niños,categoria_generica
7472,11599,bicicleta de paseo rodado 24,Deporte y Fitness,categoria_atributo
7473,10588,botella licuadora,Electro y Tecno,categoria_generica
7474,11211,termo everest,"Muebles, Hogar y Deco",categoria_generica
7475,1871,aspiradora manual,Autos y Motos,categoria_generica
7476,4600,secarropas columbia,Deporte y Fitness,categoria_generica
7477,10867,samsung q60a,Electro y Tecno,modelo_producto
7478,5987,acolchado,"Muebles, Hogar y Deco",modelo_producto
7479,10725,pan set,Electro y Tecno,categoria_generica
7480,7056,reloj smartwatch redondo mujer,Electro y Tecno,modelo_producto
7481,8747,termotanque rheem 55 litros,Electro y Tecno,categoria_atributo
7482,2499,juguete pistola hidrolavadora,Electro y Tecno,categoria_generica
7483,11884,gabinete level up andromeda,Electro y Tecno,modelo_producto
7484,11574,telomerina nad+ protector adn - antiage,Deporte y Fitness,modelo_producto
7485,4693,cepillo gama alisador,Salud y Belleza,categoria_generica
7486,11180,bacha travertino,"Muebles, Hogar y Deco",categoria_generica
7487,3552,auriculares inalámbricos motorola,Electro y Tecno,categoria_marca
7488,4886,microondas daewoo,Electro y Tecno,categoria_generica
7489,5739,galaxy book3 pro 360,Electro y Tecno,modelo_producto
7490,10187,philips hue dimmer switch,Electro y Tecno,modelo_producto
7491,3061,tiro balanceado con salida al exterior,Electro y Tecno,categoria_generica
7492,2112,inflables,"Muebles, Hogar y Deco",modelo_producto
7493,8516,peluche minnie mouse,Bebes y Niños,categoria_generica
7494,8417,estación de soldado gadnic 878d smd profesional,Electro y Tecno,modelo_producto
7495,7861,camiseta racing mujer,Electro y Tecno,categoria_generica
7496,7418,griferia cocina,"Muebles, Hogar y Deco",categoria_generica
7497,12517,lg oled77c2,Electro y Tecno,modelo_producto
7498,3229,electrosierra lusqtoff,Electro y Tecno,categoria_generica
7499,5728,termotanque sherman 85 litros electrico,Electro y Tecno,categoria_atributo
7500,6416,secador de pelo plegable,Salud y Belleza,categoria_atributo
7501,3757,cocina peabody multigas,Electro y Tecno,categoria_marca
7502,11803,steelseries rival 3 wireless,Electro y Tecno,modelo_producto
7503,6678,burberry london hombre,Salud y Belleza,categoria_generica
7504,2026,xbox logitech auriculares,Electro y Tecno,categoria_generica
7505,9689,pistola de agua para niños,Bebes y Niños,modelo_producto
7506,11265,plancha de pelo atma classic tourmaline,Salud y Belleza,modelo_producto
7507,3690,bafle activo novik evo 360x,Electro y Tecno,modelo_producto
7508,9343,sommier doble pillow,"Muebles, Hogar y Deco",categoria_generica
7509,894,horno a gas,Electro y Tecno,categoria_generica
7510,4964,mesas,"Muebles, Hogar y Deco",modelo_producto
7511,3171,gazebo 3x3 con paredes,Electro y Tecno,modelo_producto
7512,3041,kit de entrenamiento en casa,Deporte y Fitness,categoria_generica
7513,10791,samsung qn65q70aagczb,Electro y Tecno,modelo_producto
7514,4215,cafetera ariete,Electro y Tecno,categoria_generica
7515,7246,calza deportiva,Indumentaria y Calzado,categoria_generica
7516,4555,juguete peluche mono,Bebes y Niños,categoria_generica
7517,11153,reposera toronto,"Muebles, Hogar y Deco",categoria_generica
7518,11815,philips 7900 series 65,Electro y Tecno,modelo_producto
7519,12537,parlante de 8,Electro y Tecno,categoria_generica
7520,4103,apple airpods pro,Electro y Tecno,categoria_marca
7521,7227,fondue electrica,Electro y Tecno,categoria_atributo
7522,10398,horno y anafe whirlpool,Electro y Tecno,modelo_producto
7523,12301,gama titan keratin,Salud y Belleza,categoria_generica
7524,1715,juguete aire split,Electro y Tecno,categoria_generica
7525,12035,smartwatch garmin vivomove sport,Electro y Tecno,modelo_producto
7526,3308,carro organizador con ruedas,"Muebles, Hogar y Deco",modelo_producto
7527,2582,muñeca apoya mouse,Electro y Tecno,categoria_generica
7528,4403,placard 12 puertas,"Muebles, Hogar y Deco",categoria_generica
7529,11720,ventilador de techo severbon vta 420,Electro y Tecno,modelo_producto
7530,11190,hidrolavadora belarra,Electro y Tecno,categoria_generica
7531,7771,longvie calefactor tbu 3000,Electro y Tecno,modelo_producto
7532,4721,waflera atma disney,Electro y Tecno,categoria_marca
7533,11530,juguete andador rainbow,Bebes y Niños,categoria_generica
7534,8987,rejilla anti insectos,Electro y Tecno,categoria_generica
7535,10051,ventilador de techo axel con luz,Electro y Tecno,modelo_producto
7536,11833,termotanque emege 55 litros,Electro y Tecno,categoria_atributo
7537,9213,mochila para notebook 17 pulgadas,Indumentaria y Calzado,categoria_atributo
7538,2465,bacha para lavadero,"Muebles, Hogar y Deco",categoria_generica
7539,4357,cocina de 60 cm de ancho,Electro y Tecno,modelo_producto
7540,5891,tablet hdc,Electro y Tecno,categoria_generica
7541,390,megacistin max,Salud y Belleza,categoria_generica
7542,9560,muñeca barbie con auto,Bebes y Niños,modelo_producto
7543,8632,planchita gama tourmaline ion plus,Salud y Belleza,modelo_producto
7544,7361,cama 1.80 x 2.00,"Muebles, Hogar y Deco",modelo_producto
7545,4777,tv philips 55,Electro y Tecno,modelo_producto
7546,9651,juguete yihua 898d,Electro y Tecno,categoria_generica
7547,9824,bicicleta olmo amelie,Deporte y Fitness,categoria_generica
7548,4720,iphone 13 128,Electro y Tecno,modelo_producto
7549,8609,bicicleta mountain bike rodado 29,Deporte y Fitness,categoria_atributo
7550,7424,silla niña,"Muebles, Hogar y Deco",categoria_generica
7551,5544,gabinete herramientas,Electro y Tecno,categoria_generica
7552,10502,cafetera electrica liliana,Electro y Tecno,categoria_marca
7553,1754,motorola moto g power,Electro y Tecno,modelo_producto
7554,2555,licuadora pica hielo,Electro y Tecno,categoria_generica
7555,11401,aire acondicionado rca 5100 watts frio / calor,Electro y Tecno,modelo_producto
7556,1312,pava electrica digital,Electro y Tecno,categoria_atributo
7557,8526,compresor black decker,Bebes y Niños,categoria_generica
7558,9238,percha para zapatillas,Indumentaria y Calzado,categoria_generica
7559,4922,logitech g332,Electro y Tecno,categoria_generica
7560,8444,aire acondicionado split surrey,Electro y Tecno,modelo_producto
7561,1610,duga planchita,Salud y Belleza,categoria_generica
7562,10917,repuesto de mochila de baño ferrum,Indumentaria y Calzado,modelo_producto
7563,5954,lupa cuenta hilos,"Muebles, Hogar y Deco",categoria_generica
7564,1180,plato giratorio para tortas,"Muebles, Hogar y Deco",modelo_producto
7565,10027,nintendo switch oled neon,Electro y Tecno,modelo_producto
7566,2898,rotomartillo percutor,Electro y Tecno,categoria_generica
7567,11627,pelota de voley sorma,Deporte y Fitness,modelo_producto
7568,9943,the falsies push up drama,Electro y Tecno,modelo_producto
7569,7137,asus notebook oled,Electro y Tecno,categoria_marca
7570,3677,ventilador axel,Electro y Tecno,categoria_generica
7571,5672,mesa ratona escandinava,"Muebles, Hogar y Deco",categoria_generica
7572,2182,microondas whirlpool 20 litros,Electro y Tecno,modelo_producto
7573,9105,cat s40,Electro y Tecno,categoria_generica
7574,2804,ventilador de 10 pulgadas,Electro y Tecno,categoria_atributo
7575,394,motorola g72,Electro y Tecno,modelo_producto
7576,6433,bateria a03 core,Autos y Motos,categoria_generica
7577,6353,arredo sabanas 2 plazas,"Muebles, Hogar y Deco",modelo_producto
7578,1336,ventilador chico,Electro y Tecno,categoria_generica
7579,217,basta juego de mesa,Bebes y Niños,modelo_producto
7580,49,melatonina,Salud y Belleza,modelo_producto
7581,1267,auto de juguete,Bebes y Niños,categoria_generica
7582,2143,plancha de viaje,Salud y Belleza,categoria_generica
7583,7653,cavas,Electro y Tecno,modelo_producto
7584,11236,big mate,"Muebles, Hogar y Deco",categoria_generica
7585,4801,ssd kingston,Electro y Tecno,categoria_generica
7586,9892,tv box mxq pro 4k 5g características,Electro y Tecno,modelo_producto
7587,8556,bicicleta rueda ancha,Deporte y Fitness,categoria_generica
7588,4249,liliana convector,Electro y Tecno,categoria_marca
7589,5857,ventilador para celular,Electro y Tecno,categoria_generica
7590,3117,sony playstation 5 slim,Electro y Tecno,modelo_producto
7591,11903,samsung s23 ultra cream,Electro y Tecno,modelo_producto
7592,8035,parlante bomber,Electro y Tecno,categoria_generica
7593,7440,melamina jacaranda,"Muebles, Hogar y Deco",categoria_generica
7594,3516,horno electrico ranser,Electro y Tecno,categoria_atributo
7595,1232,cuchetas,"Muebles, Hogar y Deco",modelo_producto
7596,5765,horno para pan atma,Electro y Tecno,modelo_producto
7597,12594,monitor razer,Electro y Tecno,categoria_generica
7598,9858,protector dermaglos,Salud y Belleza,categoria_generica
7599,3540,samsung fold 5,Electro y Tecno,modelo_producto
7600,1264,juguete burbujero pistola,Bebes y Niños,categoria_generica
7601,63,proyectores y pantallas,Electro y Tecno,categoria_generica
7602,12670,montagne fire t3,Indumentaria y Calzado,categoria_generica
7603,349,apple imac,Electro y Tecno,categoria_marca
7604,11955,botella stanley flip straw,Electro y Tecno,modelo_producto
7605,8307,chifonier con perchero,"Muebles, Hogar y Deco",categoria_generica
7606,5812,wacom intuos s,Electro y Tecno,categoria_generica
7607,5474,velador proyector de estrellas,Electro y Tecno,modelo_producto
7608,12447,minicomponente smartlife,Electro y Tecno,categoria_generica
7609,11818,hp envy 13t notebook,Electro y Tecno,modelo_producto
7610,12871,colchon para perros simmons,"Muebles, Hogar y Deco",modelo_producto
7611,12231,sacaleche electrico nuk,Electro y Tecno,categoria_atributo
7612,11404,rifle aire comprimido 5.5 resorte,Bebes y Niños,modelo_producto
7613,11301,masajeador de piernas para circulación,Salud y Belleza,modelo_producto
7614,8670,zte blade a3 lite,Electro y Tecno,modelo_producto
7615,4101,horno florencia 7857f,Electro y Tecno,categoria_generica
7616,2982,sillon de pana,"Muebles, Hogar y Deco",categoria_generica
7617,1177,fahrenheit perfume,Salud y Belleza,categoria_generica
7618,7045,samsung funda a22 5g,Electro y Tecno,modelo_producto
7619,6270,teclado gadnic,Electro y Tecno,categoria_marca
7620,2088,garlopa de mano,Electro y Tecno,categoria_generica
7621,19,bicicletas,Deporte y Fitness,categoria_generica
7622,9232,gadnic mochila,Indumentaria y Calzado,categoria_marca
7623,11256,silla gamer virke negro gris,"Muebles, Hogar y Deco",categoria_atributo
7624,2724,juguete pxp,Bebes y Niños,categoria_generica
7625,9083,sony c100,Electro y Tecno,modelo_producto
7626,5542,hl 1200,Electro y Tecno,categoria_generica
7627,9446,cama evolutiva,"Muebles, Hogar y Deco",categoria_generica
7628,8193,cocina saho jitaku 550,Electro y Tecno,modelo_producto
7629,1526,bicicleta rodado 16 varon,Deporte y Fitness,categoria_atributo
7630,11559,juguete h350,Electro y Tecno,categoria_generica
7631,8437,mesa ratona de madera y vidrio,"Muebles, Hogar y Deco",modelo_producto
7632,115,a54 samsung,Electro y Tecno,modelo_producto
7633,2251,lavavajillas inverter,Electro y Tecno,categoria_atributo
7634,1978,robot de cocina,Electro y Tecno,categoria_generica
7635,5175,generador,Electro y Tecno,modelo_producto
7636,7804,heladera gafa ciclica,Electro y Tecno,categoria_marca
7637,3891,control gx shampoo,Salud y Belleza,categoria_generica
7638,11166,canilla para lavadero,"Muebles, Hogar y Deco",categoria_generica
7639,1189,protectores de pantalla,Electro y Tecno,categoria_generica
7640,12278,turbo liliana 18,Electro y Tecno,modelo_producto
7641,10453,auriculares con orejas de conejo,Electro y Tecno,modelo_producto
7642,4908,licuadora winco,Electro y Tecno,categoria_generica
7643,12826,vaso stanley quencher,"Muebles, Hogar y Deco",categoria_marca
7644,5354,bucanero juego,Bebes y Niños,categoria_generica
7645,3979,lg monitor para pc 27 pulgadas,Electro y Tecno,modelo_producto
7646,1356,bacha de baño flotante,"Muebles, Hogar y Deco",modelo_producto
7647,6792,talle 46,Indumentaria y Calzado,categoria_generica
7648,4254,mascara con filtro,Electro y Tecno,categoria_generica
7649,4433,termo uruguayo,"Muebles, Hogar y Deco",categoria_generica
7650,9786,protector de tension 20 amperes,Deporte y Fitness,modelo_producto
7651,5224,espumador de leche daewoo,Electro y Tecno,modelo_producto
7652,5239,parlante bluetooth marshall,Electro y Tecno,categoria_atributo
7653,9737,tractor a control remoto,Bebes y Niños,modelo_producto
7654,11274,burberry her garden party,Salud y Belleza,modelo_producto
7655,2044,nintendo cronus zen,Electro y Tecno,categoria_generica
7656,1609,jbl ultimate,Electro y Tecno,categoria_marca
7657,10162,freezer vondom fr55 85lt,Electro y Tecno,modelo_producto
7658,13006,love story chloe,Salud y Belleza,categoria_generica
7659,5870,baofeng handy,Electro y Tecno,categoria_generica
7660,9863,wilson nba,Deporte y Fitness,categoria_generica
7661,7679,noblex smart tv 50 pulgadas,Electro y Tecno,modelo_producto
7662,7453,guantes de frio,"Muebles, Hogar y Deco",categoria_generica
7663,5308,recuplast tradicional,Electro y Tecno,categoria_generica
7664,6527,positivo bgh all in one,Electro y Tecno,modelo_producto
7665,5347,juego inodoro y bidet,"Muebles, Hogar y Deco",modelo_producto
7666,5904,termoconvector,Electro y Tecno,modelo_producto
7667,3232,percutor makita,Electro y Tecno,categoria_generica
7668,8506,cuna colecho valenziana,Bebes y Niños,categoria_generica
7669,11993,smart tv 40 hitachi,Electro y Tecno,categoria_atributo
7670,181,samsung a52,Electro y Tecno,modelo_producto
7671,5626,piazza padova,"Muebles, Hogar y Deco",categoria_generica
7672,4058,radio portatil sony,Electro y Tecno,categoria_marca
7673,10444,botella sport 500,Electro y Tecno,categoria_generica
7674,9952,maybelline fit me base tonos,Electro y Tecno,modelo_producto
7675,6003,combo loreal,Salud y Belleza,categoria_generica
7676,9120,tensiometro philco,Salud y Belleza,categoria_marca
7677,678,ezviz camara,Electro y Tecno,categoria_generica
7678,11971,mini garrafa de gas butano,Electro y Tecno,modelo_producto
7679,12149,celular quantum five,Electro y Tecno,categoria_generica
7680,7330,zapatillas 47 street marrones,Indumentaria y Calzado,modelo_producto
7681,6400,silla razer,"Muebles, Hogar y Deco",categoria_generica
7682,9253,cobertor de colchon 2 plazas,"Muebles, Hogar y Deco",modelo_producto
7683,1345,prusa impresora 3d original mk4s,Electro y Tecno,modelo_producto
7684,5387,maxisport 2,Autos y Motos,categoria_generica
7685,1464,colgante para celular,Electro y Tecno,categoria_generica
7686,3685,calefactor,Electro y Tecno,modelo_producto
7687,803,minicomponente sony,Electro y Tecno,categoria_marca
7688,3399,revolver aire comprimido,Bebes y Niños,categoria_generica
7689,11477,butaca para auto graco,Bebes y Niños,modelo_producto
7690,13000,plancha a vapor daewoo,Salud y Belleza,modelo_producto
7691,6742,camara portatil,Electro y Tecno,categoria_atributo
7692,1568,tv stick android,Electro y Tecno,categoria_generica
7693,3161,cargador de iphone 11,Electro y Tecno,modelo_producto
7694,3701,zapatillas talle 47,Indumentaria y Calzado,categoria_generica
7695,5042,cabezal movil,"Muebles, Hogar y Deco",categoria_generica
7696,1701,cubiertas 185 60 r14,Autos y Motos,modelo_producto
7697,10048,funda samsung a33 5g,Electro y Tecno,modelo_producto
7698,9050,salkor pro,Electro y Tecno,categoria_generica
7699,13035,perfume fidji,Salud y Belleza,categoria_generica
7700,9841,harden 5,Deporte y Fitness,categoria_generica
7701,11892,samsung galaxy sm-a042mzkfaro,Electro y Tecno,modelo_producto
7702,11018,almohada nube anti stress,"Muebles, Hogar y Deco",modelo_producto
7703,5867,horno gozney,Electro y Tecno,categoria_generica
7704,3959,soportes,Electro y Tecno,modelo_producto
7705,9389,sombrilla lateral,"Muebles, Hogar y Deco",categoria_generica
7706,10799,galaxy j8,Electro y Tecno,categoria_generica
7707,2616,iphone xr,Electro y Tecno,categoria_marca
7708,2522,samsung galaxy s23 ultra,Electro y Tecno,modelo_producto
7709,8494,slp rodado 29,Deporte y Fitness,categoria_atributo
7710,11810,horno electrico smart tek,Electro y Tecno,categoria_atributo
7711,8108,tripode araña,Electro y Tecno,categoria_generica
7712,6492,nespresso essenza mini black,Electro y Tecno,modelo_producto
7713,6039,torre avengers lego,Bebes y Niños,categoria_generica
7714,12225,reloj nictom nt14,Electro y Tecno,categoria_generica
7715,10241,xiaomi note 11,Electro y Tecno,modelo_producto
7716,6670,planchita gama slice,Salud y Belleza,categoria_generica
7717,3802,bote inflable,"Muebles, Hogar y Deco",categoria_generica
7718,11007,mesa de vidrio con 4 sillas,"Muebles, Hogar y Deco",modelo_producto
7719,3484,estufa orbis tiro balanceado,Electro y Tecno,modelo_producto
7720,2057,maquina patillera,Electro y Tecno,categoria_generica
7721,12620,auriculares gaming yowu cat ear,Electro y Tecno,modelo_producto
7722,1574,jbl wave buds,Electro y Tecno,categoria_marca
7723,10751,huawei gt4,Electro y Tecno,categoria_generica
7724,3871,juguete patas para lavarropas,Bebes y Niños,modelo_producto
7725,3172,planchita de pelo revlon,Salud y Belleza,modelo_producto
7726,6121,heladera atma no frost,Electro y Tecno,modelo_producto
7727,5038,bifera de hierro,"Muebles, Hogar y Deco",categoria_generica
7728,3648,anafe ariston,Electro y Tecno,categoria_generica
7729,8436,aire acondicionado 6400 frigorias,Electro y Tecno,categoria_atributo
7730,11876,joystick level up cobra x,Electro y Tecno,modelo_producto
7731,9829,bicicleta de paseo con cambios,Deporte y Fitness,modelo_producto
7732,3200,pintura para proyector,Electro y Tecno,categoria_generica
7733,11639,siux infernal,Deporte y Fitness,categoria_generica
7734,6946,juguete retro nes,Bebes y Niños,categoria_generica
7735,3992,jbl tour one m2,Electro y Tecno,modelo_producto
7736,6413,perfume benetton sisterland,Salud y Belleza,categoria_generica
7737,8443,mesa de luz 2 cajones,"Muebles, Hogar y Deco",modelo_producto
7738,127,topper zapatillas,Deporte y Fitness,categoria_marca
7739,9148,epson l475,Electro y Tecno,categoria_generica
7740,2103,zapatillas 361,Indumentaria y Calzado,categoria_generica
7741,6390,almohada suavestar,"Muebles, Hogar y Deco",categoria_generica
7742,11783,samsung funda cuero s23 ultra,Electro y Tecno,modelo_producto
7743,7825,torre parlante philips,Electro y Tecno,categoria_marca
7744,2430,pcbox notebook,Electro y Tecno,categoria_generica
7745,8569,kit taladro y amoladora,Electro y Tecno,modelo_producto
7746,707,samsung a21s,Electro y Tecno,modelo_producto
7747,485,meta quest 3,Electro y Tecno,categoria_generica
7748,7191,freezer 420 litros,Electro y Tecno,categoria_atributo
7749,11110,cepillo termico bellissima,"Muebles, Hogar y Deco",categoria_generica
7750,222,mothers,Electro y Tecno,modelo_producto
7751,7160,balanza san up,Electro y Tecno,categoria_generica
7752,12781,fv puelo monocomando baño,"Muebles, Hogar y Deco",modelo_producto
7753,8321,asientos masajeadores,Salud y Belleza,categoria_generica
7754,1732,lustraspiradoras,Electro y Tecno,modelo_producto
7755,6939,juguete carpa doble,Bebes y Niños,categoria_generica
7756,2810,alcatel a3 xl,Electro y Tecno,categoria_generica
7757,4778,hp impresora tank,Electro y Tecno,categoria_marca
7758,12624,helafrio,Electro y Tecno,modelo_producto
7759,9450,chifonier grande,"Muebles, Hogar y Deco",categoria_generica
7760,423,logitech g502,Electro y Tecno,categoria_generica
7761,11799,malla redmi smart band pro,Electro y Tecno,modelo_producto
7762,9603,jurassic world tiranosaurio rex,Bebes y Niños,modelo_producto
7763,9478,secador de pelo gama ion,Salud y Belleza,modelo_producto
7764,8025,estufa everest,Electro y Tecno,categoria_generica
7765,2188,xiaomi note 14 pro,Electro y Tecno,modelo_producto
7766,7081,tv sanyo 43 pulgadas,Electro y Tecno,categoria_atributo
7767,5025,mesa y sillas nordicas,"Muebles, Hogar y Deco",modelo_producto
7768,10101,samsung qled 98 pulgadas,Electro y Tecno,modelo_producto
7769,2557,macbook pro m1,Electro y Tecno,categoria_generica
7770,3055,roldana polea,Deporte y Fitness,categoria_generica
7771,9362,cortina mosquitero magnetica,"Muebles, Hogar y Deco",categoria_generica
7772,11336,maca root,Salud y Belleza,categoria_generica
7773,1462,samsung a05s,Electro y Tecno,modelo_producto
7774,515,samsung monitor,Electro y Tecno,categoria_marca
7775,5911,mochilas escolares mujer,Electro y Tecno,categoria_generica
7776,9774,muñeca bratz,Bebes y Niños,categoria_generica
7777,6539,horno para hacer pan atma,Electro y Tecno,modelo_producto
7778,1452,calefactor volcan,Electro y Tecno,categoria_generica
7779,6543,funda motorola edge 40,Electro y Tecno,modelo_producto
7780,6373,lampara galaxia,"Muebles, Hogar y Deco",categoria_generica
7781,3705,billetera las oreiro,Indumentaria y Calzado,categoria_generica
7782,3741,cocina aurora argenta,Electro y Tecno,categoria_generica
7783,8657,smart tv 50 pulgadas hitachi,Electro y Tecno,categoria_atributo
7784,8597,barra plegable,Deporte y Fitness,categoria_atributo
7785,2492,ventilador de techo con luz y control remoto,Electro y Tecno,modelo_producto
7786,6348,conjunto de sommier 2 plazas,"Muebles, Hogar y Deco",modelo_producto
7787,769,moto siam 110,Autos y Motos,categoria_generica
7788,7553,aire acondicionado candy,Electro y Tecno,categoria_generica
7789,64,motorola e14,Electro y Tecno,modelo_producto
7790,9448,placard portatil,"Muebles, Hogar y Deco",categoria_atributo
7791,4148,philips body groomer,Electro y Tecno,categoria_marca
7792,3818,dermaglos crema hidratante,Salud y Belleza,categoria_generica
7793,2280,bahiut moderno,"Muebles, Hogar y Deco",categoria_generica
7794,9173,rayban cats,Electro y Tecno,categoria_generica
7795,760,dji osmo pocket 3,Electro y Tecno,modelo_producto
7796,101,redmi note 12,Electro y Tecno,modelo_producto
7797,5526,botella coleman,Electro y Tecno,categoria_generica
7798,11536,juguete cantimplora infantil,Bebes y Niños,categoria_generica
7799,9752,juguete triciclo a bateria,Bebes y Niños,modelo_producto
7800,11278,dream angel victoria secret,Salud y Belleza,modelo_producto
7801,7094,motorola moto 360,Electro y Tecno,modelo_producto
7802,12092,heladera neba a128,Electro y Tecno,categoria_generica
7803,2924,mochila maternal con cuna,Indumentaria y Calzado,modelo_producto
7804,12808,king koil galant,"Muebles, Hogar y Deco",categoria_generica
7805,11030,sommier inflable 2 plazas,"Muebles, Hogar y Deco",modelo_producto
7806,10618,reloj inalambrico,Electro y Tecno,categoria_atributo
7807,11987,freezer philco 150 litros,Electro y Tecno,modelo_producto
7808,8591,inflador compresor,Deporte y Fitness,categoria_generica
7809,825,fire tv stick,Electro y Tecno,categoria_generica
7810,526,proyector samsung,Electro y Tecno,categoria_marca
7811,603,samsung a04s,Electro y Tecno,modelo_producto
7812,7290,buclera triple,Salud y Belleza,categoria_generica
7813,3655,apoya notebook,Electro y Tecno,categoria_generica
7814,1007,lg q60,Electro y Tecno,modelo_producto
7815,9315,bajo mesada platinum,"Muebles, Hogar y Deco",categoria_generica
7816,8564,pelota de goma dura,Deporte y Fitness,modelo_producto
7817,773,heladera bambi,Electro y Tecno,categoria_generica
7818,12223,iphone 12 red,Electro y Tecno,modelo_producto
7819,3033,rompecabezas 500 piezas,Bebes y Niños,categoria_generica
7820,1565,hp smart tank 520,Electro y Tecno,modelo_producto
7821,12295,hello watch 3,Electro y Tecno,categoria_generica
7822,9591,cubiertos tramontina polywood 24 piezas,"Muebles, Hogar y Deco",modelo_producto
7823,4808,rompemuros wifi,Electro y Tecno,categoria_atributo
7824,10152,xiaomi buds 3 pro,Electro y Tecno,modelo_producto
7825,7193,auriculares jbl gamer,Electro y Tecno,categoria_marca
7826,1874,ulefone armor,Electro y Tecno,categoria_generica
7827,517,amigos de mierda,"Muebles, Hogar y Deco",categoria_generica
7828,2104,valija de mano,Indumentaria y Calzado,categoria_generica
7829,734,samsung galaxy j2,Electro y Tecno,modelo_producto
7830,2415,parlante moonki,Electro y Tecno,categoria_generica
7831,11337,pink candy,Salud y Belleza,categoria_generica
7832,845,lg k42,Electro y Tecno,modelo_producto
7833,5876,pava tramontina,Electro y Tecno,categoria_generica
7834,7522,retro nes 500 juegos,Bebes y Niños,modelo_producto
7835,6867,braun silk-expert pro 5,Salud y Belleza,modelo_producto
7836,7069,heladera inelro 2 puertas,Electro y Tecno,modelo_producto
7837,3788,zapatero de hierro,"Muebles, Hogar y Deco",categoria_generica
7838,3870,mesa de luz pino,"Muebles, Hogar y Deco",modelo_producto
7839,10656,parlante sansei,Electro y Tecno,categoria_generica
7840,1758,apple watch serie 3,Electro y Tecno,modelo_producto
7841,6149,drean family semiautomatico,Electro y Tecno,categoria_marca
7842,7831,rallador electrico ultracomb,Electro y Tecno,categoria_atributo
7843,8535,juguete muñequera,Bebes y Niños,categoria_generica
7844,9845,pelota sorma,Deporte y Fitness,categoria_generica
7845,2017,cable auxiliar audio,Electro y Tecno,categoria_generica
7846,10,iphone 12,Electro y Tecno,modelo_producto
7847,11102,cortinas térmicas easy,"Muebles, Hogar y Deco",categoria_generica
7848,4629,hp impresora láser color multifunción,Electro y Tecno,modelo_producto
7849,604,oppo a40,Electro y Tecno,categoria_generica
7850,1938,proteina y creatina,Salud y Belleza,categoria_generica
7851,7658,nintendo switch mario kart live: home circuit,Electro y Tecno,modelo_producto
7852,5302,briket m4300,Electro y Tecno,categoria_generica
7853,10997,sillones de pana 3 cuerpos,"Muebles, Hogar y Deco",modelo_producto
7854,6540,ken brown tv 32,Electro y Tecno,modelo_producto
7855,343,juguete r36s,Electro y Tecno,categoria_generica
7856,617,reloj xiaomi,Electro y Tecno,categoria_marca
7857,7434,unicornio saltarin,"Muebles, Hogar y Deco",categoria_generica
7858,8720,turtle beach recon 70,Electro y Tecno,modelo_producto
7859,8916,encendedor de carbon electrico,Electro y Tecno,categoria_atributo
7860,4779,cafetera nespresso lattissima,Electro y Tecno,categoria_generica
7861,9831,conservadora de 12 litros,Deporte y Fitness,categoria_atributo
7862,6336,cocina sol real 4 hornallas,Electro y Tecno,modelo_producto
7863,7574,figura hasbro transformers,Bebes y Niños,categoria_generica
7864,10589,pochoclera westinghouse,Electro y Tecno,categoria_generica
7865,2210,asus vivobook 14,Electro y Tecno,modelo_producto
7866,2999,cabina sun,Salud y Belleza,categoria_generica
7867,4450,cuchillo chef,"Muebles, Hogar y Deco",categoria_generica
7868,12671,reebok zig encore,Indumentaria y Calzado,categoria_generica
7869,8625,motorola funda moto edge 30 neo,Electro y Tecno,modelo_producto
7870,6720,parlante suono,Electro y Tecno,categoria_generica
7871,1157,cama marinera 1 plaza,"Muebles, Hogar y Deco",modelo_producto
7872,8438,mira para rifle aire comprimido,Bebes y Niños,modelo_producto
7873,7872,cortadora de pelo oryx,Salud y Belleza,modelo_producto
7874,3313,cocina philco electrica,Electro y Tecno,categoria_marca
7875,7118,xiaomi 6 pro,Electro y Tecno,modelo_producto
7876,6254,estuche para auriculares,Electro y Tecno,categoria_generica
7877,6614,lenovo tab k10,Electro y Tecno,modelo_producto
7878,3185,monitor 27 pulgadas,Electro y Tecno,categoria_atributo
7879,6076,kit de reposteria,Deporte y Fitness,categoria_generica
7880,5624,cucheta con escritorio,"Muebles, Hogar y Deco",categoria_generica
7881,5496,auriculares inalambricos blancos,Electro y Tecno,categoria_generica
7882,10193,lavavajillas philco 6 cubiertos,Electro y Tecno,modelo_producto
7883,11567,triciclo lamborghini,Bebes y Niños,categoria_generica
7884,2629,amazfit balance,Electro y Tecno,categoria_generica
7885,12450,noblex nxs32ha3an,Electro y Tecno,modelo_producto
7886,38,secadores de pelo,Salud y Belleza,categoria_generica
7887,5906,neobidet,"Muebles, Hogar y Deco",modelo_producto
7888,10681,pop keys,Electro y Tecno,categoria_generica
7889,11995,hp spectre x360 13,Electro y Tecno,modelo_producto
7890,6861,sillon butaca,"Muebles, Hogar y Deco",categoria_generica
7891,3374,kroner herramientas,Autos y Motos,categoria_generica
7892,6610,anafe eléctrico liliana,Electro y Tecno,categoria_marca
7893,10737,tartera de silicona,Electro y Tecno,categoria_generica
7894,10490,molinillo manual de semillas,Electro y Tecno,modelo_producto
7895,9785,bicicleta plegable philco yoga,Deporte y Fitness,modelo_producto
7896,4306,combo gamer,Electro y Tecno,categoria_atributo
7897,6206,dell inspiron 16,Electro y Tecno,modelo_producto
7898,5846,soporte para monitores,Electro y Tecno,categoria_generica
7899,4346,limpieza y mantenimiento,"Muebles, Hogar y Deco",categoria_generica
7900,8544,lavarropas columbia con bomba de desagote,Electro y Tecno,modelo_producto
7901,2834,batidora planetaria smartlife,Electro y Tecno,categoria_generica
7902,323,ralladores,Electro y Tecno,modelo_producto
7903,2989,waterpik irrigador bucal,Salud y Belleza,categoria_generica
7904,7438,carrito para la playa,"Muebles, Hogar y Deco",modelo_producto
7905,3391,juguete porta vinilos,Bebes y Niños,categoria_generica
7906,8863,ipad pro 2017,Electro y Tecno,categoria_generica
7907,8111,smart sony,Electro y Tecno,categoria_marca
7908,3859,auto de juguete autitos de hot wheels,Bebes y Niños,modelo_producto
7909,2985,electroestimuladores,Salud y Belleza,modelo_producto
7910,10043,realme buds air 3,Electro y Tecno,modelo_producto
7911,8029,escritorio y biblioteca,"Muebles, Hogar y Deco",categoria_generica
7912,5570,thrustmaster t300,Electro y Tecno,categoria_generica
7913,4115,noblex monitor 22,Electro y Tecno,modelo_producto
7914,7351,talle 40,Indumentaria y Calzado,categoria_generica
7915,7593,camping y aire libre,Deporte y Fitness,categoria_generica
7916,202,hidrolavadora inalambrica,Electro y Tecno,categoria_atributo
7917,12375,convertidor de netflix,Electro y Tecno,categoria_generica
7918,7977,liliana ci080,Electro y Tecno,modelo_producto
7919,700,asus vivobook 15,Electro y Tecno,modelo_producto
7920,5897,ventilador kacemaster,Electro y Tecno,categoria_generica
7921,156,mate stanley,"Muebles, Hogar y Deco",categoria_marca
7922,8130,zapatillas reebok nano x2,Indumentaria y Calzado,modelo_producto
7923,1029,colchon en caja,"Muebles, Hogar y Deco",categoria_generica
7924,12759,termo de acero inoxidable de colores,"Muebles, Hogar y Deco",modelo_producto
7925,1258,depiladora laser,Salud y Belleza,categoria_generica
7926,10671,panificadora liliana,Electro y Tecno,categoria_marca
7927,1549,no lo testeamos ni un poco,Electro y Tecno,modelo_producto
7928,12305,guitarra sg epiphone,Electro y Tecno,categoria_generica
7929,6443,camiones a control remoto,Bebes y Niños,categoria_generica
7930,2260,heladerita,Electro y Tecno,modelo_producto
7931,2876,calefactor orbis,Electro y Tecno,categoria_generica
7932,5660,transmisor fm bluetooth para auto,Autos y Motos,categoria_atributo
7933,6536,tiro balanceado volcan 5700,Electro y Tecno,modelo_producto
7934,11081,guirnalda luces led,"Muebles, Hogar y Deco",categoria_generica
7935,4211,hogar electrico,Electro y Tecno,categoria_atributo
7936,10843,cucharon de dinosaurio,Electro y Tecno,categoria_generica
7937,212,motorola e15,Electro y Tecno,modelo_producto
7938,7939,monopatin electrico kany,Deporte y Fitness,categoria_atributo
7939,6954,aire acondicionado 3200,Electro y Tecno,categoria_generica
7940,1089,caja de herramientas stanley,"Muebles, Hogar y Deco",modelo_producto
7941,85,samsung a50,Electro y Tecno,modelo_producto
7942,6164,jbl quantum one,Electro y Tecno,categoria_marca
7943,9489,elvive nutrición intensa,Salud y Belleza,categoria_generica
7944,8428,auto de juguete hot wheels corvette,Bebes y Niños,modelo_producto
7945,7605,garnier castaño claro profundo,Salud y Belleza,modelo_producto
7946,4169,lavavajillas 8 cubiertos,Electro y Tecno,categoria_generica
7947,11981,rodillo galgo pelo largo,Electro y Tecno,modelo_producto
7948,3785,mopa cuadrada,"Muebles, Hogar y Deco",categoria_generica
7949,8915,licuadora 3 en 1,Electro y Tecno,modelo_producto
7950,10256,botella termica keep,Electro y Tecno,categoria_generica
7951,8466,peluche oso panda,Bebes y Niños,categoria_generica
7952,10460,samsung book i7,Electro y Tecno,modelo_producto
7953,3042,barra para dominadas,Deporte y Fitness,categoria_generica
7954,2338,termotanque eléctrico bajo consumo,Electro y Tecno,categoria_atributo
7955,1322,brasero parrilla,Electro y Tecno,categoria_generica
7956,2943,termo waterdog 1 litro,"Muebles, Hogar y Deco",categoria_atributo
7957,4449,placard vestidor,"Muebles, Hogar y Deco",categoria_generica
7958,4993,cocina de 6 hornallas,Electro y Tecno,modelo_producto
7959,9658,cuna colecho con ruedas,"Muebles, Hogar y Deco",modelo_producto
7960,10375,volante net runner,Electro y Tecno,categoria_generica
7961,12697,mochila classic,Indumentaria y Calzado,categoria_generica
7962,8955,lg tv nanocell,Electro y Tecno,categoria_marca
7963,1293,bambu lab a1 combo,Electro y Tecno,modelo_producto
7964,9522,filorga time filler,Salud y Belleza,categoria_generica
7965,3569,tcl 10 se,Electro y Tecno,categoria_generica
7966,5245,drean 8.12,Electro y Tecno,modelo_producto
7967,2461,lumilagro luminox,"Muebles, Hogar y Deco",categoria_generica
7968,1201,tcl 40 nxtpaper,Electro y Tecno,categoria_generica
7969,12407,electrolux heni3500p,Electro y Tecno,modelo_producto
7970,4530,juguete puerta escalera,Bebes y Niños,categoria_generica
7971,8776,sony wh ch510,Electro y Tecno,modelo_producto
7972,6263,westinghouse climatizador,Electro y Tecno,categoria_generica
7973,10090,horno eléctrico de 80 litros,Electro y Tecno,categoria_atributo
7974,3754,tacho de basura con sensor,"Muebles, Hogar y Deco",modelo_producto
7975,3211,convector atma,Electro y Tecno,categoria_marca
7976,8740,planchita bellissima b9 300,Electro y Tecno,modelo_producto
7977,134,moto g42,Electro y Tecno,categoria_generica
7978,7407,sillon gravedad cero,"Muebles, Hogar y Deco",categoria_generica
7979,9821,simulador de remo randers,Deporte y Fitness,modelo_producto
7980,7046,tablet exo wave i101,Electro y Tecno,modelo_producto
7981,9687,juguete botinero de melamina,Bebes y Niños,modelo_producto
7982,11264,shampoo dove real poder de las plantas,Salud y Belleza,modelo_producto
7983,7981,monitor exo,Electro y Tecno,categoria_generica
7984,8390,bianco latte,Salud y Belleza,categoria_generica
7985,6571,crique botella 4 toneladas,Autos y Motos,modelo_producto
7986,1196,planchita gama profesional,Salud y Belleza,categoria_atributo
7987,7786,parlante philco djp11,Electro y Tecno,modelo_producto
7988,4611,hogar inteligente,Electro y Tecno,categoria_generica
7989,693,motorola moto edge 60 fusion,Electro y Tecno,modelo_producto
7990,477,cama box,"Muebles, Hogar y Deco",categoria_generica
7991,6996,taper plegables,Deporte y Fitness,categoria_generica
7992,841,kz edx pro,Electro y Tecno,categoria_generica
7993,10434,cargador de celular inalámbrico,Electro y Tecno,categoria_atributo
7994,7867,dell inspiron 15,Electro y Tecno,modelo_producto
7995,2945,placard 2 puertas corredizas,"Muebles, Hogar y Deco",modelo_producto
7996,4109,hp stream laptop,Electro y Tecno,categoria_marca
7997,429,peluche olaf,Bebes y Niños,categoria_generica
7998,3854,auriculares casco,Autos y Motos,categoria_generica
7999,3672,smeg cafetera,Electro y Tecno,categoria_generica
8000,1118,asus tuf gaming a15,Electro y Tecno,modelo_producto
8001,1756,samsung galaxy watch 8,Electro y Tecno,modelo_producto
8002,11623,kit monaco confort,"Muebles, Hogar y Deco",categoria_generica
8003,10395,macbook magsafe 2,Electro y Tecno,categoria_generica
8004,9535,bombo masajeador,Salud y Belleza,categoria_generica
8005,5651,cabina gadnic,Salud y Belleza,categoria_marca
8006,6315,zapatillas fila mujer,Indumentaria y Calzado,categoria_generica
8007,8708,hidrolavadora dogo nexus 100,Electro y Tecno,modelo_producto
8008,2853,camara digital kodak,Electro y Tecno,categoria_generica
8009,274,juguete consola de juegos,Electro y Tecno,modelo_producto
8010,2457,vastago llave de paso,"Muebles, Hogar y Deco",modelo_producto
8011,5039,cocina kitchenette,Electro y Tecno,categoria_generica
8012,12590,hp sprocket,Electro y Tecno,categoria_marca
8013,8980,monitor 10 pulgadas,Electro y Tecno,categoria_atributo
8014,2936,piletas estructurales,"Muebles, Hogar y Deco",categoria_generica
8015,11856,licencia playstation razer kaira,Electro y Tecno,modelo_producto
8016,11474,aire acondicionado siam,Electro y Tecno,categoria_generica
8017,824,juguete calesita infantil,Bebes y Niños,categoria_generica
8018,10137,notebook hp 15.6,Electro y Tecno,modelo_producto
8019,9466,scrawl juego mesa adultos dibujos,Bebes y Niños,modelo_producto
8020,8394,nutricost p5p vitamina b6 suplemento,Salud y Belleza,modelo_producto
8021,2631,metegol profesional,Deporte y Fitness,categoria_atributo
8022,1052,mxq pro 4k,Electro y Tecno,categoria_generica
8023,7918,pie de microfono jirafa,Electro y Tecno,modelo_producto
8024,11307,perfume ice blue,Salud y Belleza,categoria_generica
8025,3718,colchón 2 plazas y media alta densidad,"Muebles, Hogar y Deco",categoria_generica
8026,10140,horno electrico empotrable atma,Electro y Tecno,modelo_producto
8027,8094,generador naftero,Electro y Tecno,categoria_generica
8028,9823,paquete pencil grip,Deporte y Fitness,categoria_generica
8029,5324,respaldo de sommier 1 plaza y media,"Muebles, Hogar y Deco",modelo_producto
8030,8973,philco frio calor,Electro y Tecno,categoria_marca
8031,9941,aire acondicionado samsung inverter 5500,Electro y Tecno,modelo_producto
8032,8105,garmin r10,Electro y Tecno,categoria_generica
8033,10009,saca pelusa smart tek,Electro y Tecno,categoria_atributo
8034,2535,ventilador de techo retractil peabody,Electro y Tecno,modelo_producto
8035,4345,cafeteras,"Muebles, Hogar y Deco",categoria_generica
8036,10281,mini pc bangho,Electro y Tecno,categoria_generica
8037,11782,cepillo gama turbo ion 2600,Electro y Tecno,modelo_producto
8038,8475,cochecito quinny moodd,Bebes y Niños,categoria_generica
8039,5577,abrelatas mariposa,Electro y Tecno,categoria_generica
8040,7937,estabilizador de tension future,Electro y Tecno,modelo_producto
8041,8378,idylle guerlain,Salud y Belleza,categoria_generica
8042,7935,notebook enova 14,Electro y Tecno,categoria_generica
8043,513,motorola g24 power,Electro y Tecno,modelo_producto
8044,2075,celular sony,Electro y Tecno,categoria_marca
8045,12643,zapatillas cosmic 47 street,Indumentaria y Calzado,modelo_producto
8046,5071,despensero organizador,"Muebles, Hogar y Deco",categoria_generica
8047,12784,escalera aluminio 7 escalones,"Muebles, Hogar y Deco",modelo_producto
8048,7132,aspiradora robot daewoo,Electro y Tecno,categoria_generica
8049,5849,lg 75,Electro y Tecno,modelo_producto
8050,8136,mochila paw patrol,Indumentaria y Calzado,categoria_generica
8051,8993,camilla profesional para masajes,Electro y Tecno,categoria_atributo
8052,3475,cava de vinos 6 botellas,Electro y Tecno,modelo_producto
8053,5793,tv sanyo 32,Electro y Tecno,categoria_generica
8054,2471,juego mesa bleff juego diccionario,Bebes y Niños,modelo_producto
8055,1178,riboflavina,Salud y Belleza,modelo_producto
8056,7316,hitplus,Electro y Tecno,modelo_producto
8057,2468,oxford vajilla,"Muebles, Hogar y Deco",categoria_generica
8058,3246,cafetera de vidrio,Electro y Tecno,categoria_generica
8059,11560,pizza de juguete,Bebes y Niños,categoria_generica
8060,7252,mp3 philco,Electro y Tecno,modelo_producto
8061,1259,nebulizador a piston,Salud y Belleza,categoria_generica
8062,8024,batidora gadnic,Electro y Tecno,categoria_marca
8063,3227,auriculares con micrófono,Electro y Tecno,categoria_generica
8064,11014,alacena 2 puertas para colgar,"Muebles, Hogar y Deco",modelo_producto
8065,2739,plegable,Deporte y Fitness,modelo_producto
8066,3095,auriculares sony wh-ch520,Electro y Tecno,modelo_producto
8067,8462,juguete monopatin ninebot,Deporte y Fitness,categoria_generica
8068,9095,microfono asmr,Electro y Tecno,categoria_generica
8069,2930,inodoro discapacitados,"Muebles, Hogar y Deco",categoria_generica
8070,12431,lenovo 82l300near,Electro y Tecno,modelo_producto
8071,8860,reproductor cd portatil,Electro y Tecno,categoria_atributo
8072,7988,impresora polaroid,Electro y Tecno,categoria_generica
8073,301,infinix note 40 pro,Electro y Tecno,modelo_producto
8074,10122,note 9 pro xiaomi,Electro y Tecno,modelo_producto
8075,12132,game box 8k,Electro y Tecno,categoria_generica
8076,5082,media esfera,"Muebles, Hogar y Deco",categoria_generica
8077,492,lavasecarropas samsung,Electro y Tecno,categoria_marca
8078,9000,dell g16,Electro y Tecno,modelo_producto
8079,8774,planchita keration gama,Salud y Belleza,categoria_generica
8080,12753,juego de valijas con 4 ruedas,"Muebles, Hogar y Deco",modelo_producto
8081,10760,philco sicilia,Deporte y Fitness,categoria_marca
8082,6658,cafetera filtro manual,Electro y Tecno,categoria_generica
8083,10919,valija doctora juguetes,Bebes y Niños,categoria_generica
8084,7928,reproductor de dvd para tv,Electro y Tecno,modelo_producto
8085,10558,auriculares dinax,Electro y Tecno,categoria_generica
8086,1194,reloj ona saez mujer,Electro y Tecno,modelo_producto
8087,2341,cepillo electrico oral b,Electro y Tecno,categoria_atributo
8088,11232,reposera infantil,"Muebles, Hogar y Deco",categoria_generica
8089,398,procesadora de alimentos,Electro y Tecno,categoria_generica
8090,8939,iphone 17 lavanda,Electro y Tecno,modelo_producto
8091,8241,dixit juego de mesa,Bebes y Niños,modelo_producto
8092,7468,perfume pepe jeans hombre,Salud y Belleza,modelo_producto
8093,8157,talle 45,Indumentaria y Calzado,categoria_generica
8094,3572,erika ray ban,Electro y Tecno,categoria_generica
8095,10151,auriculares con orejas de gato con luz,Electro y Tecno,modelo_producto
8096,3627,apple homepod,Electro y Tecno,categoria_marca
8097,9282,colchon serta 2 plazas,"Muebles, Hogar y Deco",modelo_producto
8098,6976,bicicleta fierce rodado 29,Deporte y Fitness,categoria_atributo
8099,6881,perfume mujer givenchy,Salud y Belleza,categoria_generica
8100,10392,hp probook i5,Electro y Tecno,modelo_producto
8101,9076,botella martini,Electro y Tecno,categoria_generica
8102,4430,sillones skarpo,"Muebles, Hogar y Deco",categoria_generica
8103,4496,gps,Autos y Motos,categoria_generica
8104,1394,kit starlink,Deporte y Fitness,categoria_generica
8105,6113,cepillo revlon one step,Electro y Tecno,modelo_producto
8106,8452,juguete tren thomas,Bebes y Niños,categoria_generica
8107,9007,celular sansei,Electro y Tecno,categoria_generica
8108,9108,mando bluetooth,Electro y Tecno,categoria_atributo
8109,10081,lenovo ideapad s145 15iwl,Electro y Tecno,modelo_producto
8110,9161,termotanque ranser,Electro y Tecno,categoria_generica
8111,6447,aire acondicionado de ventana midea,Electro y Tecno,modelo_producto
8112,1489,cabina led facial,"Muebles, Hogar y Deco",categoria_generica
8113,5261,notebook hp omen,Electro y Tecno,categoria_marca
8114,4879,teclado vsg,Electro y Tecno,categoria_generica
8115,7412,sillon de 4 cuerpos,"Muebles, Hogar y Deco",modelo_producto
8116,11771,hp gabinete para bomba y filtro vulcano,Electro y Tecno,modelo_producto
8117,9163,procesadora multifuncion,Electro y Tecno,categoria_generica
8118,650,perfume valentino hombre,Salud y Belleza,categoria_generica
8119,8779,samsung galaxy s22,Electro y Tecno,modelo_producto
8120,7492,bisagra inodoro,"Muebles, Hogar y Deco",categoria_generica
8121,6084,hornos profesionales,Electro y Tecno,categoria_generica
8122,1155,disipador,Electro y Tecno,modelo_producto
8123,195,tender ropa plegable pie simple,"Muebles, Hogar y Deco",categoria_atributo
8124,965,vehiculos radio control,Bebes y Niños,categoria_generica
8125,7654,radios y audio portatil,Electro y Tecno,categoria_atributo
8126,1428,peabody freidora de aire,Electro y Tecno,modelo_producto
8127,12206,blackview tab 11,Electro y Tecno,categoria_generica
8128,9648,juguete cajonera con puerta,Bebes y Niños,modelo_producto
8129,10133,planchita gama too chic,Salud y Belleza,modelo_producto
8130,10640,stanley neverleak,Electro y Tecno,categoria_marca
8131,7976,philips s326,Electro y Tecno,modelo_producto
8132,7376,paquete rosamonte suave especial,"Muebles, Hogar y Deco",modelo_producto
8133,2793,heladera white westinghouse,Electro y Tecno,categoria_generica
8134,12902,summer waves,"Muebles, Hogar y Deco",categoria_generica
8135,4663,samsung galaxy a52s 5g,Electro y Tecno,modelo_producto
8136,10723,janome 500e,Electro y Tecno,categoria_generica
8137,97,acido salicilico,Salud y Belleza,categoria_generica
8138,8161,mochila bagcherry,Indumentaria y Calzado,categoria_generica
8139,6944,juguete monopatin kany,Deporte y Fitness,categoria_generica
8140,348,iphone 17 pro,Electro y Tecno,modelo_producto
8141,3209,llave electronica,Electro y Tecno,categoria_generica
8142,455,xiaomi 14t,Electro y Tecno,modelo_producto
8143,3305,barral cortina baño,"Muebles, Hogar y Deco",categoria_generica
8144,1783,horno electrico ultracomb,Electro y Tecno,categoria_atributo
8145,7619,linterna para la cabeza recargable,Deporte y Fitness,modelo_producto
8146,10530,z70 ultra smartwatch,Electro y Tecno,categoria_generica
8147,1764,maquina de algodon de azucar,Electro y Tecno,modelo_producto
8148,476,cocina whirlpool,Electro y Tecno,categoria_marca
8149,88,juguete bloques magneticos,Bebes y Niños,categoria_generica
8150,11003,juego de jardin simil ratan,"Muebles, Hogar y Deco",modelo_producto
8151,1431,fuente de agua para gatos,Electro y Tecno,modelo_producto
8152,8785,lavarropas aurora 7309,Electro y Tecno,categoria_generica
8153,11849,heladera samsung 321 litros,Electro y Tecno,modelo_producto
8154,10549,tcl 30se,Electro y Tecno,categoria_generica
8155,11108,acolchado 1 plaza,"Muebles, Hogar y Deco",categoria_generica
8156,8389,romance perfume,Salud y Belleza,categoria_generica
8157,8710,licuadora moulinex powermix plus,Electro y Tecno,modelo_producto
8158,2854,tp link mesh,Electro y Tecno,categoria_generica
8159,7731,aire acondicionado de ventana philco,Electro y Tecno,modelo_producto
8160,453,olla electrica,Electro y Tecno,categoria_atributo
8161,10309,freezer whirlpool horizontal,Electro y Tecno,categoria_marca
8162,2897,creality k1c,Electro y Tecno,categoria_generica
8163,364,didacticos,Bebes y Niños,modelo_producto
8164,702,ventilador de techo peabody,Electro y Tecno,modelo_producto
8165,12652,zapatillas fila trend mujer,Indumentaria y Calzado,modelo_producto
8166,9391,sillon con botones,"Muebles, Hogar y Deco",categoria_generica
8167,12183,griferia exterior de ducha,"Muebles, Hogar y Deco",modelo_producto
8168,174,berberina,Salud y Belleza,modelo_producto
8169,9747,muñecas mamadera magica,Bebes y Niños,categoria_generica
8170,4217,balanza inbody,Electro y Tecno,categoria_generica
8171,3113,heladera kohinoor no frost,Electro y Tecno,modelo_producto
8172,4757,galaxy tab a7,Electro y Tecno,categoria_generica
8173,5208,combo amoladora y taladro,Electro y Tecno,modelo_producto
8174,9808,protectores mamarios avent,Deporte y Fitness,categoria_generica
8175,5995,plancha gama elegance,Salud y Belleza,categoria_generica
8176,9700,playera rodado 24,Deporte y Fitness,categoria_atributo
8177,4996,vaso termico coleman,"Muebles, Hogar y Deco",categoria_generica
8178,12755,cocina usman win 55,Electro y Tecno,modelo_producto
8179,12882,cocina usman irina,Electro y Tecno,categoria_generica
8180,2007,cafetera atma express,Electro y Tecno,categoria_marca
8181,7770,heladera philco top mount,Electro y Tecno,modelo_producto
8182,8093,hdmi bluetooth,Electro y Tecno,categoria_atributo
8183,12699,mochila bomba,Indumentaria y Calzado,categoria_generica
8184,1272,batidoras de mano,Electro y Tecno,categoria_generica
8185,4997,base sommier con cajones,"Muebles, Hogar y Deco",modelo_producto
8186,3464,heladera whirlpool no frost inverter,Electro y Tecno,modelo_producto
8187,10604,microscopio andonstar,Electro y Tecno,categoria_generica
8188,3789,termo botella,"Muebles, Hogar y Deco",categoria_generica
8189,1306,jbl xtreme 4,Electro y Tecno,modelo_producto
8190,8477,juguete triciclo multifuncional,Bebes y Niños,categoria_generica
8191,5766,pendrive tipo c,Electro y Tecno,categoria_generica
8192,6115,pico para cocina gas envasado,Electro y Tecno,modelo_producto
8193,13052,modern muse,Salud y Belleza,categoria_generica
8194,4900,rca a miniplug,Electro y Tecno,categoria_generica
8195,6174,protector de tension heladera,Electro y Tecno,modelo_producto
8196,1299,lenovo tab plus,Electro y Tecno,categoria_marca
8197,2281,modular de cocina,"Muebles, Hogar y Deco",categoria_generica
8198,9281,sommier topacio 2 plazas,"Muebles, Hogar y Deco",modelo_producto
8199,6846,escalera stanley,"Muebles, Hogar y Deco",categoria_marca
8200,3986,bomba presurizadora para agua caliente,Electro y Tecno,modelo_producto
8201,10211,scatola horno pizzero,Electro y Tecno,categoria_generica
8202,9977,horno eléctrico yelmo 45 litros,Electro y Tecno,categoria_atributo
8203,9604,mamadera nuk nature sense,Bebes y Niños,modelo_producto
8204,9479,perfume obsession calvin klein,Salud y Belleza,modelo_producto
8205,1379,herramientas lusqtoff,Autos y Motos,categoria_generica
8206,6103,jbl eon one compact,Electro y Tecno,modelo_producto
8207,7315,gigaset a420,Electro y Tecno,categoria_generica
8208,9887,potencias,Electro y Tecno,modelo_producto
8209,489,olla a presion,"Muebles, Hogar y Deco",categoria_generica
8210,2552,vitroconvector bajo consumo,Electro y Tecno,categoria_generica
8211,117,pelota de basquet,Deporte y Fitness,categoria_generica
8212,3380,calienta mamaderas,Bebes y Niños,categoria_generica
8213,1558,samsung galaxy j6 plus,Electro y Tecno,modelo_producto
8214,8358,mon guerlain perfume,Salud y Belleza,categoria_generica
8215,1026,hp tinta,Electro y Tecno,categoria_marca
8216,12361,qcy t2c,Electro y Tecno,categoria_generica
8217,9967,playstation gran turismo play 4,Electro y Tecno,modelo_producto
8218,8185,medidas de sillon de 3 cuerpos,"Muebles, Hogar y Deco",modelo_producto
8219,9015,exo spanky,Electro y Tecno,categoria_generica
8220,6687,ducha portátil,Electro y Tecno,categoria_atributo
8221,4999,almohada cervical viaje,"Muebles, Hogar y Deco",categoria_generica
8222,10055,parlante crown mustang 15,Electro y Tecno,modelo_producto
8223,9030,rallador kitchenaid,Electro y Tecno,categoria_generica
8224,6541,steelseries arctis nova 1,Electro y Tecno,modelo_producto
8225,6794,nevados zapatillas,Indumentaria y Calzado,categoria_generica
8226,9799,inflador black and decker,Deporte y Fitness,modelo_producto
8227,8675,pava electrica atma 1930,Electro y Tecno,modelo_producto
8228,7263,celular flexible,Electro y Tecno,categoria_generica
8229,3219,peabody smartchef,Electro y Tecno,categoria_marca
8230,2279,modular para tv,"Muebles, Hogar y Deco",categoria_generica
8231,8668,galaxy tab s9 plus,Electro y Tecno,modelo_producto
8232,13051,perfume quorum,Salud y Belleza,categoria_generica
8233,2228,termotanque acquapiu,Electro y Tecno,categoria_generica
8234,9713,juguete flores lego,Bebes y Niños,categoria_generica
8235,9311,caja para armar cigarrillos,"Muebles, Hogar y Deco",modelo_producto
8236,6557,pava acero inoxidable gamuza,Electro y Tecno,modelo_producto
8237,4284,tripode para proyector,Electro y Tecno,categoria_generica
8238,6484,juguete muñeca de rapunzel,Bebes y Niños,modelo_producto
8239,5902,planchita,Salud y Belleza,modelo_producto
8240,12630,camara seguridad ezviz wifi c1c,Electro y Tecno,categoria_atributo
8241,10012,termotanque longvie 150 litros,Electro y Tecno,modelo_producto
8242,2124,pileta inflable,"Muebles, Hogar y Deco",categoria_generica
8243,9004,bacha de pie,Electro y Tecno,categoria_generica
8244,1769,philco heladera con congelador,Electro y Tecno,modelo_producto
8245,2880,celular vivo,Electro y Tecno,categoria_generica
8246,11752,lenovo ideapad 3 ryzen 7,Electro y Tecno,modelo_producto
8247,10810,vaporizador electrolux,Electro y Tecno,categoria_marca
8248,8592,rotomartillo omaha,Deporte y Fitness,categoria_generica
8249,10966,placard ricchezze 2 puertas corredizas,"Muebles, Hogar y Deco",modelo_producto
8250,8379,plancha yelmo,Salud y Belleza,categoria_generica
8251,7754,mouse hyperx pulsefire core,Electro y Tecno,modelo_producto
8252,3595,estufa daewoo,Electro y Tecno,categoria_generica
8253,11039,colchon inflable coleman,"Muebles, Hogar y Deco",categoria_generica
8254,11580,bicicleta daewoo rodado 29 california,Deporte y Fitness,categoria_atributo
8255,6956,juguete radio reproductor,Bebes y Niños,categoria_generica
8256,1417,teclado redragon kumara k552,Electro y Tecno,modelo_producto
8257,7870,camiseta racing 2022,Electro y Tecno,categoria_generica
8258,8750,saiar 85 litros electrico,Electro y Tecno,categoria_atributo
8259,5439,filtro purificador de agua para canilla,Electro y Tecno,modelo_producto
8260,7123,amazfit gtr 2,Electro y Tecno,categoria_generica
8261,8674,heladera bajo mesada ranser,Electro y Tecno,modelo_producto
8262,9447,balde de limpieza,"Muebles, Hogar y Deco",categoria_generica
8263,7922,toner samsung ml,Electro y Tecno,categoria_marca
8264,8078,tostadora doble,Electro y Tecno,categoria_generica
8265,7847,cortadora de cesped daewoo,Electro y Tecno,modelo_producto
8266,4410,cama para perros lavable,"Muebles, Hogar y Deco",modelo_producto
8267,2329,soportes y otros,Electro y Tecno,categoria_generica
8268,3644,ducha bucal,Salud y Belleza,categoria_generica
8269,3283,zapatillas bullpadel,Indumentaria y Calzado,categoria_generica
8270,3960,audio,Electro y Tecno,modelo_producto
8271,6027,herramientas,Autos y Motos,modelo_producto
8272,5689,pistola inalambrica para pintar,Bebes y Niños,categoria_atributo
8273,618,ps5 digital,Electro y Tecno,categoria_generica
8274,6834,placard juvenil,"Muebles, Hogar y Deco",categoria_generica
8275,2212,freidora de aire moulinex,Electro y Tecno,modelo_producto
8276,3756,crisis juego de mesa,Bebes y Niños,modelo_producto
8277,2684,shampoo y acondicionador elvive,Salud y Belleza,modelo_producto
8278,12619,moto e13 64gb 2gb ram,Electro y Tecno,categoria_atributo
8279,365,juguete cactus bailarin,Bebes y Niños,categoria_generica
8280,4039,xiaomi mi band 5,Electro y Tecno,modelo_producto
8281,7930,coctelera acero inoxidable,Electro y Tecno,categoria_generica
8282,10586,liliana speedchef,Electro y Tecno,categoria_marca
8283,8446,aire acondicionado split carrier,Electro y Tecno,modelo_producto
8284,1138,mouse vertical,Electro y Tecno,categoria_generica
8285,5166,pendrive mini,Deporte y Fitness,categoria_generica
8286,10916,remeras santa cruz hombre,Indumentaria y Calzado,modelo_producto
8287,11036,color my pets,"Muebles, Hogar y Deco",categoria_generica
8288,111,bibliotecas,"Muebles, Hogar y Deco",modelo_producto
8289,6089,horno eléctrico bgh 65 litros,Electro y Tecno,modelo_producto
8290,6667,olla esmaltada imusa,Electro y Tecno,categoria_generica
8291,535,malato de magnesio,Salud y Belleza,categoria_generica
8292,12791,silla gamer daewoo venom,"Muebles, Hogar y Deco",categoria_atributo
8293,11976,llave de paso sigas 20,Electro y Tecno,modelo_producto
8294,4285,pc exo,Electro y Tecno,categoria_generica
8295,2779,dji osmo action 4,Electro y Tecno,modelo_producto
8296,8872,ventilador 12 pulgadas,Electro y Tecno,categoria_atributo
8297,5980,sillon oscuro,"Muebles, Hogar y Deco",categoria_generica
8298,5236,temptech panel calefactor,Electro y Tecno,categoria_generica
8299,4539,juguete triciclo lamborghini,Bebes y Niños,categoria_generica
8300,2382,jbl partybox 120,Electro y Tecno,modelo_producto
8301,6748,liliana cafetera,Electro y Tecno,categoria_marca
8302,8970,hp deskjet 5820,Electro y Tecno,modelo_producto
8303,1625,plaud note,Electro y Tecno,categoria_generica
8304,12864,silla para bebe ferrari,"Muebles, Hogar y Deco",modelo_producto
8305,10274,samsung a04s funda,Electro y Tecno,modelo_producto
8306,10645,silver crest,Electro y Tecno,categoria_generica
8307,11152,set de pinzas,"Muebles, Hogar y Deco",categoria_generica
8308,4503,moura m22gd,Autos y Motos,categoria_generica
8309,8368,tudca suplemento,Salud y Belleza,categoria_generica
8310,11613,ejercitador abdominal de piso,Deporte y Fitness,modelo_producto
8311,4614,xiaomi cable doble entrada tipo c,Electro y Tecno,modelo_producto
8312,11466,muñeca chelsea parque de diversiones,Bebes y Niños,modelo_producto
8313,12995,la nuit d'issey,Salud y Belleza,modelo_producto
8314,1206,aspiradora limpia tapizados,Electro y Tecno,categoria_generica
8315,4774,quint smart tv,Electro y Tecno,categoria_atributo
8316,1061,sony wf-1000xm5,Electro y Tecno,modelo_producto
8317,12705,montagne explorer,Indumentaria y Calzado,categoria_generica
8318,5214,samsung tv curvo,Electro y Tecno,categoria_marca
8319,8013,timbre con visor,Electro y Tecno,categoria_generica
8320,1650,camara digital canon eos r5,Electro y Tecno,modelo_producto
8321,1362,cuchillo bahco,"Muebles, Hogar y Deco",categoria_generica
8322,9725,coche baby one,Bebes y Niños,categoria_generica
8323,2658,acolchado de plumas 2 plazas,"Muebles, Hogar y Deco",modelo_producto
8324,4074,inissia black nespresso,Electro y Tecno,categoria_generica
8325,2736,pelota yoga,Deporte y Fitness,categoria_generica
8326,12349,samsung a33 cargador,Electro y Tecno,modelo_producto
8327,2056,sopera smartlife,Electro y Tecno,categoria_generica
8328,308,a14 samsung,Electro y Tecno,modelo_producto
8329,3824,perfume el paso,Salud y Belleza,categoria_generica
8330,5117,plancha moulinex,Salud y Belleza,categoria_marca
8331,7420,esquinero led,"Muebles, Hogar y Deco",categoria_generica
8332,7176,lg xboom rn7,Electro y Tecno,modelo_producto
8333,4182,caloventor kacemaster,Electro y Tecno,categoria_generica
8334,7596,bicicleta slp lady rodado 29,Deporte y Fitness,categoria_atributo
8335,6716,soundbar noblex,Electro y Tecno,categoria_marca
8336,1447,freidora de aceite electrica,Electro y Tecno,categoria_atributo
8337,4685,taladro percutor black decker,Electro y Tecno,modelo_producto
8338,9329,redragon gs570 darknets,Electro y Tecno,categoria_generica
8339,12873,sillones de caño para jardin,"Muebles, Hogar y Deco",modelo_producto
8340,379,samsung galaxy a07,Electro y Tecno,modelo_producto
8341,7308,pulidora de mano,Electro y Tecno,categoria_generica
8342,11079,aplique tortuga exterior,"Muebles, Hogar y Deco",categoria_generica
8343,11965,impresora 3d weedo f152s,Electro y Tecno,modelo_producto
8344,3378,sillas mecedoras y hamacas,Bebes y Niños,categoria_generica
8345,3597,estufa axel,Electro y Tecno,categoria_generica
8346,1751,calefactor tiro balanceado 2000,Electro y Tecno,modelo_producto
8347,8393,l-lisina,Salud y Belleza,categoria_generica
8348,11388,porsche 356 hot wheels,Bebes y Niños,modelo_producto
8349,11291,spa de pies gama,Salud y Belleza,modelo_producto
8350,2254,tablet exo,Electro y Tecno,categoria_generica
8351,3587,lenovo m10,Electro y Tecno,modelo_producto
8352,4840,iphone se,Electro y Tecno,categoria_marca
8353,7439,comoda orlandi,"Muebles, Hogar y Deco",categoria_generica
8354,8709,zte blade v smart,Electro y Tecno,categoria_atributo
8355,11609,lenovo yoga c740,Electro y Tecno,modelo_producto
8356,6194,macbook pro 2020,Electro y Tecno,categoria_generica
8357,10992,listerine cool mint pocketpaks,"Muebles, Hogar y Deco",modelo_producto
8358,3103,iphone 13 pro silver,Electro y Tecno,modelo_producto
8359,4290,waflera yelmo,Electro y Tecno,categoria_generica
8360,11637,bicicleta mongoose,Deporte y Fitness,categoria_generica
8361,10951,campera puffer,Indumentaria y Calzado,categoria_generica
8362,5745,estufa garrafera bram metal,Electro y Tecno,modelo_producto
8363,9098,canilla con duchador,"Muebles, Hogar y Deco",categoria_generica
8364,2427,gel para rulos,Electro y Tecno,categoria_generica
8365,9764,juguete esterilizador cuarzo,Bebes y Niños,categoria_generica
8366,12000,purificador eslabón de lujo eab60bc,Electro y Tecno,modelo_producto
8367,11320,candy love escada,Salud y Belleza,categoria_generica
8368,8051,celular motorola,Electro y Tecno,categoria_marca
8369,6249,macbook m3,Electro y Tecno,categoria_generica
8370,4149,purificador de agua para canilla,Electro y Tecno,modelo_producto
8371,4905,placa electrica,Electro y Tecno,categoria_atributo
8372,11111,sifon simple para bacha,"Muebles, Hogar y Deco",modelo_producto
8373,12159,auriculares inalambricos panacom,Electro y Tecno,categoria_generica
8374,8124,eurocook,Electro y Tecno,modelo_producto
8375,4392,cajonera 4 cajones,"Muebles, Hogar y Deco",categoria_generica
8376,1318,heladera columbia,Electro y Tecno,categoria_generica
8377,509,vaporeras,Electro y Tecno,modelo_producto
8378,69,iphone 12 pro max,Electro y Tecno,modelo_producto
8379,7301,funda para kindle,Electro y Tecno,categoria_generica
8380,10207,turbo ventilador philco,Electro y Tecno,categoria_marca
8381,9429,vaso yeti,"Muebles, Hogar y Deco",categoria_generica
8382,10474,libro de florencia bonelli,Electro y Tecno,modelo_producto
8383,10991,juego de mesa palabras prohibidas,Bebes y Niños,modelo_producto
8384,11286,perfume dolce & gabbana hombre,Salud y Belleza,modelo_producto
8385,1523,juguete practicuna bebesit,Bebes y Niños,categoria_generica
8386,13054,humidificador planeta,Salud y Belleza,categoria_generica
8387,8963,celular quantum qrash,Electro y Tecno,categoria_generica
8388,11839,nvidia geforce rtx 3090,Electro y Tecno,modelo_producto
8389,9209,descarga mochila inodoro capea,"Muebles, Hogar y Deco",modelo_producto
8390,9062,humidificador portatil,Electro y Tecno,categoria_atributo
8391,12113,f9-5 auriculares,Electro y Tecno,categoria_generica
8392,8547,desmalezadora daewoo d520 eco,Deporte y Fitness,modelo_producto
8393,184,chulengo,Electro y Tecno,modelo_producto
8394,4114,cargador joystick ps5,Electro y Tecno,categoria_generica
8395,9859,bicicleta de cars,Deporte y Fitness,categoria_generica
8396,4405,king koil lexington,"Muebles, Hogar y Deco",categoria_generica
8397,4616,calefactor volcan 2000 calorias tiro balanceado,Electro y Tecno,modelo_producto
8398,11548,pizarra magica gadnic,Bebes y Niños,categoria_marca
8399,11564,juguete yihua,Electro y Tecno,categoria_generica
8400,3129,calefactor torre liliana,Electro y Tecno,categoria_marca
8401,11120,ventilador de techo led,Electro y Tecno,modelo_producto
8402,4956,mochila buzz,Indumentaria y Calzado,categoria_generica
8403,12498,philips w3500,Electro y Tecno,modelo_producto
8404,7590,juguete xpower,Electro y Tecno,categoria_generica
8405,12515,planchita sprint,Salud y Belleza,categoria_generica
8406,12642,valija grande 4 ruedas,Indumentaria y Calzado,modelo_producto
8407,3722,termos y recipientes termicos,"Muebles, Hogar y Deco",categoria_generica
8408,3290,comodas,"Muebles, Hogar y Deco",modelo_producto
8409,5693,juguete chifonier platinum,Bebes y Niños,categoria_generica
8410,6185,filtro para te en hebras,Electro y Tecno,modelo_producto
8411,10424,dvd portatil stromberg,Electro y Tecno,categoria_atributo
8412,11572,bicicleta fire bird rodado 29 talle l,Deporte y Fitness,categoria_atributo
8413,9195,minipimer con accesorios,Electro y Tecno,categoria_generica
8414,3479,dell inspiron 15 3525,Electro y Tecno,modelo_producto
8415,9555,bateria a5 2017,Autos y Motos,categoria_generica
8416,793,oster prima latte,Electro y Tecno,categoria_generica
8417,10602,philco p510,Electro y Tecno,modelo_producto
8418,6751,acer swift,Electro y Tecno,categoria_marca
8419,683,banquetas para desayunador,"Muebles, Hogar y Deco",categoria_generica
8420,3563,ferrero rocher huevo,Electro y Tecno,categoria_generica
8421,7858,anafe para gas envasado,Electro y Tecno,modelo_producto
8422,4533,juguete monopatín para niños,Bebes y Niños,modelo_producto
8423,4475,armaf club de nuit,Salud y Belleza,modelo_producto
8424,5710,ojotas topper,Deporte y Fitness,categoria_marca
8425,9385,sobre mesada,Electro y Tecno,categoria_generica
8426,11020,juego de vajilla para 4 personas,"Muebles, Hogar y Deco",modelo_producto
8427,3815,bacan by mantra,Salud y Belleza,categoria_generica
8428,6239,noblex ea32x5000,Electro y Tecno,modelo_producto
8429,8802,pava electrica bixler,Electro y Tecno,categoria_atributo
8430,124,ventilador de pie,Electro y Tecno,categoria_generica
8431,10829,jbl t500,Electro y Tecno,modelo_producto
8432,12807,bomba sumergible pektra,"Muebles, Hogar y Deco",categoria_generica
8433,6448,pata pata minnie,Bebes y Niños,categoria_generica
8434,4652,lg monitor 24 pulgadas,Electro y Tecno,modelo_producto
8435,9854,30 kg,Deporte y Fitness,categoria_generica
8436,4815,caloventor torre,Electro y Tecno,categoria_generica
8437,5502,samsung cargador inalambrico,Electro y Tecno,categoria_marca
8438,11978,ipad mini 2 caracteristicas,Electro y Tecno,modelo_producto
8439,10808,bolso de moto,Electro y Tecno,categoria_generica
8440,12928,daewoo venom,"Muebles, Hogar y Deco",categoria_generica
8441,3585,tablet philco 7,Electro y Tecno,modelo_producto
8442,10962,repuesto pico de canilla cocina fv,"Muebles, Hogar y Deco",modelo_producto
8443,1337,capturadora de video,Electro y Tecno,categoria_generica
8444,11345,plancha braun,Salud y Belleza,categoria_generica
8445,7047,jbl charge essential 2,Electro y Tecno,modelo_producto
8446,9643,juguete radio suono,Electro y Tecno,categoria_generica
8447,11858,impresora portatil sin tinta,Electro y Tecno,categoria_atributo
8448,4634,xbox hyperx alloy origins 60,Electro y Tecno,modelo_producto
8449,4329,zapatillas atomik niña,Indumentaria y Calzado,categoria_generica
8450,1914,yerba en caja,"Muebles, Hogar y Deco",categoria_generica
8451,11133,arma palabras juego,Bebes y Niños,categoria_generica
8452,2039,tcl nxtpaper 14,Electro y Tecno,categoria_generica
8453,6624,aspiradora robot midea,Electro y Tecno,categoria_marca
8454,11667,heladera no frost electrolux inverter if55s 461 lts,Electro y Tecno,modelo_producto
8455,10883,ceat5418p,Electro y Tecno,modelo_producto
8456,10590,uled hisense,Electro y Tecno,categoria_generica
8457,6821,pileta de 400 litros,"Muebles, Hogar y Deco",categoria_atributo
8458,11407,muñeca i love vip pets,Bebes y Niños,modelo_producto
8459,11305,plancha de pelo silfab,Salud y Belleza,modelo_producto
8460,4968,tablas,"Muebles, Hogar y Deco",modelo_producto
8461,872,motorola moto edge 40 pro,Electro y Tecno,modelo_producto
8462,5272,pochoclera carrito,Electro y Tecno,categoria_generica
8463,5972,alfombra sanitizante,"Muebles, Hogar y Deco",categoria_generica
8464,8377,serum maybelline,Salud y Belleza,categoria_generica
8465,12130,maquina para pintar gamma,Electro y Tecno,modelo_producto
8466,5515,marshall acton 3,Electro y Tecno,categoria_generica
8467,4790,maquina electrica de afeitar,Electro y Tecno,categoria_atributo
8468,6981,kit de peluquería profesional,Salud y Belleza,categoria_atributo
8469,4168,punto y toma exterior,Electro y Tecno,modelo_producto
8470,7856,cupcake maker atma,Electro y Tecno,categoria_marca
8471,3933,bicicleta peretti,Deporte y Fitness,categoria_generica
8472,299,epson l3250,Electro y Tecno,categoria_generica
8473,7739,samsung galaxy s23 plus,Electro y Tecno,modelo_producto
8474,6376,gomon inflable,"Muebles, Hogar y Deco",categoria_generica
8475,9657,muñeco harry potter,Bebes y Niños,categoria_generica
8476,12179,olla 26 cm,Electro y Tecno,categoria_generica
8477,2508,recublock cimientos bloqueador de humedad,Deporte y Fitness,modelo_producto
8478,11825,samsung galaxy sm-p613nzaucho,Electro y Tecno,modelo_producto
8479,2659,base de cama 2 plazas,"Muebles, Hogar y Deco",modelo_producto
8480,5068,growler stanley,"Muebles, Hogar y Deco",categoria_marca
8481,4218,foco ventilador,Electro y Tecno,categoria_generica
8482,3921,barra de sonido stromberg,Electro y Tecno,modelo_producto
8483,1422,tensiómetro digital omron,Salud y Belleza,categoria_generica
8484,7705,cafetera philips senseo cabrales,Electro y Tecno,modelo_producto
8485,9355,mate listo keep,"Muebles, Hogar y Deco",categoria_generica
8486,6086,botellas para hacer soda,Electro y Tecno,categoria_generica
8487,11028,cocina industrial 55 cm,Electro y Tecno,categoria_atributo
8488,2580,power bank samsung,Electro y Tecno,categoria_marca
8489,3735,cocina patrick acero inoxidable,Electro y Tecno,modelo_producto
8490,6489,bici mountain bike rodado 20,Deporte y Fitness,categoria_atributo
8491,7997,timekettle m3,Electro y Tecno,categoria_generica
8492,7713,xiaomi redmi note 11,Electro y Tecno,modelo_producto
8493,3666,cafetera winco,Electro y Tecno,categoria_generica
8494,3312,tacho de basura automatico,"Muebles, Hogar y Deco",modelo_producto
8495,443,zapatillas head mujer,Indumentaria y Calzado,categoria_generica
8496,11107,signos 2.0,Bebes y Niños,categoria_generica
8497,574,campana de cocina,"Muebles, Hogar y Deco",categoria_generica
8498,3452,telefonos,Electro y Tecno,modelo_producto
8499,9694,peluche con luz para dormir,Bebes y Niños,modelo_producto
8500,11267,afeitadora philco turbo ae5305,Salud y Belleza,modelo_producto
8501,2416,auriculares shokz,Electro y Tecno,categoria_generica
8502,1798,motorola g7 play,Electro y Tecno,modelo_producto
8503,12994,salvador dali perfume,Salud y Belleza,categoria_generica
8504,1080,maquina de pastas,Electro y Tecno,categoria_generica
8505,83,parlante jbl,Electro y Tecno,categoria_marca
8506,8194,cocina escorial palace cristal,Electro y Tecno,modelo_producto
8507,11665,"aire acondicionado portatil rca aapr12xp 3,1 fc",Electro y Tecno,categoria_atributo
8508,5963,termo cafetero,"Muebles, Hogar y Deco",categoria_generica
8509,9866,nordic bicicleta,Deporte y Fitness,categoria_generica
8510,12049,anafe foco 1 hornalla,Electro y Tecno,modelo_producto
8511,10545,vondom 18 botellas,Electro y Tecno,categoria_generica
8512,8320,govee rgbic tira luces led,"Muebles, Hogar y Deco",modelo_producto
8513,11706,ventilador kanji home 3 en 1 manual,Electro y Tecno,modelo_producto
8514,10569,portacapsulas nespresso,Electro y Tecno,categoria_generica
8515,928,samsung galaxy celular ram,Electro y Tecno,modelo_producto
8516,1775,heladera sin freezer,Electro y Tecno,categoria_generica
8517,7575,juguete thor lego,Bebes y Niños,categoria_generica
8518,1916,sommier cannon,"Muebles, Hogar y Deco",categoria_generica
8519,9571,subwoofer para auto,Autos y Motos,categoria_generica
8520,9920,motorola moto g4 play caracteristicas,Electro y Tecno,modelo_producto
8521,8045,lavarropas bgh,Electro y Tecno,categoria_marca
8522,822,depiladora facial,Salud y Belleza,categoria_generica
8523,9122,lapiz para ipad,Electro y Tecno,categoria_generica
8524,2344,hp smart tank 720,Electro y Tecno,modelo_producto
8525,2583,termotanque electrico escorial,Electro y Tecno,categoria_atributo
8526,12526,delta 2,Electro y Tecno,categoria_generica
8527,2517,playstation mortal kombat 11 ultimate,Electro y Tecno,modelo_producto
8528,4940,zapatillas talle 34 niño,Indumentaria y Calzado,modelo_producto
8529,7448,llave tubos,"Muebles, Hogar y Deco",categoria_generica
8530,8138,inodoro con mochila de apoyo,"Muebles, Hogar y Deco",modelo_producto
8531,8766,tv hitachi 40,Electro y Tecno,categoria_generica
8532,6682,motorola tv 43,Electro y Tecno,modelo_producto
8533,6942,pistola puesta a punto,Bebes y Niños,modelo_producto
8534,6406,nebulizador a piston san up,Salud y Belleza,modelo_producto
8535,11811,auriculares sony wf c500,Electro y Tecno,modelo_producto
8536,9002,decodificador coradir,Electro y Tecno,categoria_generica
8537,1127,bgh quick chef,Electro y Tecno,categoria_marca
8538,1836,noblex a50,Electro y Tecno,modelo_producto
8539,10942,mochila yeti,Indumentaria y Calzado,categoria_generica
8540,9750,muñecos space jam,Bebes y Niños,categoria_generica
8541,11073,luces pared interior,"Muebles, Hogar y Deco",categoria_generica
8542,8344,calvin klein beauty,Salud y Belleza,categoria_generica
8543,12080,garmin forerunner 255s,Electro y Tecno,categoria_generica
8544,11935,heladera lacar 80 litros,Electro y Tecno,categoria_atributo
8545,4326,mochila 45 litros,Indumentaria y Calzado,categoria_atributo
8546,7077,pava black and decker,Electro y Tecno,modelo_producto
8547,9827,colgar bicicleta techo,Deporte y Fitness,categoria_generica
8548,6707,gancia de hibiscus,Electro y Tecno,categoria_generica
8549,9280,colchón atma 2 plazas,"Muebles, Hogar y Deco",modelo_producto
8550,6131,tv philips 65 pulgadas,Electro y Tecno,modelo_producto
8551,5471,auriculares inalambricos soul,Electro y Tecno,categoria_generica
8552,12877,baul porta herramientas,"Muebles, Hogar y Deco",categoria_generica
8553,5786,aplique exterior de pared,Electro y Tecno,modelo_producto
8554,12360,secarropas atma,Electro y Tecno,categoria_marca
8555,3068,relojes para mujer,Electro y Tecno,categoria_generica
8556,4412,mueble auxiliar de cocina,Electro y Tecno,modelo_producto
8557,7578,carpa para 6 personas,Deporte y Fitness,modelo_producto
8558,12286,lenovo 14e chromebook,Electro y Tecno,modelo_producto
8559,12548,ventilador humidificador,Electro y Tecno,categoria_generica
8560,7472,perfume nacional hombre,Salud y Belleza,categoria_generica
8561,11532,muñeca barbie rubia,Bebes y Niños,categoria_generica
8562,1868,atornillador electrico,Electro y Tecno,categoria_atributo
8563,9375,plafon candela,"Muebles, Hogar y Deco",categoria_generica
8564,12291,samsung odyssey g7,Electro y Tecno,modelo_producto
8565,1668,vaso termico para cafe,"Muebles, Hogar y Deco",modelo_producto
8566,1617,tcl 403,Electro y Tecno,categoria_generica
8567,11390,casco para moto h5,Autos y Motos,modelo_producto
8568,463,panquequera,Electro y Tecno,modelo_producto
8569,3911,bicicleta spx rodado 29,Deporte y Fitness,categoria_atributo
8570,10412,porta microondas mosconi,Electro y Tecno,categoria_generica
8571,9659,pistola de agua nerf,Bebes y Niños,modelo_producto
8572,10426,planchita de pelo yelmo,Salud y Belleza,modelo_producto
8573,10119,motorola moto buds 100,Electro y Tecno,modelo_producto
8574,8010,alarma gadnic,Electro y Tecno,categoria_marca
8575,5982,almohadones con formas,"Muebles, Hogar y Deco",categoria_generica
8576,3592,cat s60,Electro y Tecno,categoria_generica
8577,11796,notebook positivo bgh at520 celeron,Electro y Tecno,modelo_producto
8578,4123,nokia 2.3,Electro y Tecno,categoria_generica
8579,11915,galaxy pro book 360,Electro y Tecno,modelo_producto
8580,9505,loreal pure resource,Salud y Belleza,categoria_generica
8581,11834,inodoro y bidet marina ferrum,"Muebles, Hogar y Deco",modelo_producto
8582,8630,smart tv admiral 32 pulgadas,Electro y Tecno,categoria_atributo
8583,5709,strike 360,Deporte y Fitness,categoria_generica
8584,4789,farol solar exterior,Electro y Tecno,categoria_generica
8585,7261,samsung 70,Electro y Tecno,modelo_producto
8586,8455,muñeco spiderman articulado,Bebes y Niños,categoria_generica
8587,5031,dos plazas,"Muebles, Hogar y Deco",categoria_generica
8588,681,zapatillas montagne mujer,Indumentaria y Calzado,categoria_generica
8589,10459,ventilador de escritorio usb,Electro y Tecno,modelo_producto
8590,12398,cafetera induccion,Electro y Tecno,categoria_generica
8591,8044,aire noblex,Electro y Tecno,categoria_marca
8592,11950,freidora atma sin aceite,Electro y Tecno,modelo_producto
8593,5719,cargadores y pilas,Electro y Tecno,categoria_generica
8594,7104,monitor gadnic 27,Electro y Tecno,modelo_producto
8595,8052,ollas domo,"Muebles, Hogar y Deco",categoria_generica
8596,12368,sodastream megapack,Electro y Tecno,categoria_generica
8597,8256,respaldo para cama de una plaza,"Muebles, Hogar y Deco",modelo_producto
8598,6430,shampoo nivea,Salud y Belleza,categoria_generica
8599,1063,samsung s20 plus,Electro y Tecno,modelo_producto
8600,7785,inflador globos electrico,Electro y Tecno,categoria_atributo
8601,7280,crisper heladera,Electro y Tecno,categoria_generica
8602,12238,aspiradora de mano ultracomb,Electro y Tecno,modelo_producto
8603,3023,optimus prime camion,Bebes y Niños,categoria_generica
8604,6183,sarten electrica liliana,Electro y Tecno,categoria_marca
8605,4304,cepilladora de mano,Electro y Tecno,categoria_generica
8606,5971,sillon con ruedas,"Muebles, Hogar y Deco",categoria_generica
8607,4166,impresora hp 580,Electro y Tecno,modelo_producto
8608,11438,disfraz princesa sofia disney,Bebes y Niños,modelo_producto
8609,12973,secador de pelo gama g-pro 3.3,Salud y Belleza,modelo_producto
8610,3468,celular samsung s24 ultra,Electro y Tecno,modelo_producto
8611,7938,vaio fit 15s,Electro y Tecno,categoria_generica
8612,11871,asus rog zephyrus g15,Electro y Tecno,modelo_producto
8613,3534,audio technica at2020,Electro y Tecno,categoria_generica
8614,12732,mesa redonda con 4 sillas usadas,"Muebles, Hogar y Deco",modelo_producto
8615,5048,bifera hudson,"Muebles, Hogar y Deco",categoria_generica
8616,3008,odyssey perfume,Salud y Belleza,categoria_generica
8617,11746,ventilador liliana de pared con control remoto,Electro y Tecno,modelo_producto
8618,9813,transmision xr 150,Deporte y Fitness,categoria_generica
8619,4006,cámara wifi exterior 360,Electro y Tecno,categoria_atributo
8620,6762,minipimer completa,Electro y Tecno,categoria_generica
8621,7902,anafe electrolux a gas,Electro y Tecno,modelo_producto
8622,1435,hp motosierra gamma,Electro y Tecno,categoria_marca
8623,9570,mclaren 2024,Autos y Motos,categoria_generica
8624,12461,termofusora daewoo,Electro y Tecno,categoria_generica
8625,4782,cocina para gas natural,Electro y Tecno,modelo_producto
8626,12793,licencia silla gamer batman,"Muebles, Hogar y Deco",categoria_atributo
8627,7588,juguete mordillos,Bebes y Niños,categoria_generica
8628,8268,mate lusqtoff,"Muebles, Hogar y Deco",categoria_generica
8629,4334,mochila unicross,Indumentaria y Calzado,categoria_generica
8630,2802,heladera coca cola,Electro y Tecno,categoria_generica
8631,12365,hp 122,Electro y Tecno,modelo_producto
8632,6923,minimalista mesa ratona moderna,"Muebles, Hogar y Deco",modelo_producto
8633,2084,gfast notebook,Electro y Tecno,categoria_generica
8634,8763,cafetera volturno 9 pocillos,Electro y Tecno,modelo_producto
8635,426,azzaro most wanted,Salud y Belleza,categoria_generica
8636,5217,samsung oled 65,Electro y Tecno,modelo_producto
8637,7184,mouse gamer noga,Electro y Tecno,categoria_atributo
8638,11568,juguete bs26wcau,Electro y Tecno,categoria_generica
8639,2123,banqueta desayunador,"Muebles, Hogar y Deco",categoria_generica
8640,8447,aire ventana midea,Electro y Tecno,categoria_marca
8641,4583,pelota de toy story,Deporte y Fitness,modelo_producto
8642,11873,nespresso 80 cápsulas de regalo,Electro y Tecno,modelo_producto
8643,10789,ventilador de pared,Electro y Tecno,categoria_generica
8644,9653,juguete clue los simpsons,Bebes y Niños,modelo_producto
8645,10180,planchita gama dual plates,Salud y Belleza,modelo_producto
8646,8555,bicicleta rodado 20 con rueditas,Deporte y Fitness,categoria_atributo
8647,6558,lavarropas lg 8.5,Electro y Tecno,modelo_producto
8648,9151,laser potente,Electro y Tecno,categoria_generica
8649,11482,carpa playera easy,Bebes y Niños,categoria_generica
8650,5438,consola potenciada 4 canales,Electro y Tecno,modelo_producto
8651,10923,mochila masha y el oso,Indumentaria y Calzado,modelo_producto
8652,3292,luces de emergencia,"Muebles, Hogar y Deco",categoria_generica
8653,12978,amalfi inodoro largo asiento y deposito,"Muebles, Hogar y Deco",modelo_producto
8654,354,celulares,Electro y Tecno,categoria_generica
8655,12033,samsung s23 plus lavanda,Electro y Tecno,modelo_producto
8656,11602,kallpa maca peruana,Deporte y Fitness,categoria_generica
8657,748,scandal le parfum,Salud y Belleza,categoria_generica
8658,13036,afeitadora atma,Salud y Belleza,categoria_marca
8659,8088,funda para motorola,Electro y Tecno,categoria_marca
8660,4640,pava electrica black decker,Electro y Tecno,categoria_atributo
8661,12933,cocina magica,Electro y Tecno,categoria_generica
8662,7761,heladera samsung french door,Electro y Tecno,modelo_producto
8663,6854,tetera con filtro,"Muebles, Hogar y Deco",categoria_generica
8664,877,celular samsung a14,Electro y Tecno,modelo_producto
8665,6722,trabas para heladeras,Electro y Tecno,categoria_generica
8666,2010,samsung watch 7,Electro y Tecno,modelo_producto
8667,7234,horno aire,Electro y Tecno,categoria_generica
8668,1686,cobertizo,"Muebles, Hogar y Deco",modelo_producto
8669,6655,hyper x cloud stinger,Electro y Tecno,modelo_producto
8670,9741,juguete joker lego,Bebes y Niños,categoria_generica
8671,9107,cable spdif,Electro y Tecno,categoria_generica
8672,1682,termo bremen,"Muebles, Hogar y Deco",categoria_generica
8673,1808,jbl quantum 100,Electro y Tecno,modelo_producto
8674,8147,mochila lentejuelas,Indumentaria y Calzado,categoria_generica
8675,2625,lenovo notebook,Electro y Tecno,categoria_marca
8676,5791,wahl color pro,Salud y Belleza,categoria_generica
8677,10705,enaccion mujer,Electro y Tecno,categoria_generica
8678,1353,medidas tv 65 pulgadas,Electro y Tecno,categoria_atributo
8679,114,iphone 12 mini,Electro y Tecno,modelo_producto
8680,11400,aire comprimido gamo 5.5 nitro piston,Bebes y Niños,modelo_producto
8681,11294,planchita y secador remington,Salud y Belleza,modelo_producto
8682,9019,secarropas sigma,Electro y Tecno,categoria_generica
8683,7692,tv samsung 49 pulgadas,Electro y Tecno,modelo_producto
8684,8304,catre militar,"Muebles, Hogar y Deco",categoria_generica
8685,12977,tapa inodoro roca monaco easy,"Muebles, Hogar y Deco",modelo_producto
8686,4248,adaptador hub,Electro y Tecno,categoria_generica
8687,8722,alexa echo show 8,Electro y Tecno,modelo_producto
8688,1200,samsung s8 plus,Electro y Tecno,modelo_producto
8689,5900,ojotas fila,Electro y Tecno,categoria_generica
8690,2236,etermo peabody,Electro y Tecno,categoria_marca
8691,9810,mesa camping aluminio,Deporte y Fitness,categoria_generica
8692,9652,juguete lego beatles,Bebes y Niños,categoria_generica
8693,7171,flor de ducha redonda,Electro y Tecno,modelo_producto
8694,3790,bingo familiar,"Muebles, Hogar y Deco",categoria_generica
8695,3583,blazer sastrero mujer,Electro y Tecno,categoria_generica
8696,5996,calandre paco rabanne,Salud y Belleza,categoria_generica
8697,1805,teclado inalambrico logitech,Electro y Tecno,categoria_atributo
8698,12187,samsung qn90b 43,Electro y Tecno,modelo_producto
8699,2844,freezer no frost,Electro y Tecno,categoria_generica
8700,5249,maquina de coser verona,Electro y Tecno,modelo_producto
8701,11452,cubiertos carol color pastel,"Muebles, Hogar y Deco",modelo_producto
8702,1399,pantalla infrarroja,Electro y Tecno,categoria_generica
8703,8541,lenovo yoga tab 13,Electro y Tecno,modelo_producto
8704,153,cama,"Muebles, Hogar y Deco",categoria_generica
8705,3204,heladera samsung,Electro y Tecno,categoria_marca
8706,7898,auriculares inalambricos i12,Electro y Tecno,categoria_generica
8707,12203,asus x515ea-ej1629w,Electro y Tecno,modelo_producto
8708,347,motorola moto g35,Electro y Tecno,modelo_producto
8709,890,fresadora de mano,Electro y Tecno,categoria_generica
8710,6640,horno electrico winco,Electro y Tecno,categoria_atributo
8711,13015,plancha kanji home,Salud y Belleza,categoria_generica
8712,3032,juguete lego f1,Bebes y Niños,categoria_generica
8713,718,somier 1 plaza,"Muebles, Hogar y Deco",categoria_generica
8714,8112,samsung a51,Electro y Tecno,modelo_producto
8715,7517,figura godzilla funko pop 239,Bebes y Niños,modelo_producto
8716,6553,planchita de pelo con regulador de temperatura,Salud y Belleza,modelo_producto
8717,10615,conceive plus,Electro y Tecno,categoria_generica
8718,3286,mochila universitaria,Indumentaria y Calzado,categoria_generica
8719,10932,inodoro y bidet capea,"Muebles, Hogar y Deco",modelo_producto
8720,1998,xbox gamesir g7 se,Electro y Tecno,modelo_producto
8721,2740,soportes tv,Electro y Tecno,categoria_generica
8722,6496,bici cross rodado 20,Deporte y Fitness,categoria_atributo
8723,6305,fogonera,Electro y Tecno,modelo_producto
8724,7609,bicicleta con ruedas anchas,Deporte y Fitness,modelo_producto
8725,12347,moulinex perfect mix,Electro y Tecno,categoria_marca
8726,2857,auriculares traductores,Electro y Tecno,categoria_generica
8727,12821,fv libby cocina,"Muebles, Hogar y Deco",categoria_generica
8728,9554,auto hombre araña,Autos y Motos,categoria_generica
8729,6179,plancha philco a vapor,Electro y Tecno,modelo_producto
8730,9861,olmo pleggo,Deporte y Fitness,categoria_generica
8731,10212,gopro 11 black,Electro y Tecno,categoria_generica
8732,11969,noblex tablet star wars,Electro y Tecno,modelo_producto
8733,6708,sega portatil,Electro y Tecno,categoria_atributo
8734,13034,picolinato de cromo,Salud y Belleza,categoria_generica
8735,9728,lego creator expert,Bebes y Niños,categoria_generica
8736,4822,samsung a80,Electro y Tecno,modelo_producto
8737,10641,ventilador spar,Electro y Tecno,categoria_generica
8738,8202,bajo sommier 1 plaza,"Muebles, Hogar y Deco",modelo_producto
8739,9503,tapa inodoro ariel,"Muebles, Hogar y Deco",categoria_generica
8740,434,domotica,Electro y Tecno,modelo_producto
8741,9023,nikon d3300,Electro y Tecno,categoria_generica
8742,302,motorola one fusion,Electro y Tecno,categoria_marca
8743,6662,batidora de mano con bowl,Electro y Tecno,modelo_producto
8744,11641,columbia semiautomatico,Electro y Tecno,categoria_generica
8745,10026,termotanque señorial carga inferior,Electro y Tecno,modelo_producto
8746,9453,sillon oslo,"Muebles, Hogar y Deco",categoria_generica
8747,9106,pastalinda grande,Electro y Tecno,categoria_generica
8748,12026,microondas likon 23 litros,Electro y Tecno,categoria_atributo
8749,10451,pistola de agua grande,Electro y Tecno,modelo_producto
8750,11368,laura biagiotti,Salud y Belleza,categoria_generica
8751,3014,chupete avent de 0 a 6 meses,Bebes y Niños,modelo_producto
8752,1687,jean paul gaultier elixir,Salud y Belleza,modelo_producto
8753,4988,colchon 2 plazas en caja,"Muebles, Hogar y Deco",modelo_producto
8754,12209,tablet sky kid,Electro y Tecno,categoria_generica
8755,3487,lavarropas whirlpool 11 kg,Electro y Tecno,modelo_producto
8756,11156,espejo gadnic,"Muebles, Hogar y Deco",categoria_marca
8757,6969,juguete radio recargable,Bebes y Niños,categoria_generica
8758,705,lg monitor curvo,Electro y Tecno,categoria_marca
8759,5533,licuadora deportiva,Electro y Tecno,categoria_generica
8760,2563,purificador de agua drago,Electro y Tecno,modelo_producto
8761,1243,sillas modernas,"Muebles, Hogar y Deco",categoria_generica
8762,12687,cartera pop it,Indumentaria y Calzado,categoria_generica
8763,5176,lavarropas drean next eco 8 kg,Electro y Tecno,modelo_producto
8764,10314,tv box suono,Electro y Tecno,categoria_generica
8765,6072,honda wave 2005,Deporte y Fitness,categoria_generica
8766,10714,philips 65oled707,Electro y Tecno,modelo_producto
8767,6952,juguete monopatin randers,Deporte y Fitness,categoria_marca
8768,4914,mecha pared,Electro y Tecno,categoria_generica
8769,12182,pava electrica aurora,Electro y Tecno,categoria_atributo
8770,6924,disfraz vestido de bella y bestia,Indumentaria y Calzado,modelo_producto
8771,818,changuito de compras,"Muebles, Hogar y Deco",categoria_generica
8772,1249,duchador,"Muebles, Hogar y Deco",modelo_producto
8773,8347,nebulizador aspen nu410,Salud y Belleza,categoria_generica
8774,6142,maquina para hacer cafe con leche,Electro y Tecno,modelo_producto
8775,1584,ray ban ferrari,Electro y Tecno,categoria_generica
8776,11805,ventilador oryx 3 en 1,Electro y Tecno,modelo_producto
8777,7533,juguete aire atma,Electro y Tecno,categoria_marca
8778,2364,auriculares cancelacion ruido,Electro y Tecno,categoria_generica
8779,5264,samsung a236m,Electro y Tecno,modelo_producto
8780,9715,muñeco triciclo spiderman,Bebes y Niños,categoria_generica
8781,11220,cuencos para te,"Muebles, Hogar y Deco",categoria_generica
8782,8117,cafetera sifon,Electro y Tecno,categoria_generica
8783,5500,ventilador martin y martin,Electro y Tecno,modelo_producto
8784,10067,cafetera nespresso inissia red,Electro y Tecno,modelo_producto
8785,3678,maquina de granizados,Electro y Tecno,categoria_generica
8786,9277,set vajilla 16 piezas,"Muebles, Hogar y Deco",modelo_producto
8787,11759,termotanque rheem 155 litros electrico,Electro y Tecno,categoria_atributo
8788,9717,crema para sarpullido de bebe,Bebes y Niños,modelo_producto
8789,11269,cicatricure crema gel facial,Salud y Belleza,modelo_producto
8790,3827,lima para pies,Salud y Belleza,categoria_generica
8791,8829,lenovo flex 5,Electro y Tecno,modelo_producto
8792,5576,lápiz digital,Electro y Tecno,categoria_generica
8793,6230,mixer liliana,Electro y Tecno,categoria_marca
8794,5361,set de parrilla,"Muebles, Hogar y Deco",categoria_generica
8795,12865,sillon redondo plegable,"Muebles, Hogar y Deco",categoria_atributo
8796,7324,colostrum,Electro y Tecno,modelo_producto
8797,4380,cocina florencia 5537,Electro y Tecno,categoria_generica
8798,1980,mixer,Electro y Tecno,modelo_producto
8799,11335,anodo magnesio,Electro y Tecno,categoria_generica
8800,3851,cuatriciclo a bateria,Bebes y Niños,categoria_generica
8801,6497,bicicleta slp rodado 20,Deporte y Fitness,categoria_atributo
8802,1721,linga para bicicleta,Deporte y Fitness,categoria_generica
8803,7931,minipimer 3 en 1,Electro y Tecno,modelo_producto
8804,5620,lampara tactil,"Muebles, Hogar y Deco",categoria_generica
8805,9248,the last of us juego ps3,"Muebles, Hogar y Deco",modelo_producto
8806,1480,cable otg,Electro y Tecno,categoria_generica
8807,12102,automático de tanque tanza,Electro y Tecno,modelo_producto
8808,7613,arco de futbol con punteria,Deporte y Fitness,modelo_producto
8809,12677,mochila frozen jardin,Indumentaria y Calzado,categoria_generica
8810,8631,heladera exhibidora inelro 390 litros,Electro y Tecno,categoria_atributo
8811,1010,ventilador liliana,Electro y Tecno,categoria_marca
8812,3216,olympea mujer,Salud y Belleza,categoria_generica
8813,6706,batidora moretti,Electro y Tecno,categoria_generica
8814,9973,pico de cocina para gas natural medidas,Electro y Tecno,modelo_producto
8815,9985,iphone 13 mini starlight,Electro y Tecno,modelo_producto
8816,9317,bolso termico coleman,"Muebles, Hogar y Deco",categoria_generica
8817,9049,heladera vostok,Electro y Tecno,categoria_generica
8818,4013,samsung crystal uhd 65,Electro y Tecno,modelo_producto
8819,376,nintendo switch oled,Electro y Tecno,categoria_generica
8820,12099,impresora hp 667,Electro y Tecno,modelo_producto
8821,12775,bomba rowa mini rw9,"Muebles, Hogar y Deco",modelo_producto
8822,2495,juguete carpa infantil,Bebes y Niños,categoria_generica
8823,4890,aspiradora de tacho,Electro y Tecno,categoria_generica
8824,6851,alacena orlandi,"Muebles, Hogar y Deco",categoria_generica
8825,5446,sony joystick ps5 edge,Electro y Tecno,modelo_producto
8826,3250,batidora moulinex,Electro y Tecno,categoria_marca
8827,9460,triopoly,Bebes y Niños,modelo_producto
8828,8364,crema de enjuague loreal,Salud y Belleza,modelo_producto
8829,4933,impresora brother hl 1212w wifi,Electro y Tecno,categoria_atributo
8830,9524,masajeador suono,Salud y Belleza,categoria_generica
8831,2234,mango de fuerza,Electro y Tecno,categoria_generica
8832,12263,asus x515ea-br1751w,Electro y Tecno,modelo_producto
8833,2488,bordeadora a bateria,Autos y Motos,categoria_generica
8834,7267,parlante emoji,Electro y Tecno,categoria_generica
8835,10120,potencia boss 4 canales,Electro y Tecno,modelo_producto
8836,7444,gazebo 3x4,"Muebles, Hogar y Deco",categoria_generica
8837,813,motorola g8,Electro y Tecno,modelo_producto
8838,10431,rowa inteligente 20,Electro y Tecno,categoria_generica
8839,9832,tapon pelota pilates,Deporte y Fitness,categoria_generica
8840,12734,colchon suavestar sport 2 plazas,"Muebles, Hogar y Deco",modelo_producto
8841,1750,detector de monóxido de carbono y gas,Electro y Tecno,modelo_producto
8842,10733,yogurtera quesera,Electro y Tecno,categoria_generica
8843,10652,bordeadora philco,Electro y Tecno,categoria_marca
8844,12848,juguete zapatos frozen,Bebes y Niños,categoria_generica
8845,8638,revlon one step volumizer plus,Electro y Tecno,modelo_producto
8846,4662,máquina de coser portátil singer,Electro y Tecno,categoria_atributo
8847,213,espumador de leche,Electro y Tecno,categoria_generica
8848,2639,sarten wok,"Muebles, Hogar y Deco",categoria_generica
8849,2682,kits faciales,Salud y Belleza,categoria_generica
8850,2586,jbl charge 3,Electro y Tecno,modelo_producto
8851,7350,mochila con rueditas,Indumentaria y Calzado,categoria_generica
8852,12399,aparejo malacate,Electro y Tecno,categoria_generica
8853,6226,samsung galaxy j701,Electro y Tecno,modelo_producto
8854,11382,cubiertas bridgestone 175 70 r14,Autos y Motos,modelo_producto
8855,4888,lapiz grabador,Electro y Tecno,categoria_generica
8856,11117,cajonera interior de placard,"Muebles, Hogar y Deco",modelo_producto
8857,1810,apple airpods 3,Electro y Tecno,modelo_producto
8858,3800,sillon grande,"Muebles, Hogar y Deco",categoria_generica
8859,7905,radio philco portatil,Electro y Tecno,categoria_marca
8860,7912,armario plastico exterior,Electro y Tecno,categoria_generica
8861,7691,whirlpool 6th sense inverter,Electro y Tecno,modelo_producto
8862,12818,el futbolero juego de mesa,Bebes y Niños,modelo_producto
8863,13062,mini torno philco 130w 32000,Salud y Belleza,modelo_producto
8864,9966,tp link bluetooth 5.0,Electro y Tecno,categoria_atributo
8865,10139,samsung galaxy a23 ram,Electro y Tecno,modelo_producto
8866,3011,bordeadora inalambrica,Autos y Motos,categoria_atributo
8867,7312,rizador bellissima,Electro y Tecno,categoria_generica
8868,6041,juguete practicuna corralito,Bebes y Niños,categoria_generica
8869,13016,perfume l'imperatrice,Salud y Belleza,categoria_generica
8870,7773,calefactores eskabe tiro balanceado,Electro y Tecno,modelo_producto
8871,8208,cama elastica nictom,"Muebles, Hogar y Deco",categoria_generica
8872,5845,smartwatch suono,Electro y Tecno,categoria_generica
8873,7852,secarropas eslabon de lujo,Electro y Tecno,modelo_producto
8874,4376,tender de aluminio con alas,"Muebles, Hogar y Deco",modelo_producto
8875,10316,stromberg dj 1001,Electro y Tecno,categoria_generica
8876,7648,futbol nassau,Deporte y Fitness,categoria_generica
8877,7003,lectograbadoras,Electro y Tecno,modelo_producto
8878,2423,hidrolavadora philco,Electro y Tecno,categoria_marca
8879,8546,bicicleta motomel rodado 29,Deporte y Fitness,categoria_atributo
8880,12535,e 641,Electro y Tecno,categoria_generica
8881,2669,maceteros de madera,"Muebles, Hogar y Deco",categoria_generica
8882,4042,sony ps4 star wars,Electro y Tecno,modelo_producto
8883,4082,smart tcl 43,Electro y Tecno,categoria_atributo
8884,272,picadora de carne,Electro y Tecno,categoria_generica
8885,8641,samsung galaxy funda s9 plus,Electro y Tecno,modelo_producto
8886,6002,afeitadora andis,Salud y Belleza,categoria_generica
8887,7567,juguete elmo peluche,Bebes y Niños,categoria_generica
8888,4319,palmetto,Electro y Tecno,modelo_producto
8889,2074,secarropas candy,Electro y Tecno,categoria_generica
8890,9594,carpa coleman darwin 2,Deporte y Fitness,modelo_producto
8891,12646,valija wellington polo club,Indumentaria y Calzado,modelo_producto
8892,6399,base somier,"Muebles, Hogar y Deco",categoria_generica
8893,11127,combo cocina y campana,"Muebles, Hogar y Deco",modelo_producto
8894,9279,cocina drean air fryer,Electro y Tecno,modelo_producto
8895,5256,reloj deportivo sumergible,Electro y Tecno,categoria_generica
8896,9001,liliana vulcano,Electro y Tecno,categoria_marca
8897,3707,pantalon kappa,Indumentaria y Calzado,categoria_generica
8898,2005,cafetera philips 5400,Electro y Tecno,modelo_producto
8899,2794,estufa garrafera emege,Electro y Tecno,categoria_generica
8900,11413,muñeca muñecos ken novio de barbie,Bebes y Niños,modelo_producto
8901,11372,unforgivable,Salud y Belleza,modelo_producto
8902,1441,cabeza de cargador iphone,Electro y Tecno,modelo_producto
8903,3332,mopa con escurridor,"Muebles, Hogar y Deco",categoria_generica
8904,12031,parlante delhi 8 pulgadas,Electro y Tecno,categoria_atributo
8905,6299,karcher sc2,Electro y Tecno,categoria_generica
8906,7715,heladera briket bajo mesada,Electro y Tecno,modelo_producto
8907,735,erba pura hombre,Salud y Belleza,categoria_generica
8908,3651,sega consola,Electro y Tecno,categoria_generica
8909,1409,lavarropas gafa carga superior,Electro y Tecno,modelo_producto
8910,3737,respaldo de cama king size,"Muebles, Hogar y Deco",modelo_producto
8911,1707,despensero 2 puertas,Bebes y Niños,categoria_generica
8912,1825,lustradora electrolux,Electro y Tecno,categoria_marca
8913,8023,organizador de heladera,Electro y Tecno,categoria_generica
8914,11692,motorola edge 30 ultra con cargador inalambrico,Electro y Tecno,modelo_producto
8915,12320,max you c1,Deporte y Fitness,categoria_generica
8916,3321,ropero armable,"Muebles, Hogar y Deco",categoria_generica
8917,10102,aire acondicionado likon manual,Electro y Tecno,modelo_producto
8918,372,accesorios para celulares,Electro y Tecno,categoria_generica
8919,6630,sony ps5 lectora,Electro y Tecno,modelo_producto
8920,5229,machenike g5 pro,Electro y Tecno,categoria_generica
8921,6736,hamburguesera electrica,Electro y Tecno,categoria_atributo
8922,8985,funda de tablet con teclado,Electro y Tecno,modelo_producto
8923,2111,mesas de comedor,"Muebles, Hogar y Deco",categoria_generica
8924,11319,nebulizador silfab piuvento,Salud y Belleza,categoria_generica
8925,12827,palo de mopa repuesto,"Muebles, Hogar y Deco",modelo_producto
8926,10334,tostadora hello kitty,Electro y Tecno,categoria_generica
8927,12095,anafe vitroceramico samsung,Electro y Tecno,categoria_marca
8928,105,iphone 13 mini,Electro y Tecno,modelo_producto
8929,12484,hamaca con pie,Electro y Tecno,categoria_generica
8930,1704,fiat 500,Bebes y Niños,categoria_generica
8931,8964,climatizador de aire philco,Electro y Tecno,modelo_producto
8932,4244,colador de fideos,Electro y Tecno,categoria_generica
8933,5973,cuello de viaje,"Muebles, Hogar y Deco",categoria_generica
8934,4705,aspiradora de agua para auto,Electro y Tecno,modelo_producto
8935,11405,muñeca barbie color reveal serie 3,Bebes y Niños,modelo_producto
8936,11302,licencia plancha para churrasco,Salud y Belleza,modelo_producto
8937,7507,bateria a31,Autos y Motos,categoria_generica
8938,2097,patineta,Electro y Tecno,modelo_producto
8939,12487,olla matambrera,Electro y Tecno,categoria_generica
8940,10934,mochila para peluqueria,Indumentaria y Calzado,categoria_generica
8941,1790,micrófono inalámbrico profesional,Electro y Tecno,categoria_atributo
8942,10959,bajo mesada 1 20 sin bacha,"Muebles, Hogar y Deco",modelo_producto
8943,1385,vintage radio lattafa,Salud y Belleza,categoria_generica
8944,12053,push up drama waterproof,Electro y Tecno,modelo_producto
8945,4264,soldadora dogo,Electro y Tecno,categoria_generica
8946,7838,cargador portatil sony,Electro y Tecno,categoria_marca
8947,8269,reflector recargable,"Muebles, Hogar y Deco",categoria_generica
8948,10368,jbl cinema sb170,Electro y Tecno,modelo_producto
8949,2249,rallador de zanahoria,Electro y Tecno,categoria_generica
8950,9873,raqueta medvedev,Deporte y Fitness,categoria_generica
8951,10541,xiaomi 10t lite,Electro y Tecno,modelo_producto
8952,11312,masajeador eléctrico corporal,Salud y Belleza,categoria_atributo
8953,8503,juguete porta tabaco,Bebes y Niños,categoria_generica
8954,3530,cafetera nespresso aeroccino,Electro y Tecno,categoria_generica
8955,7878,kit de herramienta para moto,Electro y Tecno,modelo_producto
8956,1487,tachos de basura,"Muebles, Hogar y Deco",categoria_generica
8957,3046,bicicleta rodado 26,Deporte y Fitness,categoria_atributo
8958,12331,turbo ventilador yelmo,Electro y Tecno,categoria_generica
8959,11806,smartwatch mibro lite 2,Electro y Tecno,modelo_producto
8960,10414,accesorios guitarra electrica,Electro y Tecno,categoria_atributo
8961,12765,cubre piletas pelopincho 1076,"Muebles, Hogar y Deco",modelo_producto
8962,5339,carrito de compras plegable,"Muebles, Hogar y Deco",categoria_atributo
8963,10670,moulinex juguera,Electro y Tecno,categoria_marca
8964,3128,planchita remington silk,Salud y Belleza,categoria_generica
8965,9091,reloj digital,Electro y Tecno,categoria_generica
8966,4170,tender de pared extensible,Electro y Tecno,modelo_producto
8967,11838,malla huawei band 7,Electro y Tecno,modelo_producto
8968,5888,brazalete para celular,Electro y Tecno,categoria_generica
8969,11227,suavecito pomade,"Muebles, Hogar y Deco",categoria_generica
8970,8948,licencia parrilla de boca,Electro y Tecno,modelo_producto
8971,3913,bicicleta slp 10 pro,Deporte y Fitness,modelo_producto
8972,4161,tv quint 43,Electro y Tecno,categoria_generica
8973,9629,figura hasbro marvel legends,Bebes y Niños,modelo_producto
8974,9548,davinci labs dimpro suplemento dietetico,Salud y Belleza,modelo_producto
8975,12337,samsung s21 fe,Electro y Tecno,modelo_producto
8976,6468,juguete cubiertos simonaggio,Bebes y Niños,categoria_generica
8977,1024,yoduro de potasio,Electro y Tecno,categoria_generica
8978,5330,portada gta san andreas,"Muebles, Hogar y Deco",modelo_producto
8979,2578,cámara de seguridad wifi,Electro y Tecno,categoria_atributo
8980,3243,freezer philco,Electro y Tecno,categoria_marca
8981,11781,campana aurora muyu 3360 b,Electro y Tecno,modelo_producto
8982,3296,tubos led,"Muebles, Hogar y Deco",categoria_generica
8983,12483,stromberg heat,Electro y Tecno,categoria_generica
8984,7478,magnesio oxido 400,Salud y Belleza,categoria_generica
8985,9521,plancha philco seca,Salud y Belleza,categoria_marca
8986,553,lavarropas drean carga superior,Electro y Tecno,modelo_producto
8987,5913,mochilas hombre deportivas,Indumentaria y Calzado,categoria_generica
8988,2418,parlante panacom,Electro y Tecno,categoria_generica
8989,9864,bandas isometricas,Deporte y Fitness,categoria_generica
8990,7188,microsoft licencia de office,Electro y Tecno,modelo_producto
8991,1711,juguete cubiertos carol,"Muebles, Hogar y Deco",categoria_generica
8992,8212,cocina electrolux 56,Electro y Tecno,modelo_producto
8993,8585,essenza mini white,Electro y Tecno,categoria_generica
8994,12429,samsung qn85a,Electro y Tecno,modelo_producto
8995,3293,sabanas,"Muebles, Hogar y Deco",modelo_producto
8996,4869,multimetro total,Electro y Tecno,categoria_generica
8997,1437,motorola moto tag,Electro y Tecno,categoria_marca
8998,11487,juguete camicleta mecano,Bebes y Niños,categoria_generica
8999,4651,tcl 65 pulgadas 4k,Electro y Tecno,categoria_atributo
9000,8685,aire acondicionado noblex inverter,Electro y Tecno,modelo_producto
9001,10744,pendrive sandisk,Electro y Tecno,categoria_generica
9002,8383,perfume xl,Salud y Belleza,categoria_generica
9003,1364,tabla de inversion,"Muebles, Hogar y Deco",categoria_generica
9004,2559,impresora de etiquetas autoadhesivas,Electro y Tecno,modelo_producto
9005,6680,impresora epson l365,Electro y Tecno,categoria_generica
9006,598,balanzas,Electro y Tecno,modelo_producto
9007,6338,silla de comer mega baby,Bebes y Niños,modelo_producto
9008,5374,secador de pelo westinghouse,Salud y Belleza,modelo_producto
9009,5216,hyundai ultra storm,Electro y Tecno,categoria_generica
9010,6768,samsung ww95aa046bwubg,Electro y Tecno,modelo_producto
9011,4941,zapatillas talle 42 hombre,Indumentaria y Calzado,modelo_producto
9012,7415,bahiut orlandi,"Muebles, Hogar y Deco",categoria_generica
9013,7366,almohada triangular 7 posiciones,"Muebles, Hogar y Deco",modelo_producto
9014,4807,philco heladera,Electro y Tecno,categoria_marca
9015,2601,picadora manual,Electro y Tecno,categoria_generica
9016,7717,samsung funda s22 plus,Electro y Tecno,modelo_producto
9017,7826,horno electrico bonn,Electro y Tecno,categoria_atributo
9018,10427,lenovo slim 7,Electro y Tecno,modelo_producto
9019,827,muñeca draculaura,Bebes y Niños,categoria_generica
9020,7133,cafetera piccolo xs,Electro y Tecno,categoria_generica
9021,6936,maletin porta cosmeticos,Salud y Belleza,categoria_generica
9022,6,iphone 13 pro max,Electro y Tecno,modelo_producto
9023,3620,velador de escritorio,"Muebles, Hogar y Deco",categoria_generica
9024,9650,juguete monopatin battle,Deporte y Fitness,categoria_generica
9025,1451,tcl 55c655,Electro y Tecno,categoria_generica
9026,8666,cava philco 12 botellas,Electro y Tecno,modelo_producto
9027,12598,convertidor nictom,Electro y Tecno,categoria_generica
9028,10938,engomado las locas,Indumentaria y Calzado,categoria_generica
9029,8200,organizador de zapatos bajo cama,"Muebles, Hogar y Deco",modelo_producto
9030,5770,aire portatil electrolux,Electro y Tecno,categoria_marca
9031,6596,maquina de cortar pelo oster,Electro y Tecno,modelo_producto
9032,636,attack shark x11,Electro y Tecno,categoria_generica
9033,1423,tablet con teclado y lapiz,Electro y Tecno,modelo_producto
9034,4397,pico cebador stanley,"Muebles, Hogar y Deco",categoria_marca
9035,11195,sommier zafiro,"Muebles, Hogar y Deco",categoria_generica
9036,10333,consola portatil sup,Electro y Tecno,categoria_atributo
9037,12629,monopatin electrico dayama gotrax v2,Deporte y Fitness,categoria_atributo
9038,1186,cocinas multigas,Electro y Tecno,categoria_generica
9039,5182,horno eléctrico atma 50 litros,Electro y Tecno,modelo_producto
9040,1845,patillera kemei,Salud y Belleza,categoria_generica
9041,6047,juguete muñeco olaf,Bebes y Niños,categoria_generica
9042,3853,carpa para auto,Autos y Motos,categoria_generica
9043,11994,minecraft starter collection refresh,Electro y Tecno,modelo_producto
9044,7284,exhibidora vertical,Electro y Tecno,categoria_generica
9045,7421,vajilla melamina,"Muebles, Hogar y Deco",categoria_generica
9046,12262,funda magnetica para samsung,Electro y Tecno,modelo_producto
9047,11406,consola family game + 500 juegos retro,Bebes y Niños,modelo_producto
9048,11304,magnesio en capsulas blandas,Salud y Belleza,modelo_producto
9049,805,lenovo loq,Electro y Tecno,categoria_marca
9050,2225,proyector astronauta,Electro y Tecno,categoria_generica
9051,2113,vajilla,"Muebles, Hogar y Deco",modelo_producto
9052,1048,iphone 11 pro max,Electro y Tecno,modelo_producto
9053,9071,mandolina rallador,Electro y Tecno,categoria_generica
9054,10276,samsung galaxy a32,Electro y Tecno,modelo_producto
9055,7737,atornillador inalambrico dowen pagio,Electro y Tecno,categoria_atributo
9056,11654,planchetitta,Deporte y Fitness,modelo_producto
9057,9097,volante eurocase,Electro y Tecno,categoria_generica
9058,226,sillon teddy,"Muebles, Hogar y Deco",categoria_generica
9059,346,samsung galaxy celular a71,Electro y Tecno,modelo_producto
9060,3830,shampoo kerastase,Salud y Belleza,categoria_generica
9061,4602,cinta motorizada,Deporte y Fitness,categoria_generica
9062,5564,mixer ultracomb,Electro y Tecno,categoria_generica
9063,8958,philips hue gu10,Electro y Tecno,modelo_producto
9064,8471,andador caminador bebe,Bebes y Niños,categoria_generica
9065,1314,caloventor philco,Electro y Tecno,categoria_marca
9066,2954,toalla de secado rapido,"Muebles, Hogar y Deco",modelo_producto
9067,1867,tcl 30,Electro y Tecno,categoria_generica
9068,6573,samsung galaxy celular j1,Electro y Tecno,modelo_producto
9069,12943,rack dielfe,"Muebles, Hogar y Deco",categoria_generica
9070,9974,xiaomi mi smart scale 2,Electro y Tecno,modelo_producto
9071,10807,batidora vintage,Electro y Tecno,categoria_generica
9072,3115,soporte tv 75 pulgadas,Electro y Tecno,categoria_atributo
9073,8118,portacapsulas,Electro y Tecno,modelo_producto
9074,3700,zapatillas kioshi mujer,Indumentaria y Calzado,categoria_generica
9075,993,tcl 50 se,Electro y Tecno,categoria_generica
9076,11714,funda tablet samsung a7 lite,Electro y Tecno,modelo_producto
9077,5114,panoxyl jabon,Salud y Belleza,categoria_generica
9078,11242,gazebo playero,"Muebles, Hogar y Deco",categoria_generica
9079,12534,oster 606,Electro y Tecno,categoria_generica
9080,741,motorola e,Electro y Tecno,categoria_marca
9081,5225,calefactor de pared liliana,Electro y Tecno,modelo_producto
9082,1892,tira led 5 metros,"Muebles, Hogar y Deco",modelo_producto
9083,3408,juguete hielera de mesa,Bebes y Niños,modelo_producto
9084,2150,resveratrol,Salud y Belleza,modelo_producto
9085,1646,casio 168wa,Electro y Tecno,categoria_generica
9086,1102,peluche happy nappers,Bebes y Niños,categoria_generica
9087,2180,samsung tab s10 fe,Electro y Tecno,modelo_producto
9088,12185,ooni koda 16,Electro y Tecno,categoria_generica
9089,1287,samsung note 20 ultra,Electro y Tecno,modelo_producto
9090,11161,canilla monocomando,"Muebles, Hogar y Deco",categoria_generica
9091,5170,sillas gamer,Electro y Tecno,categoria_atributo
9092,4998,mesa para notebook cama,Electro y Tecno,modelo_producto
9093,7208,vaio fe15,Electro y Tecno,categoria_generica
9094,5313,parlante,Electro y Tecno,modelo_producto
9095,5111,secador de verduras,Salud y Belleza,categoria_generica
9096,9865,reposeras plegables,Deporte y Fitness,categoria_generica
9097,6647,gafa freezer vertical,Electro y Tecno,categoria_marca
9098,10708,head mujer,Electro y Tecno,categoria_generica
9099,9284,sillon miami garden life,"Muebles, Hogar y Deco",modelo_producto
9100,6814,pileta lavadero johnson,"Muebles, Hogar y Deco",categoria_generica
9101,12627,enerbox,Electro y Tecno,modelo_producto
9102,5021,cocina morelli zafira,Electro y Tecno,categoria_generica
9103,5720,binoculares,Electro y Tecno,modelo_producto
9104,1040,monopatin 3 ruedas,Bebes y Niños,categoria_generica
9105,5490,razer orochi v2,Electro y Tecno,categoria_generica
9106,7763,macbook pro touch bar,Electro y Tecno,modelo_producto
9107,1722,chinelas adidas,Deporte y Fitness,categoria_marca
9108,6035,hyundai aire acondicionado inverter,Electro y Tecno,categoria_atributo
9109,3712,botellas termicas,"Muebles, Hogar y Deco",categoria_generica
9110,12462,heladera termolar,Electro y Tecno,categoria_generica
9111,1067,xiaomi poco x7,Electro y Tecno,modelo_producto
9112,1392,bicicleta rodado 18,Deporte y Fitness,categoria_atributo
9113,5828,compresor xiaomi,Electro y Tecno,categoria_marca
9114,8227,sommier de una plaza y media,"Muebles, Hogar y Deco",modelo_producto
9115,8361,jimmy choo floral,Salud y Belleza,categoria_generica
9116,12068,parrilla bram metal,Electro y Tecno,categoria_generica
9117,10028,consola game stick 4k,Electro y Tecno,modelo_producto
9118,12674,zapatillas dc trase,Indumentaria y Calzado,categoria_generica
9119,4518,figura michael jackson funko pop,Bebes y Niños,modelo_producto
9120,4461,true match loreal corrector,Salud y Belleza,modelo_producto
9121,10376,cargador samsung s10,Electro y Tecno,modelo_producto
9122,12338,anafe aurora yanuy,Electro y Tecno,categoria_generica
9123,7560,cubiertos tramontina colores,"Muebles, Hogar y Deco",categoria_generica
9124,2524,heladera mabe no frost,Electro y Tecno,modelo_producto
9125,8768,genio s plus,Electro y Tecno,categoria_generica
9126,6937,lego van gogh,Bebes y Niños,categoria_generica
9127,10261,samsung galaxy a52,Electro y Tecno,modelo_producto
9128,6344,silla gamer good game,"Muebles, Hogar y Deco",categoria_atributo
9129,5883,picador electrico,Electro y Tecno,categoria_atributo
9130,2013,estufa garrafera lusqtoff,Electro y Tecno,categoria_generica
9131,8053,chromebook samsung,Electro y Tecno,categoria_marca
9132,11391,amoladora einhell a bateria,Electro y Tecno,modelo_producto
9133,168,zapatillas 47 street mujer,Indumentaria y Calzado,modelo_producto
9134,5961,bolso termico,"Muebles, Hogar y Deco",categoria_generica
9135,11004,sommier 2 plazas simmons,"Muebles, Hogar y Deco",modelo_producto
9136,2317,mesas plegables,Deporte y Fitness,categoria_generica
9137,5885,balanza pilon,Electro y Tecno,categoria_generica
9138,11331,almohadillas de auriculares,Salud y Belleza,categoria_generica
9139,8687,asus vivobook pro 15,Electro y Tecno,modelo_producto
9140,1527,dji mini 3 pro,Deporte y Fitness,modelo_producto
9141,635,nubia neo 3,Electro y Tecno,categoria_generica
9142,11704,calefactor peabody tiro balanceado 2500 kcal,Electro y Tecno,modelo_producto
9143,2374,porta celular para bicicleta,Electro y Tecno,modelo_producto
9144,5044,reposera cama,"Muebles, Hogar y Deco",categoria_generica
9145,4063,estufa garrafera everest,Electro y Tecno,categoria_generica
9146,9565,termo para auto,Autos y Motos,categoria_generica
9147,11379,cubiertas fate 185/65 r15,Autos y Motos,modelo_producto
9148,6031,mesa para tv 55 pulgadas con ruedas,Bebes y Niños,categoria_atributo
9149,10234,samsung sm a042m,Electro y Tecno,modelo_producto
9150,4882,tablet bgh,Electro y Tecno,categoria_marca
9151,10631,marshall kilburn,Electro y Tecno,categoria_generica
9152,8712,freezer inelro 700 litros,Electro y Tecno,categoria_atributo
9153,3397,pampers deluxe xg,Bebes y Niños,categoria_generica
9154,7388,mascara de soldar lusqtoff,"Muebles, Hogar y Deco",modelo_producto
9155,4024,monitor asus 24 pulgadas,Electro y Tecno,modelo_producto
9156,6177,tinta epson l3110,Electro y Tecno,categoria_generica
9157,12563,native desodorante,Salud y Belleza,categoria_generica
9158,11495,mesa color nogal,"Muebles, Hogar y Deco",categoria_generica
9159,166,motorola g13,Electro y Tecno,modelo_producto
9160,4561,retroexcavadora a control remoto,Bebes y Niños,modelo_producto
9161,4769,planchita de pelo gama,Salud y Belleza,modelo_producto
9162,2400,microsoft master chief,Electro y Tecno,categoria_generica
9163,11991,xiaomi poco f4 gt,Electro y Tecno,modelo_producto
9164,6210,botella contigo matterhorn,Electro y Tecno,categoria_generica
9165,6327,fila calzini,Indumentaria y Calzado,categoria_generica
9166,1068,samsung a30,Electro y Tecno,modelo_producto
9167,6182,microondas empotrable whirlpool,Electro y Tecno,categoria_marca
9168,3335,organizador acrilico,"Muebles, Hogar y Deco",categoria_generica
9169,2417,starbucks capsulas,Electro y Tecno,categoria_generica
9170,10191,micro usb a usb c,Electro y Tecno,modelo_producto
9171,8819,olla a presion cuk,"Muebles, Hogar y Deco",modelo_producto
9172,8920,cortadora de fiambre electrica,Electro y Tecno,categoria_atributo
9173,3927,nest mini,Deporte y Fitness,categoria_generica
9174,751,aspirador nasal bebe,Bebes y Niños,categoria_generica
9175,3586,motorola razr 60,Electro y Tecno,modelo_producto
9176,1976,pantallas para proyectores,Electro y Tecno,categoria_generica
9177,11355,perfume missoni,Salud y Belleza,categoria_generica
9178,10144,moulinex nescafe dolce gusto,Electro y Tecno,modelo_producto
9179,328,bacha inteligente,Electro y Tecno,categoria_generica
9180,4415,escobero despensero,"Muebles, Hogar y Deco",categoria_generica
9181,7084,philco tv 40 pulgadas,Electro y Tecno,modelo_producto
9182,2426,zte v60,Electro y Tecno,categoria_generica
9183,10815,samsung anafe,Electro y Tecno,categoria_marca
9184,11734,dell notebook i7 11va generación,Electro y Tecno,modelo_producto
9185,12785,termo atom extreme repuesto,"Muebles, Hogar y Deco",modelo_producto
9186,10613,kanji heladera,Electro y Tecno,categoria_generica
9187,10497,termotanque electrico kacemaster,Electro y Tecno,categoria_atributo
9188,938,lenovo ideapad 3,Electro y Tecno,modelo_producto
9189,2968,canastos plasticos,"Muebles, Hogar y Deco",categoria_generica
9190,5213,auriculares qcy t1c,Electro y Tecno,categoria_generica
9191,7151,samsung s7 flat,Electro y Tecno,modelo_producto
9192,3914,bici futura rodado 29,Deporte y Fitness,categoria_atributo
9193,9625,muñeca monster high rochelle,Bebes y Niños,modelo_producto
9194,9515,delineador de cejas loreal,Salud y Belleza,modelo_producto
9195,3395,juguete bloques rasti,Bebes y Niños,categoria_generica
9196,1512,fakhar gold,Salud y Belleza,categoria_generica
9197,8046,motorola 48mp,Electro y Tecno,modelo_producto
9198,5889,smartwatch foxbox,Electro y Tecno,categoria_generica
9199,8840,motorola moto g72,Electro y Tecno,modelo_producto
9200,11147,almohada piernas,"Muebles, Hogar y Deco",categoria_generica
9201,1228,heladera lg,Electro y Tecno,categoria_marca
9202,9133,abridor de frascos,Electro y Tecno,categoria_generica
9203,2944,termo stanley con pico cebador,"Muebles, Hogar y Deco",modelo_producto
9204,8425,pistola de calor black and decker,Electro y Tecno,modelo_producto
9205,10870,vermouth rosso,Electro y Tecno,categoria_generica
9206,10887,amplificador audio bluetooth zk as21,Electro y Tecno,categoria_atributo
9207,11786,asus rog strix scar 17,Electro y Tecno,modelo_producto
9208,2651,mochila wilson,Indumentaria y Calzado,categoria_generica
9209,3939,linterna fenix,Deporte y Fitness,categoria_generica
9210,11,reloj inteligente,Electro y Tecno,categoria_generica
9211,4343,fundas y protectores para colchones,"Muebles, Hogar y Deco",categoria_generica
9212,11126,cocina electrolux 56gxq,Electro y Tecno,modelo_producto
9213,3837,afeitadora wahl,Salud y Belleza,categoria_generica
9214,1333,rx 550,Electro y Tecno,categoria_generica
9215,4661,galaxy note 10 plus,Electro y Tecno,modelo_producto
9216,3906,heladera de juguete,Bebes y Niños,categoria_generica
9217,2554,pava electrica philco,Electro y Tecno,categoria_marca
9218,653,notebooks,Electro y Tecno,categoria_generica
9219,7756,maquina de cortar pelo patillera,Electro y Tecno,modelo_producto
9220,4390,canilla flexible para cocina,"Muebles, Hogar y Deco",modelo_producto
9221,9833,rueda giratoria para gatos,Deporte y Fitness,modelo_producto
9222,11171,canasto matero,"Muebles, Hogar y Deco",categoria_generica
9223,1561,cafetera nescafe dolce gusto,Electro y Tecno,modelo_producto
9224,4818,olla con colador,Electro y Tecno,categoria_generica
9225,11592,conservadora colombraro 28 litros,Electro y Tecno,categoria_atributo
9226,7159,samsung galaxy s20fe,Electro y Tecno,modelo_producto
9227,1476,lavarropa codini,Electro y Tecno,categoria_generica
9228,11449,quinny zapp xtra 2,Bebes y Niños,modelo_producto
9229,12981,razer hammerhead true wireless pro,Salud y Belleza,modelo_producto
9230,4185,motorola e22i,Electro y Tecno,modelo_producto
9231,6007,camomila intea,Salud y Belleza,categoria_generica
9232,9387,colchon telgo,"Muebles, Hogar y Deco",categoria_generica
9233,11246,luz galaxia,Electro y Tecno,categoria_generica
9234,5802,electrolux jarra cafetera,Electro y Tecno,categoria_marca
9235,11483,estacion de soldado lusqtoff,Electro y Tecno,modelo_producto
9236,8216,robot de cocina gadnic,"Muebles, Hogar y Deco",modelo_producto
9237,8534,caniche de juguete,Bebes y Niños,categoria_generica
9238,1334,giesso 01,Electro y Tecno,categoria_generica
9239,12056,celular motorola g32 pastel,Electro y Tecno,modelo_producto
9240,704,anteojos ray ban,Electro y Tecno,categoria_generica
9241,2238,xiaomi 15c,Electro y Tecno,modelo_producto
9242,5621,juego pop,"Muebles, Hogar y Deco",categoria_generica
9243,2789,televisor tcl 55 pulgadas,Electro y Tecno,categoria_atributo
9244,8608,scott gym,Deporte y Fitness,categoria_generica
9245,661,motorola moto g55,Electro y Tecno,modelo_producto
9246,10660,skmei 9096,Electro y Tecno,categoria_generica
9247,2489,butaca para auto,Autos y Motos,categoria_generica
9248,12326,asus x1502za-ej294w,Electro y Tecno,modelo_producto
9249,10400,lavarropas semiautomatico philco,Electro y Tecno,categoria_marca
9250,11333,masajeador westinghouse,Salud y Belleza,categoria_generica
9251,12228,juguera ken brown,Electro y Tecno,categoria_generica
9252,10952,mochila playstation,Indumentaria y Calzado,categoria_generica
9253,1785,sony wh-ch720n,Electro y Tecno,modelo_producto
9254,12657,zapatillas jelly 47 street,Indumentaria y Calzado,modelo_producto
9255,10955,colchones medidas especiales,"Muebles, Hogar y Deco",categoria_generica
9256,10963,silla ergonómica con apoya brazo ajustable,"Muebles, Hogar y Deco",modelo_producto
9257,10236,reproductor mp3 mp4,Electro y Tecno,categoria_generica
9258,4004,motorola moto buds loop,Electro y Tecno,modelo_producto
9259,9748,juguete venom figura,Bebes y Niños,categoria_generica
9260,5492,audio technica lp120,Electro y Tecno,categoria_generica
9261,11749,electrolux lavarropas pequeños carga superior,Electro y Tecno,modelo_producto
9262,5230,camara oculta wifi,Electro y Tecno,categoria_atributo
9263,5952,pileta inflable rectangular,"Muebles, Hogar y Deco",categoria_generica
9264,1811,rx 7600 xt,Electro y Tecno,categoria_generica
9265,10831,samsung qn55q60aagczb,Electro y Tecno,modelo_producto
9266,5395,botines talle 25 para niños,Bebes y Niños,modelo_producto
9267,5095,vitamina b12 sublingual marcas,Salud y Belleza,modelo_producto
9268,3218,auriculares hp,Electro y Tecno,categoria_marca
9269,6732,soplete brogas,Electro y Tecno,categoria_generica
9270,8893,cortadora de fiambre daewoo,Electro y Tecno,modelo_producto
9271,1697,parches kinoki,Salud y Belleza,categoria_generica
9272,8944,monopatin electrico con suspension,Deporte y Fitness,categoria_atributo
9273,5088,juego ollas sartenes carote 11,"Muebles, Hogar y Deco",modelo_producto
9274,1416,dji mavic 4 pro,Electro y Tecno,modelo_producto
9275,8924,xbox epos h6pro,Electro y Tecno,categoria_generica
9276,1035,metal gear,"Muebles, Hogar y Deco",categoria_generica
9277,10598,liliana am790,Electro y Tecno,modelo_producto
9278,830,dji mic mini,Electro y Tecno,categoria_generica
9279,9696,andador feliz calesita,Bebes y Niños,categoria_generica
9280,2762,lenovo legion 5 pro,Electro y Tecno,modelo_producto
9281,6782,auriculares bluetooth m27 tws power,Electro y Tecno,categoria_atributo
9282,11620,bicicleta color militar,Deporte y Fitness,categoria_generica
9283,6632,huawei matebook 14,Electro y Tecno,categoria_generica
9284,6697,tablet acer,Electro y Tecno,categoria_marca
9285,10095,ray ban blaze round,Electro y Tecno,modelo_producto
9286,1350,sets de cubiertos,"Muebles, Hogar y Deco",categoria_generica
9287,9009,parlantes con consola,Electro y Tecno,categoria_generica
9288,9290,colchon de espuma 2 plazas,"Muebles, Hogar y Deco",modelo_producto
9289,4477,masajeador cervical,Salud y Belleza,categoria_generica
9290,3462,whirlpool combo anafe y horno a gas,Electro y Tecno,modelo_producto
9291,5276,systel croma,Electro y Tecno,categoria_generica
9292,835,aro de luz con tripode,Electro y Tecno,modelo_producto
9293,8214,reposera cama plegable,"Muebles, Hogar y Deco",categoria_atributo
9294,7339,riñonera everlast hombre,Indumentaria y Calzado,categoria_generica
9295,7675,cafetera dolce gusto genio 2,Electro y Tecno,modelo_producto
9296,524,macbook air m1,Electro y Tecno,categoria_generica
9297,5984,tubo hexagonal,"Muebles, Hogar y Deco",categoria_generica
9298,10559,tocadiscos electrico,Electro y Tecno,categoria_atributo
9299,4117,anafe florencia a gas,Electro y Tecno,modelo_producto
9300,1780,philips cafetera saeco,Electro y Tecno,categoria_marca
9301,353,camas elasticas,Bebes y Niños,categoria_generica
9302,10612,seagate xbox,Electro y Tecno,categoria_generica
9303,1968,cinta de capitan futbol,Deporte y Fitness,modelo_producto
9304,6930,juguete nerf de fortnite,Bebes y Niños,modelo_producto
9305,6033,bolso jean paul gaultier,Salud y Belleza,modelo_producto
9306,4174,tablet a9 samsung,Electro y Tecno,modelo_producto
9307,3725,placard 4 puertas 2 cajones,"Muebles, Hogar y Deco",modelo_producto
9308,9129,campana torta,Electro y Tecno,categoria_generica
9309,9495,humidificador eco think,Salud y Belleza,categoria_generica
9310,1171,humidificador gadnic,Salud y Belleza,categoria_marca
9311,6835,cambiador con bañera,"Muebles, Hogar y Deco",categoria_generica
9312,3388,control de aire acondicionado philco,Electro y Tecno,modelo_producto
9313,10504,mouse logitech ergonomico,Electro y Tecno,categoria_generica
9314,11042,stanley master series,"Muebles, Hogar y Deco",categoria_marca
9315,298,motorola g55,Electro y Tecno,modelo_producto
9316,3639,camara olympus,Electro y Tecno,categoria_generica
9317,4316,chromecast,Electro y Tecno,modelo_producto
9318,2867,secarropas philco,Electro y Tecno,categoria_marca
9319,4570,sillas plegables,Deporte y Fitness,categoria_generica
9320,3089,tv rca 40 pulgadas,Electro y Tecno,categoria_atributo
9321,12872,sealy woods espuma,"Muebles, Hogar y Deco",categoria_generica
9322,9189,maquina de chicles,Electro y Tecno,categoria_generica
9323,7762,hp pavilion x360 i5,Electro y Tecno,modelo_producto
9324,4981,vanitory 80 cm con bacha,"Muebles, Hogar y Deco",modelo_producto
9325,11398,juegos de plazas,Bebes y Niños,categoria_generica
9326,12256,sopapa para receptaculo de ducha,Electro y Tecno,modelo_producto
9327,7909,agua micelar hipoalergenica,Electro y Tecno,categoria_generica
9328,9527,panquequera carol,Salud y Belleza,categoria_generica
9329,6634,samsung odyssey g5,Electro y Tecno,modelo_producto
9330,2512,parlantes monovolumen,Electro y Tecno,categoria_generica
9331,232,lampara de sal,"Muebles, Hogar y Deco",categoria_generica
9332,21,motorola edge 40 pro,Electro y Tecno,modelo_producto
9333,3679,consola potenciada,Electro y Tecno,categoria_generica
9334,8101,longvie lavasecarropas,Electro y Tecno,categoria_marca
9335,2038,freidora de aire suono,Electro y Tecno,modelo_producto
9336,5450,smart tek ava mini,Electro y Tecno,categoria_atributo
9337,8089,notebook aiwa,Electro y Tecno,categoria_generica
9338,8426,muñeca monster high lagoona blue,Bebes y Niños,modelo_producto
9339,7595,cepillo alisador gama innova mini,Salud y Belleza,modelo_producto
9340,11016,colchon meyer 1 plaza,"Muebles, Hogar y Deco",modelo_producto
9341,878,calefon orbis a botonera,Electro y Tecno,modelo_producto
9342,1087,zapatillas atomik niño,Indumentaria y Calzado,categoria_generica
9343,1034,carpa inflable,"Muebles, Hogar y Deco",categoria_generica
9344,3954,camaras y video camaras,Electro y Tecno,categoria_generica
9345,8977,dell inspiron 3421,Electro y Tecno,modelo_producto
9346,4514,drones y helicopteros a control remoto,Bebes y Niños,categoria_generica
9347,8342,bvlgari rain essence,Salud y Belleza,categoria_generica
9348,2363,lenovo tab p12,Electro y Tecno,modelo_producto
9349,1718,bicicleta olmo rodado 29,Deporte y Fitness,categoria_atributo
9350,12166,botella thermos infantil,Electro y Tecno,categoria_generica
9351,3491,heladera doble puerta medidas,Electro y Tecno,modelo_producto
9352,3673,notebook philco,Electro y Tecno,categoria_marca
9353,8281,escalera banqueta,"Muebles, Hogar y Deco",categoria_generica
9354,4535,aire acondicionado sigma,Electro y Tecno,categoria_generica
9355,173,baterias para autos,Autos y Motos,categoria_generica
9356,5423,bolsa de dormir,Deporte y Fitness,categoria_generica
9357,2042,máquina para hacer palomitas,Electro y Tecno,modelo_producto
9358,9615,aire acondicionado de 15000 frigorías,Electro y Tecno,categoria_atributo
9359,5932,alfombra para silla de escritorio,"Muebles, Hogar y Deco",modelo_producto
9360,6771,huevo de unicornio,Electro y Tecno,categoria_generica
9361,944,ventilador de pie liliana,Electro y Tecno,modelo_producto
9362,1870,astro bot,Electro y Tecno,categoria_generica
9363,12932,sifon pileta,"Muebles, Hogar y Deco",categoria_generica
9364,11792,aspiradora robot daewoo delta black,Electro y Tecno,modelo_producto
9365,210,humidificadores y aromatizadores,Salud y Belleza,categoria_generica
9366,10655,atril para tablet,Electro y Tecno,categoria_generica
9367,6964,muñeca barbie patinadora,Bebes y Niños,categoria_generica
9368,12268,hp 651a toner,Electro y Tecno,modelo_producto
9369,3208,caloventor bgh,Electro y Tecno,categoria_marca
9370,2838,hp hoyadora a explosion,Electro y Tecno,modelo_producto
9371,7127,freezer vertical hisense,Electro y Tecno,categoria_generica
9372,12647,zapatilla fila atmosphere hombre,Indumentaria y Calzado,modelo_producto
9373,5067,inodoro veneto,"Muebles, Hogar y Deco",categoria_generica
9374,5022,vaso de whisky cristal,"Muebles, Hogar y Deco",modelo_producto
9375,1195,lenovo tablet 10 pulgadas,Electro y Tecno,modelo_producto
9376,6451,juguete despensero de una puerta,Bebes y Niños,modelo_producto
9377,5640,revlon super lustrous glass shine,Salud y Belleza,modelo_producto
9378,9976,horno electrico yelmo 70 litros,Electro y Tecno,categoria_atributo
9379,5222,tcl 50 qled,Electro y Tecno,categoria_generica
9380,679,xiaomi 17,Electro y Tecno,modelo_producto
9381,5265,horno turboblender,Electro y Tecno,categoria_generica
9382,9924,vaporizador de ropa electrolux expert egs20,Electro y Tecno,modelo_producto
9383,6916,carpa autoarmable 4 personas,Deporte y Fitness,modelo_producto
9384,8375,depiladora remington,Salud y Belleza,categoria_generica
9385,3599,godeco activa,Electro y Tecno,categoria_generica
9386,7631,short futbol,Indumentaria y Calzado,categoria_generica
9387,3661,sarten de cobre,"Muebles, Hogar y Deco",categoria_generica
9388,7266,notebook lg,Electro y Tecno,categoria_marca
9389,11698,rallador eléctrico atma 94reat21p 4 cuchillas,Electro y Tecno,modelo_producto
9390,28,juguetes y juegos,Bebes y Niños,categoria_generica
9391,6735,niple de agua,Electro y Tecno,categoria_generica
9392,7067,dji osmo action 3,Electro y Tecno,modelo_producto
9393,10902,inodoro y bidet roca the gap,"Muebles, Hogar y Deco",modelo_producto
9394,6995,alisado alfaparf,Deporte y Fitness,categoria_generica
9395,9889,botellas de tinta,Electro y Tecno,categoria_generica
9396,8627,atornillador bosch gsr 1000 smart,Electro y Tecno,categoria_atributo
9397,4624,whirlpool heladera 60 cm ancho,Electro y Tecno,modelo_producto
9398,7231,sarten de granito,"Muebles, Hogar y Deco",categoria_generica
9399,7197,estufa a cuarzo vertical,Electro y Tecno,modelo_producto
9400,1008,galaxy a17,Electro y Tecno,categoria_generica
9401,7659,lavarropas drean 7 kg 900 rpm,Electro y Tecno,modelo_producto
9402,7947,cable usb motorola,Electro y Tecno,categoria_marca
9403,2070,qcy auriculares,Electro y Tecno,categoria_generica
9404,472,cortadora de pelo,Salud y Belleza,categoria_generica
9405,10404,samsung funda s23+,Electro y Tecno,modelo_producto
9406,7425,acolchado de river,"Muebles, Hogar y Deco",categoria_generica
9407,740,ipad 11,Electro y Tecno,categoria_generica
9408,10981,manguera extensible 15 metros,"Muebles, Hogar y Deco",modelo_producto
9409,8704,lenovo ideapad 3 15iil05,Electro y Tecno,modelo_producto
9410,9770,araña juguete,Bebes y Niños,categoria_generica
9411,5988,puchinball,Bebes y Niños,modelo_producto
9412,5370,afeitadora philips serie 9000,Salud y Belleza,modelo_producto
9413,2592,proyector android,Electro y Tecno,categoria_generica
9414,815,lavarropas inverter,Electro y Tecno,categoria_atributo
9415,3160,motorola moto e4,Electro y Tecno,modelo_producto
9416,8930,martillo demoledor lusqtoff,Electro y Tecno,categoria_generica
9417,1683,despolvillador de yerba,"Muebles, Hogar y Deco",categoria_generica
9418,7006,lavarropa drean concept fuzzy logic tech v1,Electro y Tecno,modelo_producto
9419,4727,sony camara filmadora,Electro y Tecno,categoria_marca
9420,9202,kit mijuki notebook 4490tk 3,Electro y Tecno,modelo_producto
9421,4849,parlante kazz,Electro y Tecno,categoria_generica
9422,9499,revlon glass shine,Salud y Belleza,categoria_generica
9423,6070,conservadora coleman plegable,Deporte y Fitness,categoria_atributo
9424,7353,sombrillas,"Muebles, Hogar y Deco",modelo_producto
9425,1450,kit camaras de seguridad,Electro y Tecno,modelo_producto
9426,7226,huawei echolife,Electro y Tecno,categoria_generica
9427,5141,juguete carpa estructural,Deporte y Fitness,categoria_generica
9428,4446,juego ps3,"Muebles, Hogar y Deco",categoria_generica
9429,12688,lunchera skip hop,Indumentaria y Calzado,categoria_generica
9430,11712,lenovo ideapad gaming 3 gen 6,Electro y Tecno,modelo_producto
9431,1273,parlantes,Electro y Tecno,categoria_generica
9432,8513,muñeca baby alive,Bebes y Niños,categoria_generica
9433,8781,proyector con wifi y bluetooth,Electro y Tecno,categoria_atributo
9434,985,iphone 16 teal,Electro y Tecno,modelo_producto
9435,11389,cierre centralizado para autos,Autos y Motos,modelo_producto
9436,1700,perfume arabe aether extrait 100ml,Salud y Belleza,categoria_atributo
9437,1298,honda bross 125,Electro y Tecno,categoria_generica
9438,10283,jbl race tws,Electro y Tecno,categoria_marca
9439,10894,fibron marcadores profesionales x12 colores,Electro y Tecno,modelo_producto
9440,10374,griferia monocomando ducha,"Muebles, Hogar y Deco",categoria_generica
9441,461,aula f75,Electro y Tecno,categoria_generica
9442,9893,xiaomi mi robot vacuum-mop 2 lite,Electro y Tecno,modelo_producto
9443,13041,perlavita colageno,Salud y Belleza,categoria_generica
9444,12723,divan cama 1 1/2 plaza,"Muebles, Hogar y Deco",modelo_producto
9445,5882,flotante de agua,Electro y Tecno,categoria_generica
9446,1983,samsung galaxy tab s6 lite,Electro y Tecno,modelo_producto
9447,11516,juguete chupete para manguera,Bebes y Niños,modelo_producto
9448,13058,alflorex,Salud y Belleza,modelo_producto
9449,1996,poco m7 pro 5g,Electro y Tecno,modelo_producto
9450,5512,camara nikon coolpix,Electro y Tecno,categoria_generica
9451,2962,jabonera para baño,"Muebles, Hogar y Deco",categoria_generica
9452,1427,pistola de agua electrica,Electro y Tecno,categoria_atributo
9453,888,freidora peabody,Electro y Tecno,categoria_marca
9454,581,motorola moto e5 plus,Electro y Tecno,modelo_producto
9455,10384,bicicleta electrica philco,Deporte y Fitness,categoria_marca
9456,11159,juego friends,Bebes y Niños,categoria_generica
9457,4892,logitech streamcam,Electro y Tecno,categoria_generica
9458,9970,fila trend 2.0 mujer,Electro y Tecno,modelo_producto
9459,9636,juguete pioneer radio,Autos y Motos,categoria_generica
9460,643,refresh tears,Electro y Tecno,categoria_generica
9461,2263,placards,"Muebles, Hogar y Deco",modelo_producto
9462,11348,minoxidil (rogaine).,Salud y Belleza,categoria_generica
9463,873,soldadora mig sin gas,Electro y Tecno,modelo_producto
9464,9435,cama orlandi,"Muebles, Hogar y Deco",categoria_generica
9465,7367,termo 1/2 litro,"Muebles, Hogar y Deco",categoria_atributo
9466,4239,fundidor de cera,Electro y Tecno,categoria_generica
9467,4597,conservadora vintage,Deporte y Fitness,categoria_generica
9468,7966,lenovo xt80,Electro y Tecno,modelo_producto
9469,5704,pelota de voley molten,Deporte y Fitness,modelo_producto
9470,3511,capsulas recargables nespresso,Electro y Tecno,categoria_generica
9471,6574,mochila porta notebook hombre,Electro y Tecno,modelo_producto
9472,9897,taladro atornillador percutor lusqtoff inalambrico 2 bat,Electro y Tecno,categoria_atributo
9473,10284,lavarropas gafa fuzzy,Electro y Tecno,categoria_marca
9474,8207,vaso copon rigolleau,"Muebles, Hogar y Deco",categoria_generica
9475,758,samsung smart tv 50 pulgadas,Electro y Tecno,modelo_producto
9476,584,wave nf,Electro y Tecno,categoria_generica
9477,8151,valija mediana,Indumentaria y Calzado,categoria_generica
9478,2310,juguete mamadera nuk,Bebes y Niños,categoria_generica
9479,1413,freidora de aire kanji home,Electro y Tecno,modelo_producto
9480,12724,cama cucheta triple platinum 954 manual,"Muebles, Hogar y Deco",modelo_producto
9481,12189,piazza accesorios baño,Electro y Tecno,categoria_generica
9482,6420,biotina y colageno,Salud y Belleza,categoria_generica
9483,7808,secarropas electrolux eseb6,Electro y Tecno,modelo_producto
9484,984,galaxy tab s10,Electro y Tecno,categoria_generica
9485,11175,bomba para barrefondo,"Muebles, Hogar y Deco",categoria_generica
9486,3689,proyector,Electro y Tecno,modelo_producto
9487,11420,muñecas na na na surprise,Bebes y Niños,modelo_producto
9488,11377,colorfix,Salud y Belleza,modelo_producto
9489,4199,alacena para microondas,Electro y Tecno,categoria_generica
9490,801,samsung grand prime,Electro y Tecno,categoria_marca
9491,544,iphone se 2022,Electro y Tecno,modelo_producto
9492,12329,conservadora heladera portatil,Electro y Tecno,categoria_atributo
9493,7917,tv admiral 43,Electro y Tecno,categoria_generica
9494,2539,heladera kohinoor freezer abajo,Electro y Tecno,modelo_producto
9495,9208,zapatillas fila niños con abrojo,Indumentaria y Calzado,modelo_producto
9496,12926,pacha ibiza,"Muebles, Hogar y Deco",categoria_generica
9497,1952,mesa de vidrio rectangular,"Muebles, Hogar y Deco",modelo_producto
9498,10731,disco gimnasio,Electro y Tecno,categoria_generica
9499,5451,hp pavilion 15 laptop,Electro y Tecno,modelo_producto
9500,9676,gamo black bear,Bebes y Niños,categoria_generica
9501,505,nebulizador aspen,Salud y Belleza,categoria_generica
9502,7175,motorola tv 50,Electro y Tecno,modelo_producto
9503,9136,auriculares monoaurales,Electro y Tecno,categoria_generica
9504,11650,kit hidroponico,Deporte y Fitness,categoria_generica
9505,5163,estante plegable,Deporte y Fitness,categoria_atributo
9506,950,iphone air,Electro y Tecno,categoria_marca
9507,7818,lenovo legion 5i,Electro y Tecno,modelo_producto
9508,10295,steelseries aerox 3,Electro y Tecno,categoria_generica
9509,3289,mesas y racks para tv,"Muebles, Hogar y Deco",categoria_generica
9510,11083,cocina electrica brolux,Electro y Tecno,categoria_atributo
9511,7760,monitor samsung 27 curvo,Electro y Tecno,modelo_producto
9512,9025,foxbox run,Electro y Tecno,categoria_generica
9513,2269,cama box 1 plaza,"Muebles, Hogar y Deco",modelo_producto
9514,4131,dispenser de vidrio con canilla,Electro y Tecno,modelo_producto
9515,3166,estufa garrafera coppens,Electro y Tecno,categoria_generica
9516,9953,licuadora kanji home 2 en 1,Electro y Tecno,modelo_producto
9517,11253,tetera termo,"Muebles, Hogar y Deco",categoria_generica
9518,3706,valija wilson,Indumentaria y Calzado,categoria_generica
9519,10838,planchita ultracomb,Salud y Belleza,categoria_generica
9520,4568,juguete aerochamber,Bebes y Niños,categoria_generica
9521,5866,anafe induccion,Electro y Tecno,categoria_generica
9522,99,microsoft xbox series s,Electro y Tecno,modelo_producto
9523,178,auriculares samsung,Electro y Tecno,categoria_marca
9524,3868,perro de toy story,Bebes y Niños,modelo_producto
9525,2996,plancha a vapor vertical,Salud y Belleza,modelo_producto
9526,1277,radios,Electro y Tecno,modelo_producto
9527,7998,echo pop,Electro y Tecno,categoria_generica
9528,7113,radio a pilas y electrica,Electro y Tecno,categoria_atributo
9529,5920,colchones,"Muebles, Hogar y Deco",categoria_generica
9530,11784,bangho bes pro t5 i7,Electro y Tecno,modelo_producto
9531,9003,disco hdd,Electro y Tecno,categoria_generica
9532,268,pileta lona pelopincho 1000lts 185,"Muebles, Hogar y Deco",modelo_producto
9533,10478,sony mhc v83d,Electro y Tecno,modelo_producto
9534,8865,parlante torre aiwa,Electro y Tecno,categoria_generica
9535,4320,bolsa para lavar zapatillas en lavarropas,Electro y Tecno,modelo_producto
9536,11317,christian dior fahrenheit,Salud y Belleza,categoria_generica
9537,4868,galaxy s10e,Electro y Tecno,categoria_generica
9538,12104,aspiradora liliana allclean,Electro y Tecno,categoria_marca
9539,6201,sarten doble tramontina,"Muebles, Hogar y Deco",categoria_generica
9540,10306,max you s3,Deporte y Fitness,categoria_generica
9541,11788,celular galaxy m23 5g ds,Electro y Tecno,modelo_producto
9542,9735,bebote yoly bell,Bebes y Niños,categoria_generica
9543,257,lavarropas semiautomatico,Electro y Tecno,categoria_generica
9544,599,paquete microsoft office 365,Electro y Tecno,modelo_producto
9545,1433,mini impresora portatil,Electro y Tecno,categoria_atributo
9546,6324,mochila de 30 litros,Indumentaria y Calzado,categoria_atributo
9547,12831,bacha johnson con dosificador,"Muebles, Hogar y Deco",modelo_producto
9548,1795,aspiradora robot trapeadora,Electro y Tecno,categoria_generica
9549,458,lg k41s,Electro y Tecno,modelo_producto
9550,8550,cinta que brilla en la oscuridad,Deporte y Fitness,modelo_producto
9551,6377,carpa baño,"Muebles, Hogar y Deco",categoria_generica
9552,4046,ray ban lentes de sol,Electro y Tecno,modelo_producto
9553,9194,tinte para barba,Electro y Tecno,categoria_generica
9554,3150,iphone dji microfono,Electro y Tecno,categoria_marca
9555,1579,dell latitude 5420,Electro y Tecno,modelo_producto
9556,10318,parlante winco w219,Electro y Tecno,categoria_generica
9557,9542,weekend burberry,Salud y Belleza,categoria_generica
9558,9595,juguete punching ball infantil,Bebes y Niños,modelo_producto
9559,9473,secador de pelo gama vento,Salud y Belleza,modelo_producto
9560,10341,cartucho hp 664,Electro y Tecno,modelo_producto
9561,7404,johnson luxor si85,"Muebles, Hogar y Deco",categoria_generica
9562,4910,lapiz optico,Electro y Tecno,categoria_generica
9563,9566,lamborghini veneno,Autos y Motos,categoria_generica
9564,3021,juguete muñeco messi,Bebes y Niños,categoria_generica
9565,8143,valija juliana tatuajes,Indumentaria y Calzado,categoria_generica
9566,106,motorola edge 50,Electro y Tecno,modelo_producto
9567,5003,respaldo plaza y media,"Muebles, Hogar y Deco",modelo_producto
9568,10237,aireador de vino electrico,Electro y Tecno,categoria_atributo
9569,917,hornos de pan,Electro y Tecno,categoria_generica
9570,4653,horno eléctrico atma grill,Electro y Tecno,modelo_producto
9571,774,reloj despertador,Electro y Tecno,categoria_generica
9572,11716,ventilador liliana orbital 20 pulgadas,Electro y Tecno,modelo_producto
9573,12892,inducol davos,"Muebles, Hogar y Deco",categoria_generica
9574,358,pava electrica atma,Electro y Tecno,categoria_marca
9575,5815,philco radiograbador con cd,Electro y Tecno,modelo_producto
9576,4809,lavarropas mabe,Electro y Tecno,categoria_generica
9577,3052,manubrio de bicicleta,Deporte y Fitness,categoria_generica
9578,11298,collector's edition,Salud y Belleza,categoria_generica
9579,3174,cortadora de césped naftera,Electro y Tecno,modelo_producto
9580,2086,nikon d5300,Electro y Tecno,categoria_generica
9581,852,edredones,"Muebles, Hogar y Deco",modelo_producto
9582,7602,bicicleta fija spinning profesional,Deporte y Fitness,categoria_atributo
9583,1161,inodoro para discapacitados,"Muebles, Hogar y Deco",categoria_generica
9584,4620,estufa volcan tiro balanceado 3800,Electro y Tecno,modelo_producto
9585,10534,freezer 460 litros,Electro y Tecno,categoria_atributo
9586,6970,muñeco ksimerito,Bebes y Niños,categoria_generica
9587,293,e books y e readers,Electro y Tecno,categoria_generica
9588,2745,abrelatas,Electro y Tecno,modelo_producto
9589,12828,termo stanley nightfall,"Muebles, Hogar y Deco",categoria_marca
9590,4803,calefactor philco,Electro y Tecno,categoria_marca
9591,5259,nintendo zelda wii,Electro y Tecno,categoria_generica
9592,1205,redmi watch 5,Electro y Tecno,modelo_producto
9593,6833,ghost nordelta,"Muebles, Hogar y Deco",categoria_generica
9594,10742,parlante admiral,Electro y Tecno,categoria_generica
9595,4119,ventilador de pared liliana,Electro y Tecno,modelo_producto
9596,8469,juguete reposera para niños,Bebes y Niños,modelo_producto
9597,8326,lalique white in black,Salud y Belleza,modelo_producto
9598,5098,loreal vitamina c,Salud y Belleza,categoria_generica
9599,7364,ropero de melamina 4 puertas,"Muebles, Hogar y Deco",modelo_producto
9600,6262,aspiradora sanyo,Electro y Tecno,categoria_generica
9601,8714,midnight fantasy britney spears,Electro y Tecno,modelo_producto
9602,10034,samsung galaxy s21 fe,Electro y Tecno,modelo_producto
9603,9910,termotanque electrico energy safe 50 litros,Electro y Tecno,categoria_atributo
9604,4067,lavarropas patriot 515,Electro y Tecno,categoria_generica
9605,648,almohada viscoelastica,"Muebles, Hogar y Deco",categoria_generica
9606,10689,motorola con parlante,Electro y Tecno,categoria_marca
9607,9674,lego hidden side,Bebes y Niños,categoria_generica
9608,4059,sony dualshock 4,Electro y Tecno,modelo_producto
9609,3282,mochila wanderlust,Indumentaria y Calzado,categoria_generica
9610,5173,soportes para microondas,Electro y Tecno,categoria_generica
9611,7868,extractor de tornillos cortados,Electro y Tecno,modelo_producto
9612,3252,microondas chico,Electro y Tecno,categoria_generica
9613,8586,farol coleman,Deporte y Fitness,categoria_generica
9614,3092,heladera siam bajo mesada,Electro y Tecno,modelo_producto
9615,5121,masajeador wolke,Salud y Belleza,categoria_generica
9616,12655,zapatillas 47 street kylah,Indumentaria y Calzado,modelo_producto
9617,6388,practicuna con colchon,"Muebles, Hogar y Deco",categoria_generica
9618,11123,termo de acero con manija,"Muebles, Hogar y Deco",modelo_producto
9619,1731,memorias usb,Electro y Tecno,categoria_generica
9620,11940,acer nitro 5 i5,Electro y Tecno,modelo_producto
9621,4859,soporte amoladora,Electro y Tecno,categoria_generica
9622,10320,parrilla electrica daewoo,Electro y Tecno,categoria_atributo
9623,2543,lavavajillas whirlpool 10 cubiertos,Electro y Tecno,modelo_producto
9624,2912,mouse apple,Electro y Tecno,categoria_marca
9625,8796,aspiradora de mano daewoo,Electro y Tecno,modelo_producto
9626,4820,waflera disney,Electro y Tecno,categoria_generica
9627,12903,keter easy,"Muebles, Hogar y Deco",categoria_generica
9628,7547,lovevery play gym,Bebes y Niños,categoria_generica
9629,8223,pileta de 2000 litros,"Muebles, Hogar y Deco",categoria_atributo
9630,1482,chopera,Electro y Tecno,modelo_producto
9631,9033,multiplicador usb,Electro y Tecno,categoria_generica
9632,1042,overtech,Deporte y Fitness,modelo_producto
9633,9628,porta macetas de hierro para colgar,Bebes y Niños,modelo_producto
9634,9547,brylcreem,Salud y Belleza,modelo_producto
9635,4992,canilla para bacha de cocina,"Muebles, Hogar y Deco",modelo_producto
9636,146,perfumes para mujer,Salud y Belleza,categoria_generica
9637,908,plancha philips,Salud y Belleza,categoria_marca
9638,12275,sony ht rt3,Electro y Tecno,modelo_producto
9639,3653,batidora yelmo,Electro y Tecno,categoria_generica
9640,2970,blocky house,"Muebles, Hogar y Deco",categoria_generica
9641,2662,cocina electrolux 56dxq,Electro y Tecno,modelo_producto
9642,3240,sony walkman,Electro y Tecno,categoria_marca
9643,12167,iron 100 lusqtoff,Electro y Tecno,categoria_generica
9644,5773,pava electrica westinghouse,Electro y Tecno,categoria_atributo
9645,1545,lavarropas samsung 6.5 kg,Electro y Tecno,modelo_producto
9646,3177,impresora epson l3150,Electro y Tecno,categoria_generica
9647,3270,acquapiu,Electro y Tecno,modelo_producto
9648,6357,sillon 3 cuerpos,"Muebles, Hogar y Deco",categoria_generica
9649,7623,mini compresor lusqtoff,Deporte y Fitness,categoria_generica
9650,2036,figura transformers bumblebee,Electro y Tecno,categoria_generica
9651,12176,ventilador de techo laftdren,Electro y Tecno,modelo_producto
9652,9642,apevtech 16 bits,Bebes y Niños,categoria_generica
9653,5329,vaso termico con sensor de temperatura,"Muebles, Hogar y Deco",modelo_producto
9654,4936,mochilas para niños,Indumentaria y Calzado,categoria_generica
9655,2481,xs perfume,Salud y Belleza,categoria_generica
9656,4672,drean next 7.09,Electro y Tecno,modelo_producto
9657,12477,noga aqua,Electro y Tecno,categoria_generica
9658,1602,caloventor liliana,Electro y Tecno,categoria_marca
9659,4030,heladera drean 397 litros,Electro y Tecno,modelo_producto
9660,3244,pochoclera yelmo,Electro y Tecno,categoria_generica
9661,6137,tablet kanji 10 pulgadas,Electro y Tecno,categoria_atributo
9662,1661,carritos para compras,"Muebles, Hogar y Deco",categoria_generica
9663,1183,bicicleta rodado 29 firebird,Deporte y Fitness,categoria_atributo
9664,12125,licuadora electrolux bll19,Electro y Tecno,modelo_producto
9665,2045,zte blade a34,Electro y Tecno,categoria_generica
9666,5743,xiaomi smart band 7,Electro y Tecno,modelo_producto
9667,5385,transportador de mascotas,Autos y Motos,categoria_generica
9668,3348,saltarin,"Muebles, Hogar y Deco",modelo_producto
9669,4112,faja ballenada lumbar,Electro y Tecno,categoria_generica
9670,9672,juguete mesa para playa,Bebes y Niños,modelo_producto
9671,11262,secador de pelo bellissima k9 2300,Salud y Belleza,modelo_producto
9672,5235,trípode para celular con luz,Electro y Tecno,modelo_producto
9673,4564,juguete platos rigolleau,"Muebles, Hogar y Deco",categoria_generica
9674,3900,juguete cybex beezy,Bebes y Niños,categoria_generica
9675,11349,shaghaf oud,Salud y Belleza,categoria_generica
9676,12411,curcuma concentrada,Electro y Tecno,categoria_generica
9677,11925,licuadora peabody jarra de vidrio,Electro y Tecno,modelo_producto
9678,6278,philips amasadora,Electro y Tecno,categoria_marca
9679,7052,lenovo ideapad s340-14api,Electro y Tecno,modelo_producto
9680,5284,air free,Electro y Tecno,categoria_generica
9681,585,inflador portatil,Electro y Tecno,categoria_atributo
9682,12489,dell 6mf7h,Electro y Tecno,modelo_producto
9683,2955,termo 500 ml,"Muebles, Hogar y Deco",categoria_generica
9684,4781,reloj digital despertador,Electro y Tecno,categoria_generica
9685,9265,bacha johnson luxor si55,"Muebles, Hogar y Deco",modelo_producto
9686,8746,tcl tab 10 lite,Electro y Tecno,modelo_producto
9687,9403,dona inflable,Deporte y Fitness,categoria_generica
9688,12395,celular ruggear,Electro y Tecno,categoria_generica
9689,8992,extractor de aire hydra,Electro y Tecno,modelo_producto
9690,7297,cava electrolux,Electro y Tecno,categoria_marca
9691,6184,bandeja audio technica,Electro y Tecno,categoria_generica
9692,1690,paquete animal pak,Salud y Belleza,categoria_generica
9693,7430,cuchillo pescado,"Muebles, Hogar y Deco",categoria_generica
9694,10879,teclado multimedia virfour ve mom9,Electro y Tecno,modelo_producto
9695,7538,juguete graco citilite,Bebes y Niños,categoria_generica
9696,5774,canon pixma g3110,Electro y Tecno,categoria_generica
9697,4948,zapatillas kevingston hombre,Indumentaria y Calzado,categoria_generica
9698,6105,pava eléctrica peabody digital,Electro y Tecno,modelo_producto
9699,6959,compresor de aire inalambrico,Electro y Tecno,categoria_atributo
9700,7835,aspiradora robot yelmo,Electro y Tecno,categoria_generica
9701,9994,filtro carbon activado spar,Electro y Tecno,modelo_producto
9702,10912,juego de inodoro con mochila y bidet,"Muebles, Hogar y Deco",modelo_producto
9703,11184,juego de terrajas,"Muebles, Hogar y Deco",categoria_generica
9704,4671,tv lg 42 pulgadas,Electro y Tecno,modelo_producto
9705,12561,bordeadora eiffel,Electro y Tecno,categoria_generica
9706,9692,juguete hacha de hierro,Bebes y Niños,modelo_producto
9707,11266,arencia vitamin c booster shot,Salud y Belleza,modelo_producto
9708,6207,corta barba philco,Electro y Tecno,categoria_marca
9709,3514,barra de sonido tcl,Electro y Tecno,modelo_producto
9710,10624,q20 celular,Electro y Tecno,categoria_generica
9711,1929,perfume hombre importado,Salud y Belleza,categoria_generica
9712,10495,cable de audio digital,Electro y Tecno,modelo_producto
9713,8584,bolsa de boxeo y guantes,Deporte y Fitness,modelo_producto
9714,6620,freezer neba f250,Electro y Tecno,categoria_generica
9715,6389,sillon ecocuero,"Muebles, Hogar y Deco",categoria_generica
9716,9671,muñeco carpa spiderman,Bebes y Niños,categoria_generica
9717,11484,mesa para smart tv,Electro y Tecno,categoria_atributo
9718,3116,cava de vinos 12 botellas,Electro y Tecno,modelo_producto
9719,5283,ge road,Electro y Tecno,categoria_generica
9720,9249,colchon king koil 180 x 200,"Muebles, Hogar y Deco",modelo_producto
9721,4529,juguete control para tv,Electro y Tecno,modelo_producto
9722,9816,patines street runner,Deporte y Fitness,categoria_generica
9723,4225,tostadora digital,Electro y Tecno,categoria_generica
9724,1084,vaporiera,Electro y Tecno,modelo_producto
9725,1762,motomel s2 150 full,Autos y Motos,modelo_producto
9726,8848,home theater philco,Electro y Tecno,categoria_marca
9727,1014,especiero giratorio,"Muebles, Hogar y Deco",categoria_generica
9728,131,motorola moto e13,Electro y Tecno,modelo_producto
9729,10430,sierra circular gamma,Electro y Tecno,categoria_generica
9730,911,odyssey homme,Salud y Belleza,categoria_generica
9731,7500,bateria samsung a32,Electro y Tecno,modelo_producto
9732,3680,epson l3110,Electro y Tecno,categoria_generica
9733,4794,calefactor electrico de pared,Electro y Tecno,categoria_atributo
9734,7944,cafetera nespresso con aeroccino,Electro y Tecno,modelo_producto
9735,8140,mochila de river plate,Indumentaria y Calzado,modelo_producto
9736,2448,baterias de cocina y ollas,"Muebles, Hogar y Deco",categoria_generica
9737,11044,juego de la vida los simpsons,"Muebles, Hogar y Deco",modelo_producto
9738,1384,juguete rompecabezas 3d,Bebes y Niños,categoria_generica
9739,4924,agujereadora de pie,Electro y Tecno,categoria_generica
9740,8539,conservadora garden life 34 litros,Deporte y Fitness,categoria_atributo
9741,7798,ventilador de pie protalia,Electro y Tecno,modelo_producto
9742,2649,mochila militar,Indumentaria y Calzado,categoria_generica
9743,9094,hp chromebook,Electro y Tecno,categoria_marca
9744,5394,consola de juegos retro para tv,Bebes y Niños,modelo_producto
9745,5094,afeitadora philips serie 7000,Salud y Belleza,modelo_producto
9746,1612,soplete para pintar,Electro y Tecno,categoria_generica
9747,3493,apple watch series 11,Electro y Tecno,modelo_producto
9748,337,bandoleras mujer,Electro y Tecno,categoria_generica
9749,9401,banquito escalera,"Muebles, Hogar y Deco",categoria_generica
9750,9068,samsung rb31,Electro y Tecno,modelo_producto
9751,3817,metilcobalamina b12 sublingual,Salud y Belleza,categoria_generica
9752,8043,moto g32,Electro y Tecno,categoria_generica
9753,11776,xiaomi redmi note 10 5g,Electro y Tecno,modelo_producto
9754,11258,ergonometrica,"Muebles, Hogar y Deco",modelo_producto
9755,5260,tcl 98 pulgadas,Electro y Tecno,categoria_atributo
9756,11725,motorola funda moto e7i power,Electro y Tecno,modelo_producto
9757,9072,minicomponente sanyo,Electro y Tecno,categoria_generica
9758,1159,mascara led facial,"Muebles, Hogar y Deco",categoria_generica
9759,4258,moulinex picadora,Electro y Tecno,categoria_marca
9760,6061,juguete monopatin,Bebes y Niños,categoria_generica
9761,3500,libro el hombre en busca de sentido,Electro y Tecno,modelo_producto
9762,9825,bicicleta frozen 16,Deporte y Fitness,categoria_generica
9763,8967,teclado low profile,Electro y Tecno,categoria_generica
9764,12045,parlante bomber party 800,Electro y Tecno,modelo_producto
9765,4209,alcatel 5h,Electro y Tecno,categoria_generica
9766,2590,disco flap para madera,Electro y Tecno,modelo_producto
9767,4478,electrodos gluteos,Salud y Belleza,categoria_generica
9768,5623,colchón de agua,"Muebles, Hogar y Deco",categoria_generica
9769,10798,shop vac,Electro y Tecno,categoria_generica
9770,9575,bateria daewoo,Autos y Motos,categoria_generica
9771,6808,placard de melamina 4 puertas,"Muebles, Hogar y Deco",modelo_producto
9772,8676,aire acondicionado portatil electrolux,Electro y Tecno,modelo_producto
9773,3114,pava electrica con regulador de temperatura,Electro y Tecno,categoria_atributo
9774,10750,calefon compacto,Electro y Tecno,categoria_generica
9775,82,hp bomba de agua,Electro y Tecno,modelo_producto
9776,2615,vaporera liliana,Electro y Tecno,categoria_marca
9777,2518,peluche tiro al toy story,Bebes y Niños,modelo_producto
9778,1253,odyssey homme white edition,Salud y Belleza,modelo_producto
9779,11899,samsung galaxy sm-a336mzkfaro,Electro y Tecno,modelo_producto
9780,4214,salamandra con horno,Electro y Tecno,categoria_generica
9781,11207,almohada zip,"Muebles, Hogar y Deco",categoria_generica
9782,2712,juguete camicleta love,Bebes y Niños,categoria_generica
9783,4057,tablet samsung a8,Electro y Tecno,modelo_producto
9784,12344,balanza moretti market,Electro y Tecno,categoria_generica
9785,4947,zapatillas indoor mujer,Indumentaria y Calzado,categoria_generica
9786,10063,desmalezadora multifuncion 4 en 1,Electro y Tecno,modelo_producto
9787,8372,cerruti 1881,Salud y Belleza,categoria_generica
9788,4962,almohadas,"Muebles, Hogar y Deco",modelo_producto
9789,3231,parlante panasonic,Electro y Tecno,categoria_generica
9790,4088,horno longvie a gas,Electro y Tecno,modelo_producto
9791,11225,cortina de tusor,"Muebles, Hogar y Deco",categoria_generica
9792,8770,heladera panasonic inverter,Electro y Tecno,categoria_atributo
9793,12091,cargador samsung trio,Electro y Tecno,categoria_marca
9794,199,game stick,Electro y Tecno,categoria_generica
9795,5449,licuadora moulinex optimix plus,Electro y Tecno,modelo_producto
9796,3370,arrancador de bateria portatil para auto,Autos y Motos,categoria_atributo
9797,9563,bateria lg spirit,Autos y Motos,categoria_marca
9798,3945,mini amplificador,Deporte y Fitness,categoria_generica
9799,8602,topper con abrojo,Deporte y Fitness,categoria_marca
9800,3432,dji mini 5 pro,Deporte y Fitness,modelo_producto
9801,155,zapatillas topper mujer,Indumentaria y Calzado,categoria_marca
9802,3319,afilador de cuchillos profesional,"Muebles, Hogar y Deco",categoria_atributo
9803,4819,spaetzle maquina,Electro y Tecno,categoria_generica
9804,3970,drean heladera con freezer bajo mesada,Electro y Tecno,modelo_producto
9805,8500,muffin bluey peluche,Bebes y Niños,categoria_generica
9806,5944,mueble mesada cocina,"Muebles, Hogar y Deco",categoria_generica
9807,4841,racing kappa,Electro y Tecno,categoria_generica
9808,5756,microondas whirlpool 25 litros,Electro y Tecno,modelo_producto
9809,11040,colchon 190 x 160,"Muebles, Hogar y Deco",modelo_producto
9810,11324,ejercitador de pies,Salud y Belleza,categoria_generica
9811,3064,toalleros,Electro y Tecno,modelo_producto
9812,5865,portero sica,Electro y Tecno,categoria_generica
9813,10484,motorola rose gold,Electro y Tecno,categoria_marca
9814,7895,mixer 3 en 1,Electro y Tecno,modelo_producto
9815,8683,ventilador de pie 20 pulgadas,Electro y Tecno,categoria_atributo
9816,4310,brother 1617,Electro y Tecno,categoria_generica
9817,9404,cortina microfibra,"Muebles, Hogar y Deco",categoria_generica
9818,10294,samsung galaxy s21,Electro y Tecno,modelo_producto
9819,6467,juguete plato para perros,Bebes y Niños,modelo_producto
9820,5645,secador de pelo para viaje,Salud y Belleza,modelo_producto
9821,2730,bicicleta plegable rodado 20,Deporte y Fitness,categoria_atributo
9822,6222,auriculares razer kraken,Electro y Tecno,categoria_generica
9823,5189,pava eléctrica atma digital,Electro y Tecno,modelo_producto
9824,3625,ventilador a bateria,Electro y Tecno,categoria_generica
9825,10673,dell 3190,Electro y Tecno,modelo_producto
9826,13002,tapa de inodoro monaco,"Muebles, Hogar y Deco",modelo_producto
9827,6058,juguete triciclo love,Bebes y Niños,categoria_generica
9828,12800,marcadores super tips,"Muebles, Hogar y Deco",categoria_generica
9829,9546,kenzo madly,Salud y Belleza,categoria_generica
9830,9052,waflera de stitch,Electro y Tecno,categoria_generica
9831,249,motorola moto g24 power,Electro y Tecno,modelo_producto
9832,5898,bgh notebook,Electro y Tecno,categoria_marca
9833,10109,air fryer smart tek,Electro y Tecno,categoria_atributo
9834,5428,heladera hisense side by side,Electro y Tecno,modelo_producto
9835,9240,talle 43,Indumentaria y Calzado,categoria_generica
9836,10396,playstation joystick ps4,Electro y Tecno,categoria_generica
9837,1529,slp 25 pro,Deporte y Fitness,categoria_generica
9838,10268,cargador samsung s20,Electro y Tecno,modelo_producto
9839,5573,estuche de guitarra,Electro y Tecno,categoria_generica
9840,5344,griferia piazza cocina,"Muebles, Hogar y Deco",categoria_generica
9841,10131,samsung funda j7 prime,Electro y Tecno,modelo_producto
9842,10592,tripode para pizarra,Electro y Tecno,categoria_generica
9843,8318,juego construccion educativo kid knex,"Muebles, Hogar y Deco",modelo_producto
9844,9931,funda motorola edge 30 neo,Electro y Tecno,modelo_producto
9845,7828,auriculares jbl endurance,Electro y Tecno,categoria_marca
9846,491,tcl c6k,Electro y Tecno,categoria_generica
9847,11327,shampoo revita,Salud y Belleza,categoria_generica
9848,9758,butaca safety 1st,Bebes y Niños,categoria_generica
9849,10533,fabrica de pan liliana,Electro y Tecno,modelo_producto
9850,6378,placard nordico,"Muebles, Hogar y Deco",categoria_generica
9851,10514,ventilador axel industrial,Electro y Tecno,categoria_atributo
9852,5842,monopoly pokemon,Electro y Tecno,categoria_generica
9853,3520,jbl tune 510bt,Electro y Tecno,modelo_producto
9854,8491,manómetro de presión de aire,Bebes y Niños,modelo_producto
9855,8329,crema la roche posay toleriane,Salud y Belleza,modelo_producto
9856,10360,yogurtera winco w632,Electro y Tecno,categoria_generica
9857,7660,smart tv philips 50 4k android,Electro y Tecno,modelo_producto
9858,12649,buzo santa cruz mujer,Indumentaria y Calzado,modelo_producto
9859,11062,perchero zapatero recibidor,"Muebles, Hogar y Deco",categoria_generica
9860,10968,bacha johnson luxor si85 medidas,"Muebles, Hogar y Deco",modelo_producto
9861,4080,freezer vertical con cajones,Electro y Tecno,modelo_producto
9862,10567,tcl l32s6,Electro y Tecno,categoria_generica
9863,10326,termotanque electrico liliana,Electro y Tecno,categoria_marca
9864,996,cortadora de fiambre familiar,Electro y Tecno,modelo_producto
9865,4228,ventilador de techo,Electro y Tecno,categoria_generica
9866,5643,kirke tiziana terenzi,Salud y Belleza,categoria_generica
9867,3541,freidora de aire ultracomb,Electro y Tecno,modelo_producto
9868,589,termo stanley messi,"Muebles, Hogar y Deco",categoria_marca
9869,8066,cafetera keurig,Electro y Tecno,categoria_generica
9870,8458,muñeco carpincho peluche,Bebes y Niños,categoria_generica
9871,6561,termotanque electrico 45 litros,Electro y Tecno,categoria_atributo
9872,857,placard con espejo,"Muebles, Hogar y Deco",categoria_generica
9873,5178,impresora hp smart tank 750,Electro y Tecno,modelo_producto
9874,5160,ejercitador de abdominales,Deporte y Fitness,categoria_generica
9875,4837,ñoquera manual,Electro y Tecno,categoria_generica
9876,4019,singer facilita pro 4423,Electro y Tecno,modelo_producto
9877,11957,griferia fv ducha exterior,"Muebles, Hogar y Deco",modelo_producto
9878,7349,valija chiquita,Indumentaria y Calzado,categoria_generica
9879,4510,auto batman,Autos y Motos,categoria_generica
9880,1475,alforjas para moto,Electro y Tecno,categoria_generica
9881,10046,monitor acer 19 pulgadas,Electro y Tecno,modelo_producto
9882,2235,lenovo thinkbook,Electro y Tecno,categoria_marca
9883,3768,irrigador nasal,"Muebles, Hogar y Deco",categoria_generica
9884,7604,bicicleta 3 ruedas adulto,Deporte y Fitness,modelo_producto
9885,7125,lg k22 plus,Electro y Tecno,modelo_producto
9886,4237,tostadora ultracomb,Electro y Tecno,categoria_generica
9887,3007,vitamina d2,Salud y Belleza,categoria_generica
9888,10203,auriculares lenovo lp40,Electro y Tecno,modelo_producto
9889,5557,cafetera sage,Electro y Tecno,categoria_generica
9890,4639,smart tv hitachi 32,Electro y Tecno,categoria_atributo
9891,7518,juguete pistolas nerf francotirador,Bebes y Niños,modelo_producto
9892,6638,planchita de pelo y secador,Salud y Belleza,modelo_producto
9893,7860,cortadora de pasto daewoo,Electro y Tecno,modelo_producto
9894,9675,toallitas recien nacido,Bebes y Niños,categoria_generica
9895,11238,silla terciopelo,"Muebles, Hogar y Deco",categoria_generica
9896,4749,cafetera express ultracomb,Electro y Tecno,categoria_generica
9897,4353,respaldo de cama 1 plaza y media,"Muebles, Hogar y Deco",modelo_producto
9898,10391,batidora de pie oster,Electro y Tecno,modelo_producto
9899,7963,climatizador atma,Electro y Tecno,categoria_marca
9900,6494,bicicleta de niño rodado 20,Deporte y Fitness,categoria_atributo
9901,7964,sumo slicer,Electro y Tecno,categoria_generica
9902,4027,samsung galaxy celular a30,Electro y Tecno,modelo_producto
9903,12414,tws m10,Electro y Tecno,categoria_generica
9904,8700,xiaomi mi 11 lite,Electro y Tecno,modelo_producto
9905,11132,garden life sillones,"Muebles, Hogar y Deco",categoria_generica
9906,11343,davidoff champion,Salud y Belleza,categoria_generica
9907,9029,freidora con aceite,Electro y Tecno,categoria_generica
9908,2389,barra de sonido philips,Electro y Tecno,modelo_producto
9909,10884,auriculares bluetooth gaming snau suono,Electro y Tecno,categoria_atributo
9910,7629,canon sl3,Deporte y Fitness,categoria_generica
9911,7124,drean 8.14,Electro y Tecno,modelo_producto
9912,10996,bomba presurizadora 1 baño,"Muebles, Hogar y Deco",modelo_producto
9913,4768,limpiador ultrasonico dental,Electro y Tecno,categoria_generica
9914,11544,muñeca sirenita ariel,Bebes y Niños,categoria_generica
9915,6705,drean semiautomático,Electro y Tecno,categoria_marca
9916,5960,catre de baño,"Muebles, Hogar y Deco",categoria_generica
9917,12096,hp chromebook 15,Electro y Tecno,modelo_producto
9918,2916,horno domec,Electro y Tecno,categoria_generica
9919,7706,tele ken brown 32,Electro y Tecno,modelo_producto
9920,8962,planchita de pelo inalambrica,Salud y Belleza,categoria_atributo
9921,7961,tcl 5130m,Electro y Tecno,categoria_generica
9922,5908,mochilas,Indumentaria y Calzado,categoria_generica
9923,5835,samsung m8,Electro y Tecno,modelo_producto
9924,8009,rasuradora de pelo,Salud y Belleza,categoria_generica
9925,8258,respaldo queen,"Muebles, Hogar y Deco",categoria_generica
9926,12374,emma dental,Electro y Tecno,categoria_generica
9927,7095,lenovo thinkpad t460,Electro y Tecno,modelo_producto
9928,8171,medidas de smart tv 65 pulgadas,Electro y Tecno,categoria_atributo
9929,11497,juguete serpientes de goma,Bebes y Niños,modelo_producto
9930,13008,afeitadora philco ae5300pp,Salud y Belleza,modelo_producto
9931,9295,tabla de planchar pared,"Muebles, Hogar y Deco",modelo_producto
9932,8474,juguete aire york,Electro y Tecno,categoria_generica
9933,1647,iphone x,Electro y Tecno,categoria_marca
9934,1291,gama multistyler 8 en 1,Electro y Tecno,modelo_producto
9935,7934,capsulas la virginia nespresso,Electro y Tecno,modelo_producto
9936,6268,salamandra esquinera,Electro y Tecno,categoria_generica
9937,50,juegos de mesa,Bebes y Niños,categoria_generica
9938,6372,suavestar sport,"Muebles, Hogar y Deco",categoria_generica
9939,10417,flexible para lluvia de bidet,Electro y Tecno,modelo_producto
9940,7949,star trak ventilador,Electro y Tecno,categoria_generica
9941,100,xiaomi redmi note 12,Electro y Tecno,modelo_producto
9942,11334,htp 5,Salud y Belleza,categoria_generica
9943,1820,caloventor winco,Electro y Tecno,categoria_generica
9944,3715,termos,"Muebles, Hogar y Deco",modelo_producto
9945,10607,waflera eléctrica,Electro y Tecno,categoria_atributo
9946,5456,monitor lg 22 pulgadas,Electro y Tecno,modelo_producto
9947,6073,linterna luz ultravioleta,Deporte y Fitness,categoria_generica
9948,858,reflector led,"Muebles, Hogar y Deco",categoria_generica
9949,1622,freidora philips,Electro y Tecno,categoria_marca
9950,9066,tablet aoc,Electro y Tecno,categoria_generica
9951,12021,tineco floor one s3,Electro y Tecno,modelo_producto
9952,10480,consola 8 bits,Electro y Tecno,categoria_generica
9953,791,motorola moto g32,Electro y Tecno,modelo_producto
9954,5694,botines talle 26,Bebes y Niños,categoria_generica
9955,6111,pava eléctrica peabody smartchef,Electro y Tecno,modelo_producto
9956,259,rtx 2060,Electro y Tecno,categoria_generica
9957,2677,alacena de melamina,"Muebles, Hogar y Deco",categoria_generica
9958,12227,positivo bgh at510,Electro y Tecno,modelo_producto
9959,2474,perfumes para hombre,Salud y Belleza,categoria_generica
9960,13027,plancha liliana,Salud y Belleza,categoria_marca
9961,5868,cafetera italiana,Electro y Tecno,categoria_generica
9962,3566,sarten antiadherente con tapa,"Muebles, Hogar y Deco",modelo_producto
9963,5669,juguete camioneta a control remoto,Bebes y Niños,modelo_producto
9964,5132,metamucil,Salud y Belleza,modelo_producto
9965,4580,aislante bolsa de dormir,Deporte y Fitness,modelo_producto
9966,7854,philco parlante bluetooth,Electro y Tecno,categoria_marca
9967,3969,termotanque electrico saiar 85 litros,Electro y Tecno,categoria_atributo
9968,8760,licuadora winco jarra de vidrio,Electro y Tecno,modelo_producto
9969,12710,gorra gap,Indumentaria y Calzado,categoria_generica
9970,12832,silla gamer batman,"Muebles, Hogar y Deco",categoria_atributo
9971,10847,celular kodak,Electro y Tecno,categoria_generica
9972,3602,escritorio con alzada,"Muebles, Hogar y Deco",categoria_generica
9973,5598,cocina aurora argenta 2,Electro y Tecno,modelo_producto
9974,1143,mechero para disco,Electro y Tecno,categoria_generica
9975,405,samsung galaxy s25 fe,Electro y Tecno,modelo_producto
9976,7515,slp rodado 29 5 pro,Deporte y Fitness,categoria_atributo
9977,6635,ventilador magiclick 20,Electro y Tecno,categoria_generica
9978,9908,dji air 3 fly more combo,Electro y Tecno,modelo_producto
9979,11508,juguete monopatin sorma,Bebes y Niños,categoria_generica
9980,5323,valija carry on chica cabina,Indumentaria y Calzado,modelo_producto
9981,11104,pileta lavadero roca,"Muebles, Hogar y Deco",categoria_generica
9982,10976,colchon maxiking 1 plaza,"Muebles, Hogar y Deco",modelo_producto
9983,12443,hisense u7h,Electro y Tecno,categoria_generica
9984,8950,calvin klein all,Salud y Belleza,categoria_generica
9985,942,impresora hp deskjet,Electro y Tecno,categoria_marca
9986,12010,foxbox parlante warp octans,Electro y Tecno,modelo_producto
9987,9568,reloj de auto,Autos y Motos,categoria_generica
9988,11643,barra para abdominales,Deporte y Fitness,categoria_generica
9989,8979,rallador electrico daewoo,Electro y Tecno,categoria_atributo
9990,10082,estufa liliana 3 velas,Electro y Tecno,modelo_producto
9991,5942,cocina florencia 5558f,Electro y Tecno,categoria_generica
9992,4649,batidora black and decker,Electro y Tecno,modelo_producto
9993,711,tcl celular,Electro y Tecno,categoria_generica
9994,2110,lamparas led,"Muebles, Hogar y Deco",categoria_generica
9995,1220,noblex n52,Electro y Tecno,modelo_producto
9996,12290,egg master roll,Electro y Tecno,categoria_generica
9997,3510,samsung galaxy a04,Electro y Tecno,modelo_producto
9998,2267,canilla doble comando para cocina,"Muebles, Hogar y Deco",modelo_producto
9999,6752,minipimer philco,Electro y Tecno,categoria_marca
10000,5255,estufa garrafera torpedo,Electro y Tecno,categoria_generica
10001,1934,gomitas de melatonina,Salud y Belleza,categoria_generica
10002,5677,juguete pista duravit,Bebes y Niños,categoria_generica
10003,2312,bloques magneticos para niños,Bebes y Niños,modelo_producto
10004,1111,depiladoras,Salud y Belleza,modelo_producto
10005,10045,termotanque bgh 95 litros,Electro y Tecno,modelo_producto
10006,5359,sillon italiano,"Muebles, Hogar y Deco",categoria_generica
10007,3146,anafe a gas portatil,Electro y Tecno,categoria_atributo
10008,1782,aspiradora black & decker,Electro y Tecno,categoria_generica
10009,889,lg k40s,Electro y Tecno,modelo_producto
10010,2764,apple watch series 8,Electro y Tecno,modelo_producto
10011,4221,directv antena,Electro y Tecno,categoria_generica
10012,4951,zapatillas 37 mujer,Indumentaria y Calzado,categoria_generica
10013,6554,horno domec empotrable antiguo,Electro y Tecno,modelo_producto
10014,12922,silla akron,"Muebles, Hogar y Deco",categoria_generica
10015,1308,rtx 3060 ti,Electro y Tecno,categoria_generica
10016,9318,cesto de basura baño,"Muebles, Hogar y Deco",modelo_producto
10017,1142,batidora peabody,Electro y Tecno,categoria_marca
10018,8402,neumaticos 165/70 r13,Autos y Motos,modelo_producto
10019,9626,hitachi neo plus inverter,Bebes y Niños,categoria_atributo
10020,6133,cafetera express dolce gusto,Electro y Tecno,modelo_producto
10021,3451,maquinas para hacer soda,Electro y Tecno,categoria_generica
10022,1931,versace blue jeans,Salud y Belleza,categoria_generica
10023,4587,ab tomic,Deporte y Fitness,categoria_generica
10024,10405,cable iphone 15,Electro y Tecno,modelo_producto
10025,3133,pava electrica plegable,Electro y Tecno,categoria_atributo
10026,3896,juguete bebesit mecedora,Bebes y Niños,categoria_generica
10027,7134,joystick logitech f310,Electro y Tecno,categoria_generica
10028,7413,cortina roller blackout,"Muebles, Hogar y Deco",categoria_generica
10029,4718,soporte para tv fijo,Electro y Tecno,modelo_producto
10030,6688,nikon d3500,Electro y Tecno,categoria_generica
10031,216,iphone 6,Electro y Tecno,modelo_producto
10032,2664,canasto para ropa sucia,"Muebles, Hogar y Deco",modelo_producto
10033,5481,tv hitachi 50,Electro y Tecno,categoria_generica
10034,10698,licuadora atma,Electro y Tecno,categoria_marca
10035,9979,amazon echo dot 4th gen,Electro y Tecno,modelo_producto
10036,12910,pileta funsicle,"Muebles, Hogar y Deco",categoria_generica
10037,11707,aspiradora robot xiaomi mop 2 pro,Electro y Tecno,modelo_producto
10038,452,tcl 505,Electro y Tecno,categoria_generica
10039,7524,peluche lotso de toy story,Bebes y Niños,modelo_producto
10040,6869,lápiz labial maybelline 24 horas,Salud y Belleza,modelo_producto
10041,1167,angel nova perfume,Salud y Belleza,categoria_generica
10042,4708,sony parlante de música,Electro y Tecno,modelo_producto
10043,2175,termotanque eléctrico 40 litros,Electro y Tecno,categoria_atributo
10044,10734,joystick ps4,Electro y Tecno,categoria_generica
10045,11099,juego hora pico,Bebes y Niños,categoria_generica
10046,2206,motorola g6 play,Electro y Tecno,modelo_producto
10047,10366,escritorio platinum 503,"Muebles, Hogar y Deco",categoria_generica
10048,5459,cargador joystick ps4,Electro y Tecno,categoria_generica
10049,11458,carpa coleman 10 personas,Deporte y Fitness,modelo_producto
10050,12160,peabody pe-af612n,Electro y Tecno,modelo_producto
10051,12772,grifería completa para baño fv,"Muebles, Hogar y Deco",modelo_producto
10052,10248,philips robot avent,Electro y Tecno,categoria_marca
10053,2831,nespresso gran lattissima,Electro y Tecno,categoria_generica
10054,10118,acer aspire 3 i3,Electro y Tecno,modelo_producto
10055,7597,bicicleta slp rodado 29 mujer,Deporte y Fitness,categoria_atributo
10056,1655,mochila carry on,Indumentaria y Calzado,categoria_generica
10057,12408,redragon mirage,Electro y Tecno,categoria_generica
10058,10111,extractor de jugo black decker,Electro y Tecno,modelo_producto
10059,1391,slp 5 pro,Deporte y Fitness,categoria_generica
10060,8249,sillas allegra negras,"Muebles, Hogar y Deco",categoria_generica
10061,9498,perfume tous hombre,Salud y Belleza,categoria_generica
10062,9190,hornalla portatil,Electro y Tecno,categoria_atributo
10063,2332,2.4g wireless controller gamepad,Electro y Tecno,modelo_producto
10064,2863,reproductor de cassette,Electro y Tecno,categoria_generica
10065,6104,drean blue 6 kg,Electro y Tecno,modelo_producto
10066,6609,aspiradora robot sansei,Electro y Tecno,categoria_generica
10067,4544,mecedora fisher price,Bebes y Niños,categoria_generica
10068,3215,mixer peabody,Electro y Tecno,categoria_marca
10069,12672,inodoro y bidet para discapacitados,"Muebles, Hogar y Deco",modelo_producto
10070,3953,alarmas,Electro y Tecno,modelo_producto
10071,7456,unicornio inflable,"Muebles, Hogar y Deco",categoria_generica
10072,4300,adaptador internacional,Electro y Tecno,categoria_generica
10073,10885,climatizador,Electro y Tecno,modelo_producto
10074,11450,muñeca violet rainbow high,Bebes y Niños,modelo_producto
10075,12982,depiladora winco 3 en 1,Salud y Belleza,modelo_producto
10076,10629,papel para posnet,Electro y Tecno,categoria_generica
10077,3098,cable ethernet 10 metros,Electro y Tecno,modelo_producto
10078,1328,b way,Salud y Belleza,categoria_generica
10079,2354,termotanque rheem 160 litros,Electro y Tecno,categoria_atributo
10080,3659,botella everlast,Electro y Tecno,categoria_generica
10081,11151,reposeras exterior,"Muebles, Hogar y Deco",categoria_generica
10082,9899,lavarropas electrolux 8 kg 1200 rpm,Electro y Tecno,modelo_producto
10083,800,samsung battery pack,Electro y Tecno,categoria_marca
10084,1902,cocina aurora,Electro y Tecno,categoria_generica
10085,1414,lavarropas whirlpool 7 kg,Electro y Tecno,modelo_producto
10086,5086,termolar,"Muebles, Hogar y Deco",modelo_producto
10087,7506,tractor a bateria,Autos y Motos,categoria_generica
10088,7780,xbox volante logitech g920,Electro y Tecno,modelo_producto
10089,7549,amy rose peluche,Bebes y Niños,categoria_generica
10090,8923,gabinete level up,Electro y Tecno,categoria_generica
10091,12841,pop it panda,"Muebles, Hogar y Deco",categoria_generica
10092,1578,xiaomi redmi 8,Electro y Tecno,modelo_producto
10093,2085,corta cerco,Electro y Tecno,categoria_generica
10094,6078,banco reebok,Deporte y Fitness,categoria_generica
10095,11841,microondas aurora rupha 28,Electro y Tecno,modelo_producto
10096,12991,simple limpiador facial,Salud y Belleza,categoria_generica
10097,10868,reloj kanji,Electro y Tecno,categoria_generica
10098,11922,celular tcl 408 ram,Electro y Tecno,categoria_atributo
10099,1999,impresora brother dcp t220,Electro y Tecno,modelo_producto
10100,10928,mochila chimola nena,Indumentaria y Calzado,categoria_generica
10101,3214,lavavajillas electrolux,Electro y Tecno,categoria_marca
10102,10915,zapatillas talle 37 hombre,Indumentaria y Calzado,modelo_producto
10103,5062,silla escritorio,"Muebles, Hogar y Deco",categoria_generica
10104,1900,silla de escritorio ergonomica,"Muebles, Hogar y Deco",modelo_producto
10105,2595,sodastream terra,Electro y Tecno,categoria_generica
10106,11823,macbook pro m2 2022,Electro y Tecno,modelo_producto
10107,382,volante logitech,Electro y Tecno,categoria_generica
10108,162,samsung a31,Electro y Tecno,modelo_producto
10109,8504,juguete bolso trendy,Bebes y Niños,categoria_generica
10110,6471,anteojos de seguridad con aumento,Bebes y Niños,modelo_producto
10111,5658,therabreath,Salud y Belleza,modelo_producto
10112,2768,drean blue 6.06,Electro y Tecno,modelo_producto
10113,3456,sintonizadores digital,Electro y Tecno,categoria_generica
10114,11163,gazebo fijo,"Muebles, Hogar y Deco",categoria_generica
10115,10498,vaso de licuadora atma,Electro y Tecno,modelo_producto
10116,3834,shampoo moroccanoil,Salud y Belleza,categoria_generica
10117,10553,proyector nebula,Electro y Tecno,categoria_generica
10118,5204,sanyo smart tv,Electro y Tecno,categoria_atributo
10119,4223,motorola z,Electro y Tecno,categoria_marca
10120,5085,vanitory,"Muebles, Hogar y Deco",modelo_producto
10121,278,motorola e22,Electro y Tecno,modelo_producto
10122,555,nubia neo 2,Electro y Tecno,categoria_generica
10123,383,limpiador vapor mano 2500 w,Electro y Tecno,modelo_producto
10124,8487,mesa ratan exterior,"Muebles, Hogar y Deco",categoria_generica
10125,691,cerraduras digitales,Electro y Tecno,categoria_generica
10126,11812,bafle potenciado crown mustang,Electro y Tecno,modelo_producto
10127,4581,pelota de basquet spalding,Deporte y Fitness,modelo_producto
10128,10840,auriculares con orejitas,Electro y Tecno,categoria_generica
10129,3140,lenovo ryzen 5,Electro y Tecno,modelo_producto
10130,11628,pelota nassau tuji,Deporte y Fitness,categoria_generica
10131,2323,banco plegable,Deporte y Fitness,categoria_atributo
10132,3857,gimnasios para bebes,Bebes y Niños,categoria_generica
10133,1679,baño portatil,"Muebles, Hogar y Deco",categoria_atributo
10134,3297,fundas de almohadas,"Muebles, Hogar y Deco",categoria_generica
10135,5203,cargador portatil gadnic,Electro y Tecno,categoria_marca
10136,3947,equipo de audio,Electro y Tecno,categoria_generica
10137,5733,ventilador de pie con control remoto,Electro y Tecno,modelo_producto
10138,909,megacistin shampoo,Salud y Belleza,categoria_generica
10139,1995,termotanque electrico carga inferior,Electro y Tecno,categoria_atributo
10140,6800,placard puertas corredizas 2 metros,"Muebles, Hogar y Deco",modelo_producto
10141,556,samsung galaxy a20,Electro y Tecno,modelo_producto
10142,6153,tv box panacom,Electro y Tecno,categoria_generica
10143,7614,carro stanley plegable,Deporte y Fitness,categoria_marca
10144,12081,tablet x view 7,Electro y Tecno,modelo_producto
10145,886,poco c65,Electro y Tecno,categoria_generica
10146,3695,buzo reebok hombre,Indumentaria y Calzado,categoria_generica
10147,4440,tapas de silicona,"Muebles, Hogar y Deco",categoria_generica
10148,9307,termo stanley metalizado,"Muebles, Hogar y Deco",categoria_marca
10149,12063,claro samsung a24,Electro y Tecno,modelo_producto
10150,11140,monkey juego de mesa,Bebes y Niños,modelo_producto
10151,11288,plancha atma perfect care,Salud y Belleza,modelo_producto
10152,12363,batidora bkf,Electro y Tecno,categoria_generica
10153,7764,apple watch serie 9,Electro y Tecno,modelo_producto
10154,8927,taza térmica stanley,Electro y Tecno,categoria_marca
10155,7409,manguera de riego reforzada,"Muebles, Hogar y Deco",modelo_producto
10156,8879,tv kodak 32,Electro y Tecno,categoria_generica
10157,8488,lego city police,Bebes y Niños,categoria_generica
10158,3833,depiladora rowenta,Salud y Belleza,categoria_generica
10159,5196,android tv 50 pulgadas,Electro y Tecno,categoria_atributo
10160,11853,heladera drean 420 litros,Electro y Tecno,modelo_producto
10161,87,juego basta,"Muebles, Hogar y Deco",categoria_generica
10162,11198,aurora argenta,Electro y Tecno,categoria_generica
10163,3688,cafetera,Electro y Tecno,modelo_producto
10164,7034,lavavajillas ariston 15 cubiertos,Electro y Tecno,modelo_producto
10165,4277,raviolera pastalinda,Electro y Tecno,categoria_generica
10166,12560,samsung qn65q80aagczb,Electro y Tecno,modelo_producto
10167,7643,taladro de banco,Electro y Tecno,categoria_generica
10168,4427,sommier marinero,"Muebles, Hogar y Deco",categoria_generica
10169,5161,mini nevera,Deporte y Fitness,categoria_generica
10170,329,heladera drean,Electro y Tecno,categoria_marca
10171,10290,jbl wave 100,Electro y Tecno,modelo_producto
10172,11088,organizador de zapatos de tela,"Muebles, Hogar y Deco",modelo_producto
10173,12580,consola anbernic,Electro y Tecno,categoria_generica
10174,6483,juguete hyundai inverter,Electro y Tecno,categoria_atributo
10175,5377,afeitadora de mujer,Salud y Belleza,categoria_generica
10176,5434,electrolux aspiradora vertical con cable,Electro y Tecno,modelo_producto
10177,10325,juliana veterinaria grande,Bebes y Niños,categoria_generica
10178,10378,figura predator neca,Electro y Tecno,categoria_generica
10179,5199,drean lavarropas 10 kg,Electro y Tecno,modelo_producto
10180,2127,placard corredizo,"Muebles, Hogar y Deco",categoria_generica
10181,5847,camara usb,Electro y Tecno,categoria_generica
10182,7680,samsung galaxy watch 6 classic,Electro y Tecno,modelo_producto
10183,9599,disfraz power ranger niño,Bebes y Niños,modelo_producto
10184,9475,hugo boss in motion,Salud y Belleza,modelo_producto
10185,6765,cargador dell,Electro y Tecno,categoria_marca
10186,5580,anafe vitroceramica,Electro y Tecno,categoria_generica
10187,3028,aire acondicionado de ventana,Electro y Tecno,modelo_producto
10188,686,stanley,"Muebles, Hogar y Deco",modelo_producto
10189,10924,lifter pr iii,Indumentaria y Calzado,categoria_generica
10190,11186,iluminador led,"Muebles, Hogar y Deco",categoria_generica
10191,5201,ea sports fc 25,Electro y Tecno,modelo_producto
10192,8095,tripode cenital,Electro y Tecno,categoria_generica
10193,7499,casco talle s,Autos y Motos,categoria_generica
10194,7180,portero electrico edificio,Electro y Tecno,categoria_atributo
10195,6429,bolso de maquillaje,Salud y Belleza,categoria_generica
10196,10965,cocina ariston 60 cm a gas,Electro y Tecno,modelo_producto
10197,3623,bandeja para horno,Electro y Tecno,categoria_generica
10198,9683,juguete fogonero rectangular,Bebes y Niños,categoria_generica
10199,3977,longvie termotanque eléctrico carga inferior,Electro y Tecno,modelo_producto
10200,5582,galaxy a03s,Electro y Tecno,categoria_generica
10201,11205,organizador bamboo,"Muebles, Hogar y Deco",categoria_generica
10202,10547,samsung un55au7000,Electro y Tecno,modelo_producto
10203,4692,philips cafetera electrica,Electro y Tecno,categoria_marca
10204,10642,viaggio espresso,Electro y Tecno,categoria_generica
10205,9856,linterna de bolsillo,Deporte y Fitness,categoria_generica
10206,9325,almohada de viaje inteligente,"Muebles, Hogar y Deco",modelo_producto
10207,2525,motorola moto g54 5g,Electro y Tecno,modelo_producto
10208,4434,lampara de estrellas,Electro y Tecno,categoria_generica
10209,7920,mountain bike electrica,Deporte y Fitness,categoria_atributo
10210,7716,pantalla iphone 11 pro,Electro y Tecno,modelo_producto
10211,4451,sommier con baulera,"Muebles, Hogar y Deco",categoria_generica
10212,10265,pava electrica masterchef,Electro y Tecno,categoria_atributo
10213,11292,indol 3 carbinol,Salud y Belleza,categoria_generica
10214,1536,escaladora,Deporte y Fitness,modelo_producto
10215,1746,iphone 15 pro natural,Electro y Tecno,modelo_producto
10216,10578,gigabyte g5,Electro y Tecno,categoria_generica
10217,7066,tablet samsung de 10 pulgadas,Electro y Tecno,modelo_producto
10218,3127,google pixel 7a,Electro y Tecno,categoria_generica
10219,7584,camion rayo mcqueen,Bebes y Niños,categoria_generica
10220,48,sony joystick,Electro y Tecno,categoria_marca
10221,11460,juguete t rex con cuernos,Bebes y Niños,modelo_producto
10222,12988,caltrate 600+d plus,Salud y Belleza,modelo_producto
10223,979,samsung galaxy j4 plus,Electro y Tecno,modelo_producto
10224,12644,zapatillas topper oldi hombre,Indumentaria y Calzado,modelo_producto
10225,9420,alfombra de baño,"Muebles, Hogar y Deco",categoria_generica
10226,6865,cablecanal zoloda blanco 100x50 ckd,"Muebles, Hogar y Deco",modelo_producto
10227,8767,impresora epson l4160,Electro y Tecno,categoria_generica
10228,230,samsung a04e,Electro y Tecno,modelo_producto
10229,2246,cafetera con embolo,Electro y Tecno,categoria_generica
10230,9901,aire acondicionado philco 5500 frio calor,Electro y Tecno,modelo_producto
10231,1019,auricular inalambrico,Electro y Tecno,categoria_atributo
10232,264,masajeadores,Salud y Belleza,categoria_generica
10233,7897,estufa piramide exterior,Electro y Tecno,categoria_generica
10234,10044,huawei watch fit 2,Electro y Tecno,modelo_producto
10235,2673,barrefondo pelopincho,"Muebles, Hogar y Deco",categoria_generica
10236,12664,fila racer flexion,Indumentaria y Calzado,categoria_generica
10237,7844,licuadora personal atma,Electro y Tecno,categoria_marca
10238,1458,ionizador solar,Electro y Tecno,categoria_generica
10239,6538,parlante con radio am y fm,Electro y Tecno,modelo_producto
10240,37,placard xl 240x183 blanco 2,"Muebles, Hogar y Deco",modelo_producto
10241,1515,auto de barbie,Bebes y Niños,categoria_generica
10242,229,maquina de coser singer,Electro y Tecno,modelo_producto
10243,470,osmo pocket 3,Electro y Tecno,categoria_generica
10244,8588,conservadora mor,Deporte y Fitness,categoria_generica
10245,5349,inodoro roca hall,"Muebles, Hogar y Deco",categoria_generica
10246,12316,toner hp 827a,Electro y Tecno,modelo_producto
10247,7110,cebador honda wave,Electro y Tecno,categoria_generica
10248,10188,samsung galaxy awesome lime,Electro y Tecno,modelo_producto
10249,9423,28 pulgadas,Electro y Tecno,categoria_atributo
10250,9501,dermaglos facial gel,Salud y Belleza,categoria_generica
10251,462,rtx 4060,Electro y Tecno,categoria_generica
10252,11739,smart tv noblex 50 4k,Electro y Tecno,modelo_producto
10253,7916,hp laser mfp,Electro y Tecno,categoria_marca
10254,11174,sombrilla colgante,"Muebles, Hogar y Deco",categoria_generica
10255,12495,makima figura,Electro y Tecno,categoria_generica
10256,7749,notebook asus zenbook 14,Electro y Tecno,modelo_producto
10257,10972,vaso stanley one hand,"Muebles, Hogar y Deco",modelo_producto
10258,11547,muñeca barbie con moto,Bebes y Niños,modelo_producto
10259,13060,lipozene,Salud y Belleza,modelo_producto
10260,10763,smartwatch m6,Electro y Tecno,categoria_generica
10261,12034,proyector gadnic 3500 lumens,Electro y Tecno,modelo_producto
10262,8460,monopatin razor e300,Bebes y Niños,categoria_generica
10263,6597,aspiradora samsung jet 75,Electro y Tecno,modelo_producto
10264,8844,calculadora 12 digitos,Electro y Tecno,categoria_generica
10265,1519,juguete monopatin xiaomi,Bebes y Niños,categoria_marca
10266,11160,termo premier,"Muebles, Hogar y Deco",categoria_generica
10267,6650,fabrica de pastas electrica,Electro y Tecno,categoria_atributo
10268,5427,asus notebook i9 ram ssd,Electro y Tecno,modelo_producto
10269,12486,fary ollas,Electro y Tecno,categoria_generica
10270,5817,burberry weekend mujer,Salud y Belleza,categoria_generica
10271,2202,calefactor electrico longvie,Electro y Tecno,categoria_marca
10272,6463,juguete radio a pilas,Electro y Tecno,modelo_producto
10273,7221,multicortadora oscilante,Electro y Tecno,categoria_generica
10274,10983,acolchado de river 2 plazas,"Muebles, Hogar y Deco",modelo_producto
10275,255,camaras de seguridad exterior,Electro y Tecno,modelo_producto
10276,2156,juguete mesa escandinava,"Muebles, Hogar y Deco",categoria_generica
10277,3917,carry on wilson,Indumentaria y Calzado,categoria_generica
10278,11634,bicicleta frozen,Deporte y Fitness,categoria_generica
10279,5841,parlante wonderboom,Electro y Tecno,categoria_generica
10280,11913,aspiradora atma sin bolsa,Electro y Tecno,modelo_producto
10281,6819,cocina ariston mixta,Electro y Tecno,categoria_generica
10282,9729,juguete corta chorro,Bebes y Niños,categoria_generica
10283,7129,multiprocesadora atma con licuadora,Electro y Tecno,modelo_producto
10284,76,calefon electrico,Electro y Tecno,categoria_atributo
10285,5293,hp zbook,Electro y Tecno,categoria_marca
10286,11578,bicicleta futura lynce rodado 29,Deporte y Fitness,categoria_atributo
10287,498,chromecast 3,Electro y Tecno,categoria_generica
10288,4040,cable hdmi 10 metros,Electro y Tecno,modelo_producto
10289,2960,chifonier cajonera,"Muebles, Hogar y Deco",categoria_generica
10290,34,bisglicinato de magnesio,Salud y Belleza,categoria_generica
10291,8357,humidificador ultrasonico gadnic,Salud y Belleza,categoria_marca
10292,4349,king koil 120 gold luxury pocket,"Muebles, Hogar y Deco",modelo_producto
10293,12219,asus b550 f,Electro y Tecno,modelo_producto
10294,12126,impresora termica comandera,Electro y Tecno,categoria_generica
10295,9722,juguete bañador de bebe,Bebes y Niños,modelo_producto
10296,11270,braun silk epil 7,Salud y Belleza,modelo_producto
10297,5153,monopatines,Deporte y Fitness,modelo_producto
10298,7509,auto de sonic,Autos y Motos,categoria_generica
10299,7908,abrazadera para caño de gas,Electro y Tecno,modelo_producto
10300,7965,multicocina winco,Electro y Tecno,categoria_generica
10301,9399,ferrari de coleccion,"Muebles, Hogar y Deco",categoria_generica
10302,3109,samsung galaxy s21 ultra,Electro y Tecno,modelo_producto
10303,6826,silla de escritorio gamer,"Muebles, Hogar y Deco",categoria_atributo
10304,4799,exahome calefactor,Electro y Tecno,categoria_generica
10305,10097,xiaomi buds 4 pro,Electro y Tecno,modelo_producto
10306,9027,iphone green,Electro y Tecno,categoria_marca
10307,214,juguete camicleta,Bebes y Niños,categoria_generica
10308,3752,cocina ariston electrica,Electro y Tecno,categoria_atributo
10309,12438,stromberg riot,Electro y Tecno,categoria_generica
10310,2702,termo peabody para auto,Autos y Motos,modelo_producto
10311,8909,soporte para guitarra criolla,Electro y Tecno,modelo_producto
10312,2295,nebras lattafa,Salud y Belleza,categoria_generica
10313,7881,sarten de hierro enlozado,"Muebles, Hogar y Deco",modelo_producto
10314,8283,cubos para ropa,"Muebles, Hogar y Deco",categoria_generica
10315,9055,fiio fh7s,Electro y Tecno,categoria_generica
10316,8825,ventilador de techo exahome,Electro y Tecno,modelo_producto
10317,11652,colchoneta para carpa,Deporte y Fitness,categoria_generica
10318,7022,smart tv samsung 50 4k,Electro y Tecno,modelo_producto
10319,3676,poco m3,Electro y Tecno,categoria_generica
10320,6519,lavarropas drean gold 10.6 eco,Electro y Tecno,modelo_producto
10321,10413,macbook air 2022,Electro y Tecno,categoria_generica
10322,1244,jenga juego,"Muebles, Hogar y Deco",categoria_generica
10323,12196,proyector sony portatil,Electro y Tecno,categoria_marca
10324,9221,mochila south port,Indumentaria y Calzado,categoria_generica
10325,4632,tv philips 55 pulgadas ambilight,Electro y Tecno,modelo_producto
10326,7512,aire acondicionado carrier inverter 4500,Electro y Tecno,categoria_atributo
10327,7386,cocina 76 cm,Electro y Tecno,categoria_generica
10328,11130,organizador de frutas y verduras,"Muebles, Hogar y Deco",modelo_producto
10329,6874,secador remington silk,Salud y Belleza,categoria_generica
10330,5742,parrilla para balcon sin humo,Electro y Tecno,modelo_producto
10331,9739,juguete velez kappa,Bebes y Niños,categoria_generica
10332,6862,cocina siam,Electro y Tecno,categoria_generica
10333,4407,scrabble juego de mesa,Bebes y Niños,modelo_producto
10334,3993,protector solar 50 fps,Salud y Belleza,modelo_producto
10335,52,extractores,Electro y Tecno,modelo_producto
10336,321,canasto ropa sucia,"Muebles, Hogar y Deco",categoria_generica
10337,5228,bangho max g01,Electro y Tecno,categoria_generica
10338,7805,juguera prensado en frio,Electro y Tecno,modelo_producto
10339,8873,jbl vibe beam,Electro y Tecno,categoria_marca
10340,6180,caloventor winco w114,Electro y Tecno,categoria_generica
10341,6169,torre de sonido samsung,Electro y Tecno,modelo_producto
10342,9961,samsung galaxy s22 ultra burgundy,Electro y Tecno,modelo_producto
10343,10926,mochila para jardin nena,Indumentaria y Calzado,modelo_producto
10344,9384,sealy sunshine,"Muebles, Hogar y Deco",categoria_generica
10345,12853,rack y mesa ratona,"Muebles, Hogar y Deco",modelo_producto
10346,107,playstation ps5 slim,Electro y Tecno,categoria_generica
10347,10393,concentrador de oxígeno portátil,Electro y Tecno,categoria_atributo
10348,11315,muñeca tensiometro gama,Salud y Belleza,categoria_generica
10349,158,a24 samsung,Electro y Tecno,modelo_producto
10350,8971,smartwatch malla metalica,Electro y Tecno,categoria_generica
10351,6844,burako bisonte,Bebes y Niños,categoria_generica
10352,11882,heladera philco 405 litros,Electro y Tecno,modelo_producto
10353,9835,head prestige mp,Deporte y Fitness,categoria_generica
10354,6724,inelro mt17,Electro y Tecno,categoria_generica
10355,5956,muñecas fancy house,"Muebles, Hogar y Deco",categoria_generica
10356,6516,juegos,Electro y Tecno,modelo_producto
10357,4152,asus notebook tactil,Electro y Tecno,categoria_marca
10358,367,impresoras laser,Electro y Tecno,categoria_generica
10359,7026,sandwichera peabody 5 en 1,Electro y Tecno,modelo_producto
10360,11063,arbol de navidad canadiense,"Muebles, Hogar y Deco",modelo_producto
10361,6855,skyworth 55,Electro y Tecno,categoria_generica
10362,2824,funda iphone 14,Electro y Tecno,modelo_producto
10363,12155,parrilla electrica yelmo,Electro y Tecno,categoria_atributo
10364,7393,bacha cuadrada cocina,"Muebles, Hogar y Deco",categoria_generica
10365,13032,lisina clorhidrato,Salud y Belleza,categoria_generica
10366,11597,mesa de camping plegable con banquitos,Deporte y Fitness,categoria_atributo
10367,698,xiaomi 14t pro,Electro y Tecno,modelo_producto
10368,7552,aire acondicionado trifasico,Electro y Tecno,categoria_generica
10369,3288,cecchini valijas,Indumentaria y Calzado,categoria_generica
10370,2709,aire comprimido 5.5,Bebes y Niños,modelo_producto
10371,1367,tom ford oud wood,Salud y Belleza,modelo_producto
10372,7005,lavarropas lg 10.5 kg carga superior,Electro y Tecno,modelo_producto
10373,3418,juegos family game,Bebes y Niños,categoria_generica
10374,3593,parlante karaoke,Electro y Tecno,categoria_generica
10375,1419,xiaomi tv stick,Electro y Tecno,categoria_marca
10376,7743,samsung galaxy tablet a7,Electro y Tecno,modelo_producto
10377,12961,alfombra surya,"Muebles, Hogar y Deco",categoria_generica
10378,1043,cocina a gas natural,Electro y Tecno,categoria_generica
10379,1530,paleta de padel adidas,Deporte y Fitness,modelo_producto
10380,6354,mueble organizador de cocina melamina,"Muebles, Hogar y Deco",modelo_producto
10381,8869,samsung galaxy s23,Electro y Tecno,modelo_producto
10382,7298,joystick family,Electro y Tecno,categoria_generica
10383,10160,parlante bluetooth 8 pulgadas,Electro y Tecno,categoria_atributo
10384,5242,extractor de jugo atma,Electro y Tecno,modelo_producto
10385,10610,gama ergostyler,Salud y Belleza,categoria_generica
10386,8823,poco x3 pro,Electro y Tecno,categoria_generica
10387,6621,aspiradora de mano yelmo,Electro y Tecno,modelo_producto
10388,11137,bidet e inodoro,"Muebles, Hogar y Deco",categoria_generica
10389,7243,arrocera gadnic,Electro y Tecno,categoria_marca
10390,3909,accesorios de pesca,Deporte y Fitness,categoria_generica
10391,10455,macbook pro 2021,Electro y Tecno,categoria_generica
10392,6985,barra de sonido pioneer,Electro y Tecno,modelo_producto
10393,11519,pony juguete grande,Bebes y Niños,categoria_generica
10394,716,sony a6400,Electro y Tecno,modelo_producto
10395,5776,reloj smartwatch redondo,Electro y Tecno,categoria_generica
10396,3279,inodoro ferrum con mochila,"Muebles, Hogar y Deco",modelo_producto
10397,12959,living sillon,"Muebles, Hogar y Deco",categoria_generica
10398,3079,calefactor orbis tiro balanceado 5000,Electro y Tecno,modelo_producto
10399,7242,parlante spica,Electro y Tecno,categoria_generica
10400,2704,estéreo para auto,Autos y Motos,categoria_generica
10401,6187,microsoft mouse inalambrico,Electro y Tecno,categoria_atributo
10402,2000,smart tv samsung 55,Electro y Tecno,modelo_producto
10403,2991,secador gama profesional,Salud y Belleza,categoria_atributo
10404,5125,zino davidoff,Salud y Belleza,categoria_generica
10405,7293,quantum q03,Electro y Tecno,categoria_generica
10406,6465,juguete serpiente de peluche,Bebes y Niños,modelo_producto
10407,5642,aspirador nasal para nebulizador,Salud y Belleza,modelo_producto
10408,6215,maquina de coser nictom,Electro y Tecno,modelo_producto
10409,2405,vaporera atma,Electro y Tecno,categoria_marca
10410,1071,galaxy a26,Electro y Tecno,categoria_generica
10411,9409,luz de toque,"Muebles, Hogar y Deco",categoria_generica
10412,3386,aire acondicionado surrey inverter,Electro y Tecno,modelo_producto
10413,8141,riñonera legion extranjera,Indumentaria y Calzado,categoria_generica
10414,9634,juguete de escurridor de platos,"Muebles, Hogar y Deco",modelo_producto
10415,3637,notebook compaq,Electro y Tecno,categoria_generica
10416,1990,iphone 13 pro graphite,Electro y Tecno,modelo_producto
10417,6028,juegos de cocina,Bebes y Niños,categoria_generica
10418,12218,motorola plegable 2023,Electro y Tecno,modelo_producto
10419,2597,laminadora y plastificadora,Electro y Tecno,categoria_generica
10420,2783,termotanque rheem 50 litros,Electro y Tecno,categoria_atributo
10421,11113,ricchezze bajo mesada,"Muebles, Hogar y Deco",categoria_generica
10422,939,tablet samsung a7,Electro y Tecno,modelo_producto
10423,6740,toner para brother,Electro y Tecno,categoria_generica
10424,7186,drean heladera digital,Electro y Tecno,categoria_marca
10425,1511,tresor lancome,Salud y Belleza,categoria_generica
10426,1241,quencher stanley,"Muebles, Hogar y Deco",categoria_marca
10427,8841,sony parlante con cd,Electro y Tecno,modelo_producto
10428,1535,paño pet,Deporte y Fitness,categoria_generica
10429,4125,tostadora 4 panes,Electro y Tecno,categoria_generica
10430,4369,termo thermos 500 ml,"Muebles, Hogar y Deco",modelo_producto
10431,4929,carpuride,Electro y Tecno,modelo_producto
10432,9341,cama elastica bounce,"Muebles, Hogar y Deco",categoria_generica
10433,2579,heladera exhibidora briket,Electro y Tecno,categoria_generica
10434,5426,lavavajillas drean dish 12.2 ltb,Electro y Tecno,modelo_producto
10435,12437,nictom nt03,Electro y Tecno,categoria_generica
10436,9726,juguete manubrio fixie,Bebes y Niños,categoria_generica
10437,4034,nintendo switch pro controller,Electro y Tecno,modelo_producto
10438,9951,medidas de horno eléctrico de 45 litros,Electro y Tecno,categoria_atributo
10439,10440,notebook hp elitebook,Electro y Tecno,categoria_marca
10440,5393,call of duty play 4,Bebes y Niños,modelo_producto
10441,5093,baño de crema argan fidelite,Salud y Belleza,modelo_producto
10442,1400,estufas halogenas,Electro y Tecno,categoria_generica
10443,3467,samsung j6 plus caracteristicas,Electro y Tecno,modelo_producto
10444,5049,alhajero organizador,"Muebles, Hogar y Deco",categoria_generica
10445,9528,mega chel,Salud y Belleza,categoria_generica
10446,6978,bicicleta rodado 24 nena,Deporte y Fitness,categoria_atributo
10447,4145,soporte para proyector techo,Electro y Tecno,modelo_producto
10448,10433,tv kanji 24,Electro y Tecno,categoria_generica
10449,9462,heladeritas,"Muebles, Hogar y Deco",modelo_producto
10450,922,playstation god of war 4,Electro y Tecno,modelo_producto
10451,5545,konka n17,Electro y Tecno,categoria_generica
10452,1091,cree led h4,"Muebles, Hogar y Deco",categoria_generica
10453,7166,whirlpool microondas con grill,Electro y Tecno,modelo_producto
10454,5839,balanza femmto,Electro y Tecno,categoria_generica
10455,605,mochilas escolares adolescentes,Indumentaria y Calzado,categoria_generica
10456,138,heladera gafa,Electro y Tecno,categoria_marca
10457,4047,celular tcl 40 nxtpaper,Electro y Tecno,modelo_producto
10458,4095,cafetera italiana electrica,Electro y Tecno,categoria_atributo
10459,5137,tablas de barrenar y surf,Bebes y Niños,categoria_generica
10460,4791,repuesto mopa giratoria,Electro y Tecno,categoria_generica
10461,1716,conservadoras,Deporte y Fitness,modelo_producto
10462,3488,olla tramontina acero inoxidable,Electro y Tecno,modelo_producto
10463,2688,shampoo sin tacc,Salud y Belleza,categoria_generica
10464,5159,canasto bicicleta,Deporte y Fitness,categoria_generica
10465,10907,valija carry on cabina,Indumentaria y Calzado,modelo_producto
10466,11066,espejo redondo marco,"Muebles, Hogar y Deco",categoria_generica
10467,11663,olla a presión multifunción atma opat22 6 l,"Muebles, Hogar y Deco",modelo_producto
10468,4163,nintendo switch 2,Electro y Tecno,categoria_generica
10469,10220,lg celular k52,Electro y Tecno,modelo_producto
10470,6223,inodoro portátil camping,"Muebles, Hogar y Deco",categoria_atributo
10471,7877,dispenser de agua automatico,Electro y Tecno,modelo_producto
10472,4877,celular konka,Electro y Tecno,categoria_generica
10473,8698,notebook toshiba satellite l845,Electro y Tecno,modelo_producto
10474,1324,tcl 605,Electro y Tecno,categoria_generica
10475,10577,jbl free,Electro y Tecno,categoria_marca
10476,9432,lijadora de techo,"Muebles, Hogar y Deco",categoria_generica
10477,9918,aire acondicionado portatil white westinghouse,Electro y Tecno,categoria_atributo
10478,4066,heladera patrick con dispenser,Electro y Tecno,modelo_producto
10479,7577,juguete cartel para puerta,Bebes y Niños,modelo_producto
10480,7465,secador de pelo gama italy professional,Salud y Belleza,modelo_producto
10481,7994,joystick nintendo,Electro y Tecno,categoria_generica
10482,5139,muñeca vip pets,Bebes y Niños,categoria_generica
10483,10359,sony srs xb10,Electro y Tecno,modelo_producto
10484,9518,torno black decker,Salud y Belleza,categoria_generica
10485,177,pavas,"Muebles, Hogar y Deco",modelo_producto
10486,4810,minicomponente jvc,Electro y Tecno,categoria_generica
10487,3556,electrolux secarropas a calor,Electro y Tecno,modelo_producto
10488,12913,divan rosen,"Muebles, Hogar y Deco",categoria_generica
10489,6987,mini mochila adidas,Deporte y Fitness,categoria_marca
10490,4203,terraja manual,Electro y Tecno,categoria_generica
10491,3973,lavarropa eslabon de lujo 7 kg,Electro y Tecno,modelo_producto
10492,2076,lavavajillas philco,Electro y Tecno,categoria_marca
10493,9034,razer kitsune,Electro y Tecno,categoria_generica
10494,7657,filtros,Electro y Tecno,modelo_producto
10495,10516,cortadora de cerámica electrica,Electro y Tecno,categoria_atributo
10496,7787,horno de pan philips,Electro y Tecno,modelo_producto
10497,10223,consola retro arcade,Electro y Tecno,categoria_generica
10498,5073,sabanas microfibra,"Muebles, Hogar y Deco",categoria_generica
10499,12752,set de mate yerbera y azucarera,"Muebles, Hogar y Deco",modelo_producto
10500,3944,mini pool,Deporte y Fitness,categoria_generica
10501,11329,candida support,Salud y Belleza,categoria_generica
10502,2168,convectores,Electro y Tecno,modelo_producto
10503,1027,zapatillas montagne hombre,Indumentaria y Calzado,categoria_generica
10504,4825,termotanque emege,Electro y Tecno,categoria_generica
10505,11054,rummy burako bisonte,Bebes y Niños,categoria_generica
10506,6439,cars ditoys,Autos y Motos,categoria_generica
10507,7321,parrilla,Electro y Tecno,modelo_producto
10508,4245,termotanque a gas,Electro y Tecno,categoria_generica
10509,6195,dvd portatil philips,Electro y Tecno,categoria_marca
10510,11176,colchon sillon,"Muebles, Hogar y Deco",categoria_generica
10511,11713,positivo bgh ql 400 características,Electro y Tecno,modelo_producto
10512,4330,travel tech,Electro y Tecno,categoria_generica
10513,7057,tablet philco 7 pulgadas,Electro y Tecno,modelo_producto
10514,8422,muñeca shadow high serie 2,Bebes y Niños,modelo_producto
10515,7495,axe spray corporal pachuli morado,Salud y Belleza,modelo_producto
10516,260,ducha electrica,Electro y Tecno,categoria_atributo
10517,8060,guitarra sunset,Electro y Tecno,categoria_generica
10518,4321,inodoro bari con mochila,"Muebles, Hogar y Deco",modelo_producto
10519,8618,drean gold blue 8.6 programas,Electro y Tecno,modelo_producto
10520,2309,mesa ratona nordica,"Muebles, Hogar y Deco",categoria_generica
10521,56,planchitas de pelo,Salud y Belleza,categoria_generica
10522,10142,dell inspiron 3520 i5,Electro y Tecno,modelo_producto
10523,8933,reloj casio illuminator,Electro y Tecno,categoria_generica
10524,11583,bicicleta sbk mt200 rodado 29,Deporte y Fitness,categoria_atributo
10525,7196,destornillador con puntas intercambiables,Electro y Tecno,modelo_producto
10526,6962,camiseta racing niño,Bebes y Niños,categoria_generica
10527,2636,orient bambino,Electro y Tecno,categoria_generica
10528,10693,buclera atma,Electro y Tecno,categoria_marca
10529,4785,máquina de hacer soda,Electro y Tecno,modelo_producto
10530,8031,semillas negras,Electro y Tecno,categoria_generica
10531,12858,termo lumilagro acero,"Muebles, Hogar y Deco",categoria_generica
10532,10060,notebook asus i3 ram,Electro y Tecno,modelo_producto
10533,9246,mangueras,"Muebles, Hogar y Deco",modelo_producto
10534,11775,heladera exhibidora briket 315 litros,Electro y Tecno,categoria_atributo
10535,10637,sodastream crystal,Electro y Tecno,categoria_generica
10536,9456,feelnology,Electro y Tecno,modelo_producto
10537,6512,taburete con ruedas,Deporte y Fitness,categoria_generica
10538,11369,gel para celulitis,Salud y Belleza,categoria_generica
10539,7865,haylou solar lite,Electro y Tecno,categoria_generica
10540,11878,ventilador 20 pulgadas liliana,Electro y Tecno,modelo_producto
10541,1903,digalo con memes,"Muebles, Hogar y Deco",categoria_generica
10542,12595,frigobar peabody,Electro y Tecno,categoria_marca
10543,8431,carpa coleman 8 personas,Deporte y Fitness,modelo_producto
10544,9152,kappa velez,Electro y Tecno,categoria_generica
10545,7736,lavavajillas candy 12 cubiertos,Electro y Tecno,modelo_producto
10546,8152,talle 44,Indumentaria y Calzado,categoria_generica
10547,9773,pantera muñeco,Bebes y Niños,categoria_generica
10548,1736,tablet samsung galaxy tab a9,Electro y Tecno,modelo_producto
10549,8011,iqual notebook,Electro y Tecno,categoria_generica
10550,12770,arbol de navidad de 180 cm,"Muebles, Hogar y Deco",modelo_producto
10551,3897,juguete pistola para poliuretano,Bebes y Niños,modelo_producto
10552,3812,combo planchita y secador,Salud y Belleza,modelo_producto
10553,7689,horno electrico atma vintage,Electro y Tecno,modelo_producto
10554,5056,ropero infantil,"Muebles, Hogar y Deco",categoria_generica
10555,3682,mouse rosa inalambrico gamer onikuma,Electro y Tecno,categoria_atributo
10556,2928,valija 24 pulgadas,Indumentaria y Calzado,categoria_atributo
10557,5530,garrafera daewoo,Electro y Tecno,categoria_generica
10558,1548,electrolux heladeras no frost inverter,Electro y Tecno,modelo_producto
10559,11605,instax mini evo,Electro y Tecno,categoria_generica
10560,2291,depilador facial,Salud y Belleza,categoria_generica
10561,11087,peabody e termo,Electro y Tecno,categoria_marca
10562,3576,sony xperia m5,Electro y Tecno,modelo_producto
10563,8814,auriculares river plate,Electro y Tecno,categoria_generica
10564,5951,bomba pileta vulcano,"Muebles, Hogar y Deco",categoria_generica
10565,9199,overlock,Electro y Tecno,modelo_producto
10566,2227,nespresso inissia,Electro y Tecno,categoria_generica
10567,11883,sandwichera kanji 3 en 1,Electro y Tecno,modelo_producto
10568,11534,muñeca pepona grande,Bebes y Niños,categoria_generica
10569,12987,tapa inodoro ferrum adriatica,"Muebles, Hogar y Deco",modelo_producto
10570,7734,caja de gomitas para hacer pulseras,Electro y Tecno,modelo_producto
10571,8106,fresadora dewalt,Electro y Tecno,categoria_generica
10572,8664,horno eléctrico black & decker,Electro y Tecno,categoria_atributo
10573,6986,cinta aisladora candela,Deporte y Fitness,categoria_generica
10574,11158,sombrilla reforzada,"Muebles, Hogar y Deco",categoria_generica
10575,8682,tablero digital xr 150,Electro y Tecno,modelo_producto
10576,10501,liliana panel radiante,Electro y Tecno,categoria_marca
10577,2051,cafetera smartlife,Electro y Tecno,categoria_generica
10578,8351,calvin klein free,Salud y Belleza,categoria_generica
10579,2386,iphone 17 air,Electro y Tecno,modelo_producto
10580,4256,planetaria batidora,Electro y Tecno,categoria_generica
10581,3102,monitor samsung 24 pulgadas,Electro y Tecno,modelo_producto
10582,5910,zapatillas talle 21 nena,Indumentaria y Calzado,modelo_producto
10583,2460,alfombra de baile,"Muebles, Hogar y Deco",categoria_generica
10584,12797,cubre pileta pelopincho 1030,"Muebles, Hogar y Deco",modelo_producto
10585,11659,totem digital,Electro y Tecno,categoria_generica
10586,7051,freidora moulinex easy pro,Electro y Tecno,modelo_producto
10587,8319,qwirkle,Bebes y Niños,modelo_producto
10588,7470,jazz club maison margiela,Salud y Belleza,modelo_producto
10589,9769,puerta inyectada,Bebes y Niños,categoria_generica
10590,8810,razer kraken kitty,Electro y Tecno,categoria_generica
10591,12680,zapatillas montagne alterra,Indumentaria y Calzado,categoria_generica
10592,11896,combo gamer 4 en 1,Electro y Tecno,categoria_atributo
10593,1295,hp intel celeron n4020,Electro y Tecno,modelo_producto
10594,10762,monitor acer,Electro y Tecno,categoria_marca
10595,46,sony joystick ps5,Electro y Tecno,modelo_producto
10596,9875,kit dewalt,Electro y Tecno,categoria_generica
10597,2974,acolchado king,"Muebles, Hogar y Deco",categoria_generica
10598,12971,protectores solares,Salud y Belleza,categoria_generica
10599,11378,neumaticos bridgestone 215/65 r16,Autos y Motos,modelo_producto
10600,10546,philco phs32ha3ani,Electro y Tecno,modelo_producto
10601,2915,hidrolavadora bta,Electro y Tecno,categoria_generica
10602,3384,slp 25 pro rodado 29,Deporte y Fitness,categoria_atributo
10603,12965,inmacol,"Muebles, Hogar y Deco",modelo_producto
10604,1957,juguete convertidor de tv,Electro y Tecno,modelo_producto
10605,3665,mxq pro,Electro y Tecno,categoria_generica
10606,3522,parlante philco djp15,Electro y Tecno,modelo_producto
10607,1491,balanza digital cocina,"Muebles, Hogar y Deco",categoria_generica
10608,7834,bangho lite e34,Electro y Tecno,categoria_generica
10609,9556,bateria moura 12x50,Autos y Motos,categoria_generica
10610,12632,panel calefactor bano ecosol 450w,Electro y Tecno,categoria_atributo
10611,1472,secarropas samsung,Electro y Tecno,categoria_marca
10612,6568,apple watch series 5,Electro y Tecno,modelo_producto
10613,3446,kit de jardineria,Deporte y Fitness,categoria_generica
10614,11494,muñeca bratz meygan,Bebes y Niños,categoria_generica
10615,1831,heladera con congelador,Electro y Tecno,categoria_generica
10616,8069,teclado de una mano,Electro y Tecno,modelo_producto
10617,13053,organogal shampoo,Salud y Belleza,categoria_generica
10618,2141,afeitadora philco,Salud y Belleza,categoria_marca
10619,92,moto e7 plus,Electro y Tecno,categoria_generica
10620,9416,termo vianda,"Muebles, Hogar y Deco",categoria_generica
10621,6227,hp omen 17,Electro y Tecno,modelo_producto
10622,12776,sifon de goma para bacha de cocina,"Muebles, Hogar y Deco",modelo_producto
10623,2746,tripodes,Electro y Tecno,modelo_producto
10624,2438,mascota virtual,Electro y Tecno,categoria_generica
10625,9592,cuna chicco 4 en 1,Bebes y Niños,modelo_producto
10626,9471,crema para peinar tio nacho,Salud y Belleza,modelo_producto
10627,11596,abu garcia silver max,Deporte y Fitness,modelo_producto
10628,9959,freidora de aire gadnic 7 litros,Electro y Tecno,modelo_producto
10629,256,samsung microondas,Electro y Tecno,categoria_marca
10630,4229,breville bambino,Electro y Tecno,categoria_generica
10631,12047,heladera vostok 125 litros,Electro y Tecno,categoria_atributo
10632,9322,banquetas tolix negras,"Muebles, Hogar y Deco",categoria_generica
10633,10244,repuesto duchador de mano,Electro y Tecno,modelo_producto
10634,7190,estuche nintendo switch,Electro y Tecno,categoria_generica
10635,7539,auto bochinchero juguete,Bebes y Niños,categoria_generica
10636,6781,nutribullet,Electro y Tecno,modelo_producto
10637,13020,perfume gabriela sabatini,Salud y Belleza,categoria_generica
10638,6796,mochila blaque,Indumentaria y Calzado,categoria_generica
10639,5953,cougar silla gamer,"Muebles, Hogar y Deco",categoria_atributo
10640,9090,brother 1112,Electro y Tecno,categoria_generica
10641,3302,sofa cama 3 cuerpos,"Muebles, Hogar y Deco",modelo_producto
10642,7684,lenovo notebook intel i7 ram,Electro y Tecno,modelo_producto
10643,3796,vaso pinta,"Muebles, Hogar y Deco",categoria_generica
10644,6745,maquina de yogurt,Electro y Tecno,categoria_generica
10645,860,hidrolavadora,Electro y Tecno,modelo_producto
10646,7996,tostadora philips,Electro y Tecno,categoria_marca
10647,10136,monitor samsung 21 pulgadas,Electro y Tecno,modelo_producto
10648,3253,supercapa venier,Electro y Tecno,categoria_generica
10649,12215,pava electrica bkf,Electro y Tecno,categoria_atributo
10650,6979,banco plano regulable,Deporte y Fitness,categoria_generica
10651,12036,earfun air pro 2,Electro y Tecno,modelo_producto
10652,7291,bucleadora babyliss,Electro y Tecno,categoria_generica
10653,8238,pileta estructural bestway,"Muebles, Hogar y Deco",categoria_generica
10654,12309,samsung a01 core,Electro y Tecno,modelo_producto
10655,11363,aceite loreal,Salud y Belleza,categoria_generica
10656,464,focos,"Muebles, Hogar y Deco",modelo_producto
10657,2153,game tv stick,Bebes y Niños,categoria_generica
10658,8099,smartwatch colmi,Electro y Tecno,categoria_generica
10659,466,cocina electrolux doble horno,Electro y Tecno,modelo_producto
10660,1216,ficha rj45,Electro y Tecno,categoria_generica
10661,3257,iphone silver,Electro y Tecno,categoria_marca
10662,11437,figura funko pop de foxy,Bebes y Niños,modelo_producto
10663,12972,dermaglos facial fps50 efecto seco invisible x 50 gr,Salud y Belleza,modelo_producto
10664,208,lg k61,Electro y Tecno,modelo_producto
10665,4551,mesa redonda vidrio,"Muebles, Hogar y Deco",categoria_generica
10666,12324,malla reloj casio,Electro y Tecno,categoria_generica
10667,1883,hytoshy,Electro y Tecno,modelo_producto
10668,11945,heladera patrick 120 litros,Electro y Tecno,categoria_atributo
10669,12493,pasta kitchenaid,Electro y Tecno,categoria_generica
10670,2767,iphone cargador inalambrico motorola,Electro y Tecno,modelo_producto
10671,11001,lata de vino santa julia,"Muebles, Hogar y Deco",modelo_producto
10672,12996,acqua di parisis,Salud y Belleza,categoria_generica
10673,900,living y comedor,"Muebles, Hogar y Deco",categoria_generica
10674,12007,motorola moto e7 plus,Electro y Tecno,modelo_producto
10675,792,nubia z60 ultra,Electro y Tecno,categoria_generica
10676,1388,juguete caminador bebe,Bebes y Niños,categoria_generica
10677,4704,iphone 15 green,Electro y Tecno,modelo_producto
10678,7836,camara deportiva noblex,Electro y Tecno,categoria_marca
10679,439,celular honor,Electro y Tecno,categoria_generica
10680,9828,centro de planchado plegable,Deporte y Fitness,categoria_atributo
10681,4945,zapatillas kevingston mujer,Indumentaria y Calzado,categoria_generica
10682,3469,parlante sony mhc-v11,Electro y Tecno,modelo_producto
10683,2436,poco f3,Electro y Tecno,categoria_generica
10684,1339,escritorio esquinero,"Muebles, Hogar y Deco",categoria_generica
10685,8580,top mega mustang,Deporte y Fitness,categoria_generica
10686,11917,horno electrico digital liliana,Electro y Tecno,modelo_producto
10687,2901,kit gamer,Electro y Tecno,categoria_atributo
10688,3455,placas de video,Electro y Tecno,categoria_generica
10689,5336,balanza de cocina atma,"Muebles, Hogar y Deco",modelo_producto
10690,5408,pistola de calor skil,Electro y Tecno,modelo_producto
10691,1692,euphoria calvin klein,Salud y Belleza,categoria_generica
10692,12283,aspiradora winco w510,Electro y Tecno,categoria_generica
10693,11854,termostato pava eléctrica atma,Electro y Tecno,modelo_producto
10694,6654,pava electrica gadnic,Electro y Tecno,categoria_marca
10695,7250,corsair t2,"Muebles, Hogar y Deco",categoria_generica
10696,10279,severbon ventilador de techo,Electro y Tecno,modelo_producto
10697,5312,hidrolavadora einhell,Electro y Tecno,categoria_generica
10698,11426,reloj walkie talkie para niños,Bebes y Niños,modelo_producto
10699,11942,b way ultra fade,Salud y Belleza,modelo_producto
10700,9663,muñeca ken barbie,Bebes y Niños,categoria_generica
10701,10849,lenovo 7i,Electro y Tecno,modelo_producto
10702,4171,tostadora star wars,Electro y Tecno,categoria_generica
10703,9424,stanley mug,"Muebles, Hogar y Deco",categoria_marca
10704,674,monociclo electrico,Electro y Tecno,categoria_atributo
10705,8671,secarropas por calor candy,Electro y Tecno,modelo_producto
10706,5588,tapa de mochila ferrum,Indumentaria y Calzado,modelo_producto
10707,7395,sabanas hello kitty,"Muebles, Hogar y Deco",categoria_generica
10708,10970,bomba presurizadora motorarg tip 2,"Muebles, Hogar y Deco",modelo_producto
10709,12135,moretti cento 95,Electro y Tecno,categoria_generica
10710,3922,guantes de boxeo adidas,Deporte y Fitness,modelo_producto
10711,4126,asus vivobook i7,Electro y Tecno,modelo_producto
10712,5829,balanza gama,Electro y Tecno,categoria_generica
10713,154,antonio banderas perfume,Salud y Belleza,categoria_generica
10714,8998,cafetera moulinex,Electro y Tecno,categoria_marca
10715,983,jbl tune 770nc,Electro y Tecno,modelo_producto
10716,6907,bateria a50,Autos y Motos,categoria_generica
10717,9639,juguete radio daewoo,Electro y Tecno,categoria_generica
10718,10661,asus x543u,Electro y Tecno,modelo_producto
10719,12927,termo lumilite,"Muebles, Hogar y Deco",categoria_generica
10720,4864,licuadora para hielo,Electro y Tecno,categoria_generica
10721,550,juguete yenga,Bebes y Niños,categoria_generica
10722,2343,parlante jbl party box,Electro y Tecno,modelo_producto
10723,11601,multigimnasio ranbak 602,Deporte y Fitness,categoria_generica
10724,5335,tv led 32 pulgadas,Electro y Tecno,categoria_atributo
10725,9285,repuesto tapa termo lumilagro,"Muebles, Hogar y Deco",modelo_producto
10726,10927,talle 44 zapatillas,Indumentaria y Calzado,categoria_generica
10727,7778,samsung funda s21 fe,Electro y Tecno,modelo_producto
10728,1463,stromberg parlante,Electro y Tecno,categoria_generica
10729,854,revestimiento simil piedra,"Muebles, Hogar y Deco",categoria_generica
10730,8650,funda iphone 12 pro max,Electro y Tecno,modelo_producto
10731,5465,electrolux batidora electrica,Electro y Tecno,categoria_marca
10732,2879,maquina de fideos,Electro y Tecno,categoria_generica
10733,4468,perfume alejandro sanz,Salud y Belleza,categoria_generica
10734,1377,bluetooth para auto,Autos y Motos,categoria_atributo
10735,11911,xiaomi smart tv p1,Electro y Tecno,modelo_producto
10736,8917,calefon bram metal,Electro y Tecno,categoria_generica
10737,3394,juguete peluche de freddy,Bebes y Niños,modelo_producto
10738,1947,ultraviolet,Salud y Belleza,modelo_producto
10739,7189,purificador de aire liliana,Electro y Tecno,modelo_producto
10740,9187,impresora manual,Electro y Tecno,categoria_generica
10741,8239,alacena cocina melamina,"Muebles, Hogar y Deco",categoria_generica
10742,11760,pava eléctrica moulinex mate manual,Electro y Tecno,modelo_producto
10743,11125,mesita de luz con desayunador,"Muebles, Hogar y Deco",modelo_producto
10744,8490,muñeca sasha bratz,Bebes y Niños,categoria_generica
10745,10093,termotanque populi 70 litros,Electro y Tecno,categoria_atributo
10746,12122,aspiradora sopladora lusqtoff,Electro y Tecno,categoria_generica
10747,7738,kit dahua 4 camaras,Electro y Tecno,modelo_producto
10748,5476,celular bgh joy,Electro y Tecno,categoria_marca
10749,5177,microsoft joystick xbox series s,Electro y Tecno,modelo_producto
10750,8008,akg k371,Electro y Tecno,categoria_generica
10751,10363,desodorante calvin klein,Salud y Belleza,categoria_generica
10752,9418,almohada 70x50,"Muebles, Hogar y Deco",categoria_generica
10753,10532,batidora y picadora de carne,Electro y Tecno,modelo_producto
10754,10782,reloj xinji,Electro y Tecno,categoria_generica
10755,12029,dell inspiron 5000 desktop,Electro y Tecno,modelo_producto
10756,6989,simulador de remo profesional,Deporte y Fitness,categoria_atributo
10757,8817,gks 150 bosch,Electro y Tecno,categoria_generica
10758,8173,colchon cannon exclusive 1 plaza,"Muebles, Hogar y Deco",modelo_producto
10759,11514,juguete inmotion monopatin,Deporte y Fitness,categoria_generica
10760,9986,tv ken brown 24,Electro y Tecno,modelo_producto
10761,5079,acople manguera,"Muebles, Hogar y Deco",categoria_generica
10762,8921,espumador smart tek,Electro y Tecno,categoria_atributo
10763,5556,anafe doble,Electro y Tecno,categoria_generica
10764,846,lavarropas longvie,Electro y Tecno,categoria_marca
10765,12468,lenovo 3020e,Electro y Tecno,modelo_producto
10766,11515,juguete andador avanti,Bebes y Niños,categoria_generica
10767,10765,microondas tcl,Electro y Tecno,categoria_generica
10768,11732,horno grill atma 30 litros,Electro y Tecno,modelo_producto
10769,10936,fila discovery,Indumentaria y Calzado,categoria_generica
10770,8391,lipikar leche,Salud y Belleza,categoria_generica
10771,11467,booster graco sin respaldo,Bebes y Niños,modelo_producto
10772,12998,perfume de one direction,Salud y Belleza,modelo_producto
10773,10755,pie para macetas,Electro y Tecno,categoria_generica
10774,4155,ventilador de techo axel,Electro y Tecno,modelo_producto
10775,4967,canastos y cestos,"Muebles, Hogar y Deco",categoria_generica
10776,8177,ken brown boom 10,"Muebles, Hogar y Deco",modelo_producto
10777,4660,dji osmo mobile se,Electro y Tecno,modelo_producto
10778,4884,camara cloacal,Electro y Tecno,categoria_generica
10779,1,iphone 15 pro max,Electro y Tecno,modelo_producto
10780,8868,redmi airdots pro,Electro y Tecno,categoria_marca
10781,7685,tv admiral 50 pulgadas,Electro y Tecno,categoria_atributo
10782,5268,estufa bosca,Electro y Tecno,categoria_generica
10783,11213,caja de fotografia,"Muebles, Hogar y Deco",categoria_generica
10784,8934,freidora de aire kudu,Electro y Tecno,modelo_producto
10785,3,freidora de aire,Electro y Tecno,categoria_generica
10786,6054,juguete oster baby,Bebes y Niños,categoria_generica
10787,6611,freidora de aire oryx,Electro y Tecno,modelo_producto
10788,6887,dermaglos o hipoglos,Salud y Belleza,categoria_generica
10789,10511,teclado logitech pop,Electro y Tecno,categoria_generica
10790,11573,bicicleta philco yoga 3s plegable rodado 20,Deporte y Fitness,modelo_producto
10791,4646,toner xerox phaser 3020,Electro y Tecno,modelo_producto
10792,2129,inflable,"Muebles, Hogar y Deco",modelo_producto
10793,4381,set tazas cafe,"Muebles, Hogar y Deco",categoria_generica
10794,7229,cortacerco gamma,Electro y Tecno,categoria_generica
10795,9928,funda motorola edge 30 ultra,Electro y Tecno,modelo_producto
10796,2160,patines y rollers,Deporte y Fitness,categoria_generica
10797,11612,lenovo thinkpad yoga,Electro y Tecno,categoria_marca
10798,7711,aire acondicionado portatil tcl,Electro y Tecno,categoria_atributo
10799,10157,celular tecno spark go,Electro y Tecno,modelo_producto
10800,5248,huawei band 7,Electro y Tecno,categoria_generica
10801,2365,cartucho hp 667,Electro y Tecno,modelo_producto
10802,5358,bluetooth lampara,"Muebles, Hogar y Deco",categoria_atributo
10803,2906,convector magiclick,Electro y Tecno,categoria_generica
10804,5035,tocador flotante,"Muebles, Hogar y Deco",categoria_generica
10805,11907,celular sony xperia xa1,Electro y Tecno,modelo_producto
10806,6891,barber pro,Salud y Belleza,categoria_generica
10807,6219,muñeca cloe bratz,Bebes y Niños,categoria_generica
10808,11412,juguete auto de carrera a control remoto,Bebes y Niños,modelo_producto
10809,11371,frizadora,Salud y Belleza,modelo_producto
10810,12105,tefal hierro fundido,Electro y Tecno,categoria_generica
10811,11086,latas decoradas para cocina,"Muebles, Hogar y Deco",modelo_producto
10812,10873,ceat5403gp,Electro y Tecno,modelo_producto
10813,7559,juguete aire siam,Electro y Tecno,categoria_generica
10814,7345,mochila hummer,Indumentaria y Calzado,categoria_generica
10815,12194,proyector laser samsung,Electro y Tecno,categoria_marca
10816,7029,drean family 6 eco,Electro y Tecno,modelo_producto
10817,7405,cuchillos tramontina polywood,"Muebles, Hogar y Deco",categoria_generica
10818,3237,procesadora de mano,Electro y Tecno,categoria_generica
10819,6023,bosch go,Autos y Motos,categoria_generica
10820,2068,compresor portatil,Electro y Tecno,categoria_atributo
10821,2644,cloudbook,Electro y Tecno,modelo_producto
10822,2089,pimentero peugeot,Electro y Tecno,categoria_generica
10823,1582,asus zenbook 14,Electro y Tecno,modelo_producto
10824,9017,motorola xt120,Electro y Tecno,modelo_producto
10825,964,serum dermaglos,Salud y Belleza,categoria_generica
10826,12650,remera santa cruz mujer,Indumentaria y Calzado,modelo_producto
10827,1248,cubo magico,"Muebles, Hogar y Deco",categoria_generica
10828,12799,bacha de apoyo con griferia,"Muebles, Hogar y Deco",modelo_producto
10829,10565,batidora mondial,Electro y Tecno,categoria_generica
10830,1950,juegos de aire libre,Bebes y Niños,categoria_generica
10831,3435,cinta caminadora randers,Deporte y Fitness,categoria_marca
10832,4618,lavarropas drean gold blue 10.6,Electro y Tecno,modelo_producto
10833,2037,horno electrico peabody,Electro y Tecno,categoria_marca
10834,5171,blu ray,Electro y Tecno,categoria_generica
10835,11638,cartuchera wilson,Deporte y Fitness,categoria_generica
10836,6585,microondas whirlpool 30 litros,Electro y Tecno,modelo_producto
10837,11581,bicicleta olmo flash rodado 29,Deporte y Fitness,categoria_atributo
10838,7211,auriculares panacom,Electro y Tecno,categoria_generica
10839,12051,parlante portatil crown mustang,Electro y Tecno,categoria_atributo
10840,12816,motorarg tip 1,"Muebles, Hogar y Deco",categoria_generica
10841,5197,maquina de cortar pelo remington,Electro y Tecno,modelo_producto
10842,5578,funda airpods,Electro y Tecno,categoria_generica
10843,6631,receptáculo de ducha 70x70,Electro y Tecno,modelo_producto
10844,12810,despolvillador de yerba mate,"Muebles, Hogar y Deco",modelo_producto
10845,6925,figura funko pop hulk,Bebes y Niños,modelo_producto
10846,6018,zzzquil,Salud y Belleza,modelo_producto
10847,7247,balanza con ticket,Electro y Tecno,categoria_generica
10848,13022,smokeless grill,Salud y Belleza,categoria_generica
10849,11729,barra de sonido jbl cinema sb120,Electro y Tecno,modelo_producto
10850,1440,xiaomi vacuum cleaner,Electro y Tecno,categoria_marca
10851,2458,roca the gap,"Muebles, Hogar y Deco",categoria_generica
10852,4687,samsung galaxy auriculares buds,Electro y Tecno,modelo_producto
10853,5305,balanza aspen,Electro y Tecno,categoria_generica
10854,3039,escopeta de juguete,Bebes y Niños,categoria_generica
10855,8634,freezer whirlpool vertical 231 lts,Electro y Tecno,modelo_producto
10856,9164,gaturro 7,Electro y Tecno,categoria_generica
10857,12054,smart tv kodak 40,Electro y Tecno,categoria_atributo
10858,7347,riñonera las oreiro,Indumentaria y Calzado,categoria_generica
10859,4643,cava vondom 8 botellas,Electro y Tecno,modelo_producto
10860,5244,camara instax mini,Electro y Tecno,categoria_generica
10861,4946,inodoro corto capea,"Muebles, Hogar y Deco",categoria_generica
10862,3805,tendero,"Muebles, Hogar y Deco",modelo_producto
10863,1562,aire acondicionado portatil philco,Electro y Tecno,modelo_producto
10864,2072,lentes vr,Electro y Tecno,categoria_generica
10865,675,microondas whirlpool,Electro y Tecno,categoria_marca
10866,13023,raw probiotics,Salud y Belleza,categoria_generica
10867,11795,pava electrica philips serie 5000,Electro y Tecno,modelo_producto
10868,5503,portero visor commax,Electro y Tecno,categoria_generica
10869,9872,inflador bestway,Deporte y Fitness,categoria_generica
10870,4740,samsung freestyle 2,Electro y Tecno,modelo_producto
10871,9340,espejo medio punto,"Muebles, Hogar y Deco",categoria_generica
10872,4559,juguete blocky ladrillos,Bebes y Niños,categoria_generica
10873,5771,sage barista express,Electro y Tecno,categoria_generica
10874,8450,carpa para 7 personas,Deporte y Fitness,modelo_producto
10875,10192,motorola moto e32 ram,Electro y Tecno,modelo_producto
10876,3559,termotanque de 60 litros,Electro y Tecno,categoria_atributo
10877,5232,cafetera express y capsulas,Electro y Tecno,modelo_producto
10878,1148,calefón a gas,Electro y Tecno,categoria_generica
10879,3295,plafon,"Muebles, Hogar y Deco",modelo_producto
10880,5668,tractor john deere juguete,Bebes y Niños,modelo_producto
10881,5131,legxercise,Salud y Belleza,modelo_producto
10882,10857,acer v227q,Electro y Tecno,modelo_producto
10883,1215,aspiradora samsung,Electro y Tecno,categoria_marca
10884,11165,tender invisible,"Muebles, Hogar y Deco",categoria_generica
10885,7923,adaptador tp link,Electro y Tecno,categoria_generica
10886,2148,aceite de magnesio,Salud y Belleza,categoria_generica
10887,829,bambu lab a1 mini,Electro y Tecno,modelo_producto
10888,3009,cubierta 90 90 18,Autos y Motos,modelo_producto
10889,3417,juguete rodado 28,Bebes y Niños,categoria_atributo
10890,6284,convector calefactor,Electro y Tecno,categoria_generica
10891,3360,nebulizador inalambrico,Salud y Belleza,categoria_atributo
10892,7079,sony bateria joystick ps4,Electro y Tecno,modelo_producto
10893,3409,hyundai aire acondicionado,Electro y Tecno,categoria_generica
10894,8493,cubiertos tramontina carmel,"Muebles, Hogar y Deco",categoria_generica
10895,5907,estufa calefactor tbu tiraje balanceado,Electro y Tecno,modelo_producto
10896,2823,timbre inalambrico con camara,Electro y Tecno,categoria_atributo
10897,5150,botines talle 30,Bebes y Niños,categoria_generica
10898,1670,espejo retrovisor con camara,"Muebles, Hogar y Deco",modelo_producto
10899,10415,lavarropas aurora 8514,Electro y Tecno,categoria_generica
10900,2758,iphone 17 pro max colores,Electro y Tecno,modelo_producto
10901,7139,aire portatil midea,Electro y Tecno,categoria_marca
10902,10899,celular blu g71l azul,Electro y Tecno,modelo_producto
10903,10209,nictom tv box,Electro y Tecno,categoria_generica
10904,9239,matera mochila,Indumentaria y Calzado,categoria_generica
10905,1611,shaver kemei,Salud y Belleza,categoria_generica
10906,2966,sillones acapulco,"Muebles, Hogar y Deco",categoria_generica
10907,8827,flexible corrugado para agua,Electro y Tecno,modelo_producto
10908,5422,caminadora magnetica,Deporte y Fitness,categoria_generica
10909,13,air fryer,Electro y Tecno,categoria_generica
10910,8691,kit de 4 camaras de seguridad,Electro y Tecno,modelo_producto
10911,7968,celular pcbox,Electro y Tecno,categoria_generica
10912,1786,pava electrica oster,Electro y Tecno,categoria_atributo
10913,12,iphone 13 pro,Electro y Tecno,modelo_producto
10914,2940,sofa cama 1 plaza,"Muebles, Hogar y Deco",modelo_producto
10915,3427,bicicleta siambretta rodado 29,Deporte y Fitness,categoria_atributo
10916,5270,escritorio con cajones,"Muebles, Hogar y Deco",categoria_generica
10917,757,impresoras portatiles,Electro y Tecno,categoria_generica
10918,7254,exprimidor peabody,Electro y Tecno,categoria_marca
10919,6951,cuna funcional colecho,Bebes y Niños,categoria_generica
10920,7135,impresora hp 3545,Electro y Tecno,modelo_producto
10921,1896,life juego de mesa,Bebes y Niños,modelo_producto
10922,906,secador de pelo con difusor,Salud y Belleza,modelo_producto
10923,4292,guitarra parquer,Electro y Tecno,categoria_generica
10924,438,samsung m12,Electro y Tecno,modelo_producto
10925,3368,equipos para auto,Autos y Motos,categoria_generica
10926,669,buclera gama,Salud y Belleza,categoria_generica
10927,3224,inflador de pie,Electro y Tecno,categoria_generica
10928,3861,ventilador peabody con control remoto,Electro y Tecno,modelo_producto
10929,6366,rack tv minimalista,"Muebles, Hogar y Deco",categoria_generica
10930,2581,barra de sonido noblex,Electro y Tecno,modelo_producto
10931,6753,sandwichera oryx,Electro y Tecno,categoria_generica
10932,9338,spot cuadrado de embutir,"Muebles, Hogar y Deco",modelo_producto
10933,2534,termotanque señorial 120 litros,Electro y Tecno,categoria_atributo
10934,9965,auriculares xiaomi redmi buds essential,Electro y Tecno,modelo_producto
10935,1807,auriculares sony inalambricos,Electro y Tecno,categoria_marca
10936,1963,juguete daikin,Electro y Tecno,categoria_generica
10937,6274,jbl 110,Electro y Tecno,modelo_producto
10938,6360,cama box king,"Muebles, Hogar y Deco",categoria_generica
10939,11540,uno no mercy,Bebes y Niños,categoria_generica
10940,9188,tripode parlante,Electro y Tecno,categoria_generica
10941,1421,barra de sonido jbl,Electro y Tecno,modelo_producto
10942,1372,afeitadora braun,Salud y Belleza,categoria_generica
10943,2477,masajeador cervical gadnic,Salud y Belleza,categoria_marca
10944,4586,granja de hormigas,Deporte y Fitness,categoria_generica
10945,7969,annovi 610,Electro y Tecno,categoria_generica
10946,8651,notebook asus tuf gaming f15,Electro y Tecno,modelo_producto
10947,4323,mochila porta herramientas,Indumentaria y Calzado,categoria_generica
10948,12058,daewoo candy spark,Electro y Tecno,categoria_generica
10949,12659,zapatillas 47 street addict,Indumentaria y Calzado,modelo_producto
10950,9441,alacena wengue,"Muebles, Hogar y Deco",categoria_generica
10951,9686,mesa de 70 x 120,"Muebles, Hogar y Deco",modelo_producto
10952,10113,exprimidor black and decker,Electro y Tecno,modelo_producto
10953,10302,batidora planetaria peabody,Electro y Tecno,categoria_marca
10954,9826,mini soldadora inverter,Electro y Tecno,categoria_atributo
10955,7140,espumador de leche philips,Electro y Tecno,modelo_producto
10956,5893,mouse para tablet,Electro y Tecno,categoria_generica
10957,2707,auto de juguete hot wheels monster truck,Bebes y Niños,modelo_producto
10958,1307,planchita de pelo remington,Salud y Belleza,modelo_producto
10959,11885,samsung galaxy sm-a536ezkaaro,Electro y Tecno,modelo_producto
10960,11618,colchoneta mat para yoga,Deporte y Fitness,modelo_producto
10961,7957,gran lattissima,Electro y Tecno,categoria_generica
10962,11091,mate hello kitty,"Muebles, Hogar y Deco",categoria_generica
10963,5671,butaca mega baby,Bebes y Niños,categoria_generica
10964,5508,calefón con llama piloto,Electro y Tecno,modelo_producto
10965,9509,serum anew avon,Salud y Belleza,categoria_generica
10966,1844,ojotas mujer,Electro y Tecno,categoria_generica
10967,7114,auriculares inalambricos para niños,Electro y Tecno,modelo_producto
10968,3732,placard 3 puertas corredizas,"Muebles, Hogar y Deco",modelo_producto
10969,666,gtx 1660 super,Electro y Tecno,categoria_generica
10970,10687,philips sonicare,Electro y Tecno,categoria_marca
10971,10065,auriculares jbl quantum 50,Electro y Tecno,modelo_producto
10972,9963,horno electrico winco 23 litros,Electro y Tecno,categoria_atributo
10973,12908,ax toys,"Muebles, Hogar y Deco",categoria_generica
10974,10865,maquina de dulces,Electro y Tecno,categoria_generica
10975,12783,termo bomba de 1 litro,"Muebles, Hogar y Deco",categoria_atributo
10976,1309,xiaomi 15t pro,Electro y Tecno,modelo_producto
10977,12389,soporte para barral,Electro y Tecno,categoria_generica
10978,361,samsung a72,Electro y Tecno,modelo_producto
10979,974,reel de pesca,Deporte y Fitness,categoria_generica
10980,11840,ventilador de techo peabody carrefour,Electro y Tecno,modelo_producto
10981,1897,vaso stanley termico,"Muebles, Hogar y Deco",categoria_marca
10982,9530,athletic greens,Salud y Belleza,categoria_generica
10983,4527,juguete control roku,Electro y Tecno,categoria_generica
10984,12859,termo lumilagro independiente,"Muebles, Hogar y Deco",categoria_generica
10985,6953,juguete practicuna felcraft,Bebes y Niños,categoria_generica
10986,12743,philips hue tira led,"Muebles, Hogar y Deco",modelo_producto
10987,5541,tripode gadnic,Electro y Tecno,categoria_marca
10988,9989,lenovo ideapad 320 i5,Electro y Tecno,modelo_producto
10989,10814,juguera extractor,Electro y Tecno,categoria_generica
10990,12110,iphone 11 espacial,Electro y Tecno,modelo_producto
10991,3236,motosierra eléctrica,Electro y Tecno,categoria_atributo
10992,475,intercomunicador moto,Electro y Tecno,categoria_generica
10993,4538,ganchos para hamaca paraguaya,Bebes y Niños,modelo_producto
10994,4493,plancha,Salud y Belleza,modelo_producto
10995,6788,zapatillas avia hombre,Indumentaria y Calzado,categoria_generica
10996,3981,samsung galaxy tablet 9 pulgadas,Electro y Tecno,modelo_producto
10997,728,bici slp rodado 29,Deporte y Fitness,categoria_atributo
10998,12880,pileta sol verano,"Muebles, Hogar y Deco",categoria_generica
10999,5778,freezer vertical briket,Electro y Tecno,categoria_generica
11000,11790,ipad pro 11 4ta generacion,Electro y Tecno,modelo_producto
11001,12162,haylou gst lite,Electro y Tecno,categoria_generica
11002,237,iphone 16 plus,Electro y Tecno,modelo_producto
11003,1945,depiladora definitiva,Salud y Belleza,categoria_generica
11004,12767,bomba para pileta 1 hp,"Muebles, Hogar y Deco",modelo_producto
11005,8783,motorola pulse escape,Electro y Tecno,categoria_marca
11006,2674,silla de caño,"Muebles, Hogar y Deco",categoria_generica
11007,5243,membrana en pasta polacrin,Electro y Tecno,modelo_producto
11008,7195,olla coccion lenta,Electro y Tecno,categoria_generica
11009,8484,juguete triciclo plastico,Bebes y Niños,categoria_generica
11010,11938,reloj honor band 6,Electro y Tecno,modelo_producto
11011,11461,aire hitachi 3200 inverter,Electro y Tecno,categoria_atributo
11012,9175,lyonn estabilizador,Electro y Tecno,categoria_generica
11013,11657,lentes,Electro y Tecno,modelo_producto
11014,6173,exhibidora briket m4300,Electro y Tecno,categoria_generica
11015,5357,perchero valet,"Muebles, Hogar y Deco",categoria_generica
11016,6569,multiprocesadora black and decker,Electro y Tecno,modelo_producto
11017,1534,gravity bicicleta,Deporte y Fitness,categoria_generica
11018,8192,alacena y bajo mesada con bacha,"Muebles, Hogar y Deco",modelo_producto
11019,4838,estimulador muscular,Electro y Tecno,categoria_generica
11020,6166,aspiradora robot philips,Electro y Tecno,categoria_marca
11021,11353,tonico loreal,Salud y Belleza,categoria_generica
11022,8643,caja drean concept 5.05,Electro y Tecno,modelo_producto
11023,12536,bermuda kappa,Electro y Tecno,categoria_generica
11024,10399,aspiradora filtro de agua,Electro y Tecno,modelo_producto
11025,7423,modular comedor,"Muebles, Hogar y Deco",categoria_generica
11026,3846,auto de cars,Bebes y Niños,categoria_generica
11027,11874,termotanque electrico 53 litros,Electro y Tecno,categoria_atributo
11028,3010,bateria moura 12x75,Autos y Motos,categoria_generica
11029,4835,idol 3,Electro y Tecno,categoria_generica
11030,5740,lavarropas patrick 8 kg,Electro y Tecno,modelo_producto
11031,11403,auto de juguete dinosaurio pistas hot wheels,Bebes y Niños,modelo_producto
11032,11299,vitamina b12 en polvo,Salud y Belleza,modelo_producto
11033,4083,anafe a gas empotrable,Electro y Tecno,modelo_producto
11034,5708,columbia lavarropas,Electro y Tecno,categoria_generica
11035,11046,la cardeuse native 400,"Muebles, Hogar y Deco",modelo_producto
11036,8784,hp desmalezadora omaha,Electro y Tecno,categoria_marca
11037,12413,lenovo zaaj0231ar,Electro y Tecno,modelo_producto
11038,12836,bomba presurizadora gamma,"Muebles, Hogar y Deco",categoria_generica
11039,1346,mochila para gatos,Indumentaria y Calzado,categoria_generica
11040,7162,reloj inteligente redondo,Electro y Tecno,categoria_generica
11041,12970,accesorios de maquillaje,Salud y Belleza,categoria_generica
11042,4077,freidora de aire kanji,Electro y Tecno,modelo_producto
11043,4142,red de ping pong,Deporte y Fitness,modelo_producto
11044,3247,logitech g535,Electro y Tecno,categoria_generica
11045,5209,maquina de coser suono,Electro y Tecno,modelo_producto
11046,7783,tablet exo 10 pulgadas,Electro y Tecno,categoria_atributo
11047,431,cocinas,Electro y Tecno,categoria_generica
11048,6563,olla hudson 24 cm,Electro y Tecno,modelo_producto
11049,2961,cuchillo de pan,"Muebles, Hogar y Deco",categoria_generica
11050,6473,pop it electrónico,Bebes y Niños,categoria_generica
11051,3763,cocina mabe,Electro y Tecno,categoria_generica
11052,2718,juguete estación de soldado,Electro y Tecno,modelo_producto
11053,8468,mesa de arrime regulable,"Muebles, Hogar y Deco",modelo_producto
11054,3565,whirlpool heladera retro,Electro y Tecno,categoria_marca
11055,3934,kit manicura,Deporte y Fitness,categoria_generica
11056,10686,samsung s4,Electro y Tecno,modelo_producto
11057,4069,heladera acero inoxidable,Electro y Tecno,categoria_generica
11058,7385,sillon reclinable relax,Salud y Belleza,categoria_generica
11059,5633,puff nordico,"Muebles, Hogar y Deco",categoria_generica
11060,200,samsung a57,Electro y Tecno,modelo_producto
11061,5278,telemetro para caza,Electro y Tecno,categoria_generica
11062,3125,samsung s21 ultra características,Electro y Tecno,modelo_producto
11063,6151,brazo doble monitor,Electro y Tecno,categoria_generica
11064,8614,termotanque electrico alta recuperacion 50 litros,Electro y Tecno,categoria_atributo
11065,8246,juego de bingo con bolillero,Bebes y Niños,modelo_producto
11066,7469,jimmy choo man ice,Salud y Belleza,modelo_producto
11067,3175,sandwichera 3 en 1,Electro y Tecno,modelo_producto
11068,7911,iphone rose gold,Electro y Tecno,categoria_marca
11069,8507,juguete aire daewoo,Electro y Tecno,categoria_generica
11070,851,mochila de carrito para niña,Indumentaria y Calzado,modelo_producto
11071,11189,vaso de tequila,"Muebles, Hogar y Deco",categoria_generica
11072,11048,set de mate lumilagro,"Muebles, Hogar y Deco",modelo_producto
11073,6928,juguete monopatin rainbow,Bebes y Niños,categoria_generica
11074,6460,slp rodado 20,Deporte y Fitness,categoria_atributo
11075,4667,horno bgh 40 litros,Electro y Tecno,modelo_producto
11076,3507,epson ecotank l1250,Electro y Tecno,categoria_generica
11077,5731,anafe eléctrico 2 hornallas liliana,Electro y Tecno,modelo_producto
11078,8339,depiladora sin dolor,Salud y Belleza,categoria_generica
11079,3746,cocina florencia 5536,Electro y Tecno,categoria_generica
11080,7708,pava eléctrica digital philips,Electro y Tecno,modelo_producto
11081,11217,juliana pulseras,"Muebles, Hogar y Deco",categoria_generica
11082,4950,valija samsonite grande,Indumentaria y Calzado,categoria_generica
11083,2769,hp laser mfp 137fnw,Electro y Tecno,modelo_producto
11084,8883,proyector 6000 lumens,Electro y Tecno,categoria_generica
11085,5478,mini aspiradora portatil,Electro y Tecno,categoria_atributo
11086,12211,samsung buds live,Electro y Tecno,categoria_marca
11087,3123,xiaomi redmi 13 pro,Electro y Tecno,modelo_producto
11088,5604,muebles para baño vanitory,"Muebles, Hogar y Deco",modelo_producto
11089,670,anteojos inteligentes,Electro y Tecno,categoria_generica
11090,7766,ultraviolet paco rabanne mujer,Electro y Tecno,modelo_producto
11091,9862,agujereadora gamma,Deporte y Fitness,categoria_generica
11092,9414,biblioteca paraiso,"Muebles, Hogar y Deco",categoria_generica
11093,8483,juguete triciclo bebitos,Bebes y Niños,categoria_generica
11094,6737,botella con filtro,Electro y Tecno,categoria_generica
11095,373,te amo en 100 idiomas,Electro y Tecno,modelo_producto
11096,4483,magnesio para niños,Salud y Belleza,categoria_generica
11097,1842,reloj montreal,Electro y Tecno,categoria_generica
11098,6202,licuadora trituradora de hielo,Electro y Tecno,modelo_producto
11099,2637,beats auriculares,Electro y Tecno,categoria_generica
11100,6932,mochila cambiador para bebe,Bebes y Niños,modelo_producto
11101,6053,juguete tensiometro de muñeca,Salud y Belleza,modelo_producto
11102,1305,jbl flip 5,Electro y Tecno,modelo_producto
11103,531,vaporizador de ropa,"Muebles, Hogar y Deco",categoria_generica
11104,10173,microondas 30 litros con grill,Electro y Tecno,categoria_atributo
11105,3239,electrolux mixer,Electro y Tecno,categoria_marca
11106,10982,tramontina churrasco 12 piezas,"Muebles, Hogar y Deco",modelo_producto
11107,2173,cafetera oster latte 4 en 1,Electro y Tecno,modelo_producto
11108,12405,ooni koda,Electro y Tecno,categoria_generica
11109,12147,motorola escape 220,Electro y Tecno,modelo_producto
11110,4251,botella con pico,Electro y Tecno,categoria_generica
11111,3406,juguete practicuna infanti,Bebes y Niños,categoria_generica
11112,10729,escritorio tables,"Muebles, Hogar y Deco",categoria_generica
11113,3570,gas butano para anafe,Electro y Tecno,modelo_producto
11114,11290,beach waves plancha,Salud y Belleza,categoria_generica
11115,7276,forest ride,Electro y Tecno,categoria_generica
11116,11844,microsoft xbox carbon black,Electro y Tecno,modelo_producto
11117,12531,remachadora stanley,Electro y Tecno,categoria_marca
11118,5795,tv hitachi 55,Electro y Tecno,categoria_generica
11119,12854,balanza de cocina aspen,"Muebles, Hogar y Deco",modelo_producto
11120,6679,tablet samsung 10,Electro y Tecno,modelo_producto
11121,12172,parrilla portatil a gas,Electro y Tecno,categoria_atributo
11122,508,antifaz,Deporte y Fitness,modelo_producto
11123,961,paparulo muebles,"Muebles, Hogar y Deco",categoria_generica
11124,3058,mini amoladora,Electro y Tecno,categoria_generica
11125,5250,lenovo thinkpad e14,Electro y Tecno,modelo_producto
11126,10947,rains backpack,Indumentaria y Calzado,categoria_generica
11127,6973,remo,Deporte y Fitness,categoria_generica
11128,440,mini ventilador,Electro y Tecno,categoria_generica
11129,2493,aire ventana frio calor,Electro y Tecno,modelo_producto
11130,9567,bateria j1,Autos y Motos,categoria_generica
11131,209,redmi 15,Electro y Tecno,modelo_producto
11132,7278,soporte escobas,Electro y Tecno,categoria_generica
11133,13033,lotrimin crema,Salud y Belleza,categoria_generica
11134,11503,juguete quinny zapp,Bebes y Niños,categoria_generica
11135,12704,flapper ferrum,"Muebles, Hogar y Deco",categoria_generica
11136,3589,gadnic tablet,Electro y Tecno,categoria_marca
11137,6683,ventilador de pie axel,Electro y Tecno,modelo_producto
11138,5327,placard platinum 3 puertas,"Muebles, Hogar y Deco",modelo_producto
11139,9756,juguete chifonier con puerta,Bebes y Niños,modelo_producto
11140,11279,maybelline lead the way,Salud y Belleza,modelo_producto
11141,2972,cocina con grill,Electro y Tecno,categoria_generica
11142,12855,silla gamer micro,"Muebles, Hogar y Deco",categoria_atributo
11143,5258,picadora de carne eléctrica,Electro y Tecno,categoria_atributo
11144,2395,philco vaporizador de prendas,Electro y Tecno,modelo_producto
11145,2817,camara imou exterior,Electro y Tecno,categoria_generica
11146,2192,cartucho hp 662,Electro y Tecno,modelo_producto
11147,859,barco pirata,"Muebles, Hogar y Deco",categoria_generica
11148,4184,auriculares f9,Electro y Tecno,categoria_generica
11149,8582,bicicleta fija profesional,Deporte y Fitness,categoria_atributo
11150,3477,secarropas drean 6.5,Electro y Tecno,modelo_producto
11151,2605,auriculares p9,Electro y Tecno,categoria_generica
11152,2011,xiaomi poco c71,Electro y Tecno,modelo_producto
11153,4151,burberry london mujer,Salud y Belleza,categoria_generica
11154,1834,cargador motorola,Electro y Tecno,categoria_marca
11155,12967,brumate,"Muebles, Hogar y Deco",modelo_producto
11156,6464,juguete cochecito quinny,Bebes y Niños,categoria_generica
11157,10182,heladera bajo mesada neba,Electro y Tecno,modelo_producto
11158,12867,oso polo juego,"Muebles, Hogar y Deco",categoria_generica
11159,12127,hellbot hidra 220,Electro y Tecno,categoria_generica
11160,12539,perfumero portatil,Electro y Tecno,categoria_atributo
11161,11914,samsung galaxy sm r900,Electro y Tecno,modelo_producto
11162,10599,escritorio wengue,Electro y Tecno,categoria_generica
11163,5698,funcional pilates y yoga,Deporte y Fitness,categoria_generica
11164,9598,aire daewoo frio calor,Electro y Tecno,modelo_producto
11165,6212,oakley fuel cell,Electro y Tecno,categoria_generica
11166,8096,escritorio de recepcion,"Muebles, Hogar y Deco",categoria_generica
11167,5751,samsung galaxy s24 ultra,Electro y Tecno,modelo_producto
11168,12666,mochila amayra street,Indumentaria y Calzado,categoria_generica
11169,6598,radio reloj sony,Electro y Tecno,categoria_marca
11170,1796,onn google tv,Electro y Tecno,categoria_generica
11171,1278,xiaomi redmi note 8 pro,Electro y Tecno,modelo_producto
11172,13048,cardo de leche,Salud y Belleza,categoria_generica
11173,5607,santa julia en lata,"Muebles, Hogar y Deco",modelo_producto
11174,3443,eliptico randers,Deporte y Fitness,categoria_marca
11175,3016,cochecito de bebe disney minnie,Bebes y Niños,modelo_producto
11176,1688,secador de pelo remington,Salud y Belleza,modelo_producto
11177,4261,motosierra chica,Electro y Tecno,categoria_generica
11178,10882,exhibidora vertical inelro mt26 765lts,Electro y Tecno,modelo_producto
11179,3844,auto de peppa pig,Autos y Motos,modelo_producto
11180,5507,freezer 350 litros,Electro y Tecno,categoria_atributo
11181,3885,juguete adaptador inodoro,Bebes y Niños,categoria_generica
11182,1030,lamparas de pie,"Muebles, Hogar y Deco",categoria_generica
11183,3615,macbook m1,Electro y Tecno,categoria_generica
11184,3580,philips ambilight 55,Electro y Tecno,modelo_producto
11185,11672,notebook max l5 i5 microsoft 365 personal,Electro y Tecno,modelo_producto
11186,6246,auriculares de gatito,Electro y Tecno,categoria_generica
11187,5528,exprimidor moulinex,Electro y Tecno,categoria_marca
11188,2885,samsung j5,Electro y Tecno,modelo_producto
11189,689,cargadores portatiles,Electro y Tecno,categoria_generica
11190,9204,zapatillas head san diego hombre,Indumentaria y Calzado,modelo_producto
11191,225,mate listo,"Muebles, Hogar y Deco",categoria_generica
11192,3743,lampara de escritorio articulada,"Muebles, Hogar y Deco",modelo_producto
11193,4486,aqua dubai,Salud y Belleza,categoria_generica
11194,5783,motorola g9 play,Electro y Tecno,modelo_producto
11195,6286,polacrin pintura,Electro y Tecno,categoria_generica
11196,381,lg k22,Electro y Tecno,modelo_producto
11197,3471,calefon universal 14 litros,Electro y Tecno,categoria_atributo
11198,5299,rallador hudson,Electro y Tecno,categoria_generica
11199,6019,bateria iphone 8 plus,Electro y Tecno,modelo_producto
11200,9707,juguete fast shots,Bebes y Niños,categoria_generica
11201,2681,sillon,"Muebles, Hogar y Deco",categoria_generica
11202,9846,lol casa,Deporte y Fitness,categoria_generica
11203,733,poco x8 pro,Electro y Tecno,categoria_generica
11204,4682,aire acondicionado portatil bgh,Electro y Tecno,modelo_producto
11205,6988,kit de tijeras de peluquería,Deporte y Fitness,modelo_producto
11206,7178,samsung oled tv,Electro y Tecno,categoria_marca
11207,9274,sommier marinero 1 plaza,"Muebles, Hogar y Deco",modelo_producto
11208,408,samsung galaxy a36,Electro y Tecno,modelo_producto
11209,2091,panchera a gas,Electro y Tecno,categoria_generica
11210,2136,serum niacinamida dermaglos,Salud y Belleza,categoria_generica
11211,8430,lego jurassic world dominion,Bebes y Niños,modelo_producto
11212,7682,protector solar mineral la roche posay,Salud y Belleza,modelo_producto
11213,1583,xiaomi redmi a5,Electro y Tecno,modelo_producto
11214,12849,cover 2 plazas,"Muebles, Hogar y Deco",categoria_generica
11215,7907,fitbit sense 2,Electro y Tecno,categoria_generica
11216,2099,luncheras escolares,Indumentaria y Calzado,categoria_generica
11217,7073,freezer chico bajo mesada,Electro y Tecno,modelo_producto
11218,8805,sacaleche electrico doble,Electro y Tecno,categoria_atributo
11219,2503,game stick 4k,Electro y Tecno,categoria_generica
11220,1977,calefaccion,Electro y Tecno,modelo_producto
11221,2830,lenovo notebook tablet,Electro y Tecno,categoria_marca
11222,8524,muñeca lady bug,Bebes y Niños,categoria_generica
11223,10556,godeco belle,Electro y Tecno,categoria_generica
11224,2946,cabina uv led,"Muebles, Hogar y Deco",categoria_generica
11225,8986,lenovo 15 pulgadas,Electro y Tecno,modelo_producto
11226,8189,bomba presurizadora para 3 baños,"Muebles, Hogar y Deco",modelo_producto
11227,5155,bicicleta de aluminio rodado 29,Deporte y Fitness,categoria_atributo
11228,10732,mouse mini,Electro y Tecno,categoria_generica
11229,9998,cortacerco black and decker,Electro y Tecno,modelo_producto
11230,8381,cavitador corporal,Salud y Belleza,categoria_generica
11231,6106,olla hierro fundido esmaltada,Electro y Tecno,modelo_producto
11232,6622,haylou gt7 neo,Electro y Tecno,categoria_generica
11233,5974,silla paraguaya,"Muebles, Hogar y Deco",categoria_generica
11234,7765,termotanque coppens 23 litros,Electro y Tecno,categoria_atributo
11235,339,motorola moto e15,Electro y Tecno,modelo_producto
11236,11394,prensa valvula,Autos y Motos,categoria_generica
11237,638,galaxy s25 ultra,Electro y Tecno,categoria_generica
11238,1723,inflador de pelota,Deporte y Fitness,categoria_generica
11239,4274,microondas bgh,Electro y Tecno,categoria_marca
11240,8906,ventilador de techo con luz,Electro y Tecno,modelo_producto
11241,10487,anafe ariston induccion,Electro y Tecno,categoria_generica
11242,9461,velador,"Muebles, Hogar y Deco",modelo_producto
11243,1982,xiaomi note 14 pro plus,Electro y Tecno,modelo_producto
11244,9766,muñeco aquamerito,Bebes y Niños,categoria_generica
11245,6382,griferia vintage,"Muebles, Hogar y Deco",categoria_generica
11246,2514,purificadores de agua,Electro y Tecno,categoria_generica
11247,11715,samsung cargador galaxy watch 5,Electro y Tecno,modelo_producto
11248,3420,juguete cuna con cajonera,Bebes y Niños,modelo_producto
11249,2683,perfume paco rabanne hombre,Salud y Belleza,modelo_producto
11250,7200,planchita vanta,Salud y Belleza,categoria_generica
11251,12146,my only bottle,Electro y Tecno,categoria_generica
11252,11927,auriculares soundcore life q20,Electro y Tecno,modelo_producto
11253,9916,tcl 40 se tiene nfc,Electro y Tecno,categoria_atributo
11254,12362,m box,Electro y Tecno,categoria_generica
11255,12060,celular samsung a03,Electro y Tecno,modelo_producto
11256,8057,campana liliana,Electro y Tecno,categoria_marca
11257,684,vaso quencher,"Muebles, Hogar y Deco",categoria_generica
11258,2277,vaso stanley,"Muebles, Hogar y Deco",categoria_marca
11259,77,caloventor,Electro y Tecno,modelo_producto
11260,4979,rack tv flotante minimalista,"Muebles, Hogar y Deco",modelo_producto
11261,6328,riñonera head,Indumentaria y Calzado,categoria_generica
11262,193,heladera patrick,Electro y Tecno,categoria_generica
11263,9777,lavarropas columbia lsc 7000 manual,Electro y Tecno,modelo_producto
11264,10606,pc admiral,Electro y Tecno,categoria_generica
11265,5632,final girl,Bebes y Niños,categoria_generica
11266,7062,samsung galaxy j7 celular,Electro y Tecno,modelo_producto
11267,7431,banqueta regulable,"Muebles, Hogar y Deco",categoria_generica
11268,9517,chanel n5 perfume,Salud y Belleza,categoria_generica
11269,2687,depiladora facial philips,Salud y Belleza,categoria_marca
11270,7874,sage bambino plus,Electro y Tecno,categoria_generica
11271,8974,cable usb de impresora,Electro y Tecno,modelo_producto
11272,2815,parlante bluetooth philips,Electro y Tecno,categoria_marca
11273,4702,pava electrica para auto,Electro y Tecno,categoria_atributo
11274,10551,freezer sigma,Electro y Tecno,categoria_generica
11275,7187,ablandador de agua vulcano,Electro y Tecno,modelo_producto
11276,6997,barra con vinoteca,Deporte y Fitness,categoria_generica
11277,6812,pileta sol de verano 250,"Muebles, Hogar y Deco",modelo_producto
11278,1680,sillon esquinero,"Muebles, Hogar y Deco",categoria_generica
11279,8005,tcl l7+,Electro y Tecno,categoria_generica
11280,12082,samsung a12 bateria,Electro y Tecno,modelo_producto
11281,3985,hp notebook pantalla tactil,Electro y Tecno,modelo_producto
11282,12372,ventilador ranser,Electro y Tecno,categoria_generica
11283,9724,mira para aire comprimido,Bebes y Niños,modelo_producto
11284,11271,vitamina d 1000 ui,Salud y Belleza,modelo_producto
11285,10352,samsung funda s23,Electro y Tecno,modelo_producto
11286,9795,patines 4 ruedas para niñas,Deporte y Fitness,modelo_producto
11287,4588,mini primer,Electro y Tecno,categoria_generica
11288,7541,juguete peluche hipopotamo,Bebes y Niños,categoria_generica
11289,3361,nebulizador mesh,Salud y Belleza,categoria_generica
11290,5057,set de tubos,"Muebles, Hogar y Deco",categoria_generica
11291,868,lenovo yoga,Electro y Tecno,categoria_marca
11292,1638,redmi a3x,Electro y Tecno,modelo_producto
11293,2195,galaxy book 4,Electro y Tecno,categoria_generica
11294,6577,horno eléctrico 120 litros,Electro y Tecno,categoria_atributo
11295,11017,juego de tronos juego de mesa,"Muebles, Hogar y Deco",modelo_producto
11296,5328,cocina martiri new lujo,Electro y Tecno,modelo_producto
11297,5818,pava silbadora hudson,Electro y Tecno,categoria_generica
11298,29,redmi note 13,Electro y Tecno,modelo_producto
11299,5595,colchón de 2 plazas y media,"Muebles, Hogar y Deco",categoria_generica
11300,33,poco x3,Electro y Tecno,categoria_generica
11301,437,motorola g51,Electro y Tecno,modelo_producto
11302,5912,mochila reforzada hombre,Indumentaria y Calzado,categoria_generica
11303,8552,bicicleta sbk rodado 29,Deporte y Fitness,categoria_atributo
11304,756,calefaccion a gas,Electro y Tecno,categoria_generica
11305,4062,drean lavarropas con wifi,Electro y Tecno,modelo_producto
11306,1912,silla gamer,"Muebles, Hogar y Deco",categoria_atributo
11307,3608,minicomponente samsung,Electro y Tecno,categoria_marca
11308,5647,serum crecimiento cabello,Salud y Belleza,categoria_generica
11309,5627,chanchito gloton,Bebes y Niños,categoria_generica
11310,11960,modulo redmi note 5,Electro y Tecno,modelo_producto
11311,4823,split caloventor,Electro y Tecno,categoria_generica
11312,10922,mochila tela de avion,Indumentaria y Calzado,modelo_producto
11313,2965,joyero organizador,"Muebles, Hogar y Deco",categoria_generica
11314,4978,escalera de aluminio 4 escalones,"Muebles, Hogar y Deco",modelo_producto
11315,10496,smart jvc 43,Electro y Tecno,categoria_atributo
11316,2734,parrilla para bicicleta,Deporte y Fitness,categoria_generica
11317,10307,iphone 17 sage,Electro y Tecno,modelo_producto
11318,12190,exo e16 plus,Electro y Tecno,categoria_generica
11319,1081,iphone 15 128 gb rosa,Electro y Tecno,modelo_producto
11320,1604,lavarropas patriot,Electro y Tecno,categoria_generica
11321,9596,figura funko pop de fnaf,Bebes y Niños,modelo_producto
11322,9474,glicinato de magnesio 400 mg,Salud y Belleza,modelo_producto
11323,542,samsung j7 prime,Electro y Tecno,modelo_producto
11324,10579,panquequera doble,"Muebles, Hogar y Deco",categoria_generica
11325,5560,molinillo peabody,Electro y Tecno,categoria_marca
11326,850,balanza systel,Electro y Tecno,categoria_generica
11327,3619,samsung 85,Electro y Tecno,modelo_producto
11328,11332,suplemento shilajit,Salud y Belleza,categoria_generica
11329,2158,cubiertos de acero inoxidable,"Muebles, Hogar y Deco",modelo_producto
11330,4269,turbo caloventor,Electro y Tecno,categoria_generica
11331,12064,funda motorola e13,Electro y Tecno,modelo_producto
11332,4689,cepillo de limpieza electrico,Electro y Tecno,categoria_atributo
11333,1712,juguete ty peluches,Bebes y Niños,categoria_generica
11334,9434,reposera reclinable,"Muebles, Hogar y Deco",categoria_generica
11335,8622,smart tv noblex 50 4k android,Electro y Tecno,modelo_producto
11336,12364,blu z5,Electro y Tecno,categoria_generica
11337,3997,braun series 9 pro,Electro y Tecno,modelo_producto
11338,9155,mouse marvo,Electro y Tecno,categoria_generica
11339,725,cricket auto,Autos y Motos,categoria_generica
11340,4276,lavasecarropas electrolux,Electro y Tecno,categoria_marca
11341,10296,tostadora atma 1930,Electro y Tecno,modelo_producto
11342,4696,marshall major iv,Electro y Tecno,categoria_generica
11343,8275,griferia tauro,"Muebles, Hogar y Deco",categoria_generica
11344,11695,lavarropas automático electrolux premium care elac309w,Electro y Tecno,modelo_producto
11345,3359,valentino coral fantasy,Salud y Belleza,categoria_generica
11346,5615,juego de mate y termo,"Muebles, Hogar y Deco",modelo_producto
11347,3547,galaxy a15 5g,Electro y Tecno,categoria_generica
11348,8158,valijas owen,Indumentaria y Calzado,categoria_generica
11349,9838,bicicleta bronx,Deporte y Fitness,categoria_generica
11350,2078,taladro inalámbrico,Electro y Tecno,categoria_atributo
11351,2792,philips ambilight 65,Electro y Tecno,modelo_producto
11352,5880,freezer comercial,Electro y Tecno,categoria_generica
11353,6472,juguete orca peluche,Bebes y Niños,categoria_generica
11354,5473,soporte monitor y notebook,Electro y Tecno,modelo_producto
11355,12887,sillon para tatuar,"Muebles, Hogar y Deco",categoria_generica
11356,3617,compresor pcp,Electro y Tecno,categoria_generica
11357,2899,iphone 5s,Electro y Tecno,modelo_producto
11358,12380,minipimer liliana,Electro y Tecno,categoria_marca
11359,1714,juguete calentador de mamaderas,Bebes y Niños,modelo_producto
11360,864,piridoxina,Salud y Belleza,modelo_producto
11361,10106,dell grabadora de dvd externa,Electro y Tecno,modelo_producto
11362,4854,caloventor westinghouse,Electro y Tecno,categoria_generica
11363,8197,cama infantil 1 plaza,"Muebles, Hogar y Deco",modelo_producto
11364,1096,arabians tonka,Salud y Belleza,categoria_generica
11365,4111,philips bodygroom 3000,Electro y Tecno,modelo_producto
11366,6838,cama repisa,"Muebles, Hogar y Deco",categoria_generica
11367,4795,centella asiática cápsulas,Electro y Tecno,categoria_generica
11368,5568,parlantes gamer,Electro y Tecno,categoria_atributo
11369,4038,parlante jbl go 3,Electro y Tecno,modelo_producto
11370,5702,luz delantera para bicicleta,Deporte y Fitness,modelo_producto
11371,12570,hkc monitor,Electro y Tecno,categoria_generica
11372,9490,masajeador de cabeza eléctrico,Salud y Belleza,categoria_atributo
11373,12520,asus x415,Electro y Tecno,modelo_producto
11374,3144,hp notebook victus,Electro y Tecno,categoria_marca
11375,8531,juguete muñeca aurora,Bebes y Niños,categoria_generica
11376,12410,auriculares iqual,Electro y Tecno,categoria_generica
11377,12175,samsung qn90b 50,Electro y Tecno,modelo_producto
11378,4542,mesa eames redonda,"Muebles, Hogar y Deco",categoria_generica
11379,6815,cuadro de ducha termofusion,"Muebles, Hogar y Deco",modelo_producto
11380,1833,exhibidora inelro,Electro y Tecno,categoria_generica
11381,1300,funda iphone 13,Electro y Tecno,modelo_producto
11382,11594,bicicleta electrica fiat 500,Deporte y Fitness,categoria_atributo
11383,4490,gisada ambassador,Salud y Belleza,categoria_generica
11384,1418,heladera patrick no frost,Electro y Tecno,modelo_producto
11385,1958,aire acondicionado hitachi,Electro y Tecno,categoria_generica
11386,8587,tarp camping,Deporte y Fitness,categoria_generica
11387,7788,calefon electrico atmor,Electro y Tecno,categoria_atributo
11388,5026,cubrecama king size,"Muebles, Hogar y Deco",categoria_generica
11389,12480,lg oled65a1psa,Electro y Tecno,modelo_producto
11390,12558,auriculares beyerdynamic,Electro y Tecno,categoria_generica
11391,794,cargador inalambrico iphone,Electro y Tecno,categoria_marca
11392,1741,apple airpods 2da generacion,Electro y Tecno,modelo_producto
11393,1483,mochilas deportivas,Indumentaria y Calzado,categoria_generica
11394,2233,echo dot,Electro y Tecno,categoria_generica
11395,6453,juguete camion con autitos,Bebes y Niños,modelo_producto
11396,5641,afeitadora philips serie 1000,Salud y Belleza,modelo_producto
11397,7542,peluche star belly,Bebes y Niños,categoria_generica
11398,1282,parlante jbl flip 7,Electro y Tecno,modelo_producto
11399,12874,balanza de baño atma,"Muebles, Hogar y Deco",modelo_producto
11400,1806,camara domo exterior,Electro y Tecno,categoria_generica
11401,9396,guarda dientes,"Muebles, Hogar y Deco",categoria_generica
11402,10836,xiaomi m5,Electro y Tecno,modelo_producto
11403,7473,dhea 25 mg,Salud y Belleza,categoria_generica
11404,5233,camara tp link,Electro y Tecno,categoria_generica
11405,4636,hp impresora color sistema continuo,Electro y Tecno,modelo_producto
11406,6579,panel tv 55 pulgadas,Electro y Tecno,categoria_atributo
11407,10566,potencia b52,Electro y Tecno,categoria_generica
11408,9043,sony fx30,Electro y Tecno,modelo_producto
11409,4694,aspiradora robot philco,Electro y Tecno,categoria_marca
11410,12914,justin mate,"Muebles, Hogar y Deco",categoria_generica
11411,10888,mixer mini pimmer daewoo dhb708s,Electro y Tecno,modelo_producto
11412,137,moto g13,Electro y Tecno,categoria_generica
11413,5002,mopa plana con balde,"Muebles, Hogar y Deco",modelo_producto
11414,68,videojuegos,Electro y Tecno,modelo_producto
11415,10311,tablet kassel 7,Electro y Tecno,categoria_generica
11416,11561,mesa tulip,Bebes y Niños,categoria_generica
11417,8736,cafetera embolo acero inoxidable,Electro y Tecno,modelo_producto
11418,3787,kit de mate,"Muebles, Hogar y Deco",categoria_generica
11419,5262,playstation joystick play,Electro y Tecno,categoria_generica
11420,5649,elvive anti frizz,Salud y Belleza,categoria_generica
11421,971,arcos de futbol,Deporte y Fitness,categoria_generica
11422,10525,jbl live 460nc,Electro y Tecno,modelo_producto
11423,12351,bordeadora electrica con carrito,Electro y Tecno,categoria_atributo
11424,2878,philips de auriculares,Electro y Tecno,categoria_marca
11425,10466,tromen pehuen 9500,Electro y Tecno,categoria_generica
11426,10138,philips hue starter kit,Electro y Tecno,modelo_producto
11427,12294,colmi land 2,Electro y Tecno,categoria_generica
11428,11419,muñecas polly pocket muñeca individual,Bebes y Niños,modelo_producto
11429,4654,heladera whirlpool doble puerta,Electro y Tecno,modelo_producto
11430,2923,zapatillas fila hombre originales,Indumentaria y Calzado,modelo_producto
11431,11143,inodoro y bidet,"Muebles, Hogar y Deco",categoria_generica
11432,1895,mesada de cocina con bacha,"Muebles, Hogar y Deco",modelo_producto
11433,11376,melazepam,Salud y Belleza,modelo_producto
11434,11774,asus rog strix scar 15,Electro y Tecno,modelo_producto
11435,2627,cubeteras de silicona,Electro y Tecno,categoria_generica
11436,6326,37 street,Indumentaria y Calzado,categoria_generica
11437,8878,bacha con pie para baño,Electro y Tecno,modelo_producto
11438,5696,motosierra de juguete,Bebes y Niños,categoria_generica
11439,4871,soporte microfono,Electro y Tecno,categoria_generica
11440,13042,glucosamina + condroitina,Salud y Belleza,categoria_generica
11441,8016,oled samsung,Electro y Tecno,categoria_marca
11442,2984,cabezal de desmalezadora,"Muebles, Hogar y Deco",categoria_generica
11443,12013,auriculares foxbox boost force,Electro y Tecno,modelo_producto
11444,4865,paellera electrica,Electro y Tecno,categoria_atributo
11445,5136,amplificador marshall,Autos y Motos,categoria_generica
11446,6625,zte blade a310,Electro y Tecno,categoria_generica
11447,2094,cortacerco,Electro y Tecno,modelo_producto
11448,6918,mesa redonda 60 cm,"Muebles, Hogar y Deco",modelo_producto
11449,4230,fuente de computadora,Electro y Tecno,categoria_generica
11450,4139,hp omen 15,Electro y Tecno,modelo_producto
11451,9613,monopatin max you s1,Deporte y Fitness,modelo_producto
11452,2978,mueble de melamina,"Muebles, Hogar y Deco",categoria_generica
11453,1141,aspiradora ultracomb,Electro y Tecno,categoria_generica
11454,6107,pava eléctrica moulinex mate,Electro y Tecno,modelo_producto
11455,6085,hornos a lena,Electro y Tecno,categoria_generica
11456,3525,batidora de mano mini,Electro y Tecno,modelo_producto
11457,9870,atornillador stanley,Electro y Tecno,categoria_marca
11458,5157,bicicleta talle l,Deporte y Fitness,categoria_generica
11459,3821,ansaam gold lattafa,Salud y Belleza,categoria_generica
11460,3930,canasto plegable,Deporte y Fitness,categoria_atributo
11461,1389,juguete rs5,Bebes y Niños,categoria_generica
11462,1987,hisense smart tv 70 pulgadas,Electro y Tecno,categoria_atributo
11463,790,nintendo switch splatoon 3,Electro y Tecno,modelo_producto
11464,2215,termotanque carga inferior,Electro y Tecno,categoria_generica
11465,1888,sartenes biferas y woks,"Muebles, Hogar y Deco",categoria_generica
11466,4986,canasto ropa sucia con tapa,"Muebles, Hogar y Deco",modelo_producto
11467,5726,lavarropas drean fuzzy logic 206,Electro y Tecno,modelo_producto
11468,5664,estereo para auto con pantalla,Autos y Motos,modelo_producto
11469,12093,teclado logitech g513,Electro y Tecno,categoria_generica
11470,7548,juguete muñeca para peinar,Bebes y Niños,modelo_producto
11471,7008,jean paul gaultier le beau mujer,Salud y Belleza,modelo_producto
11472,1702,bateria iphone 11,Electro y Tecno,modelo_producto
11473,9157,bidon para nafta,Electro y Tecno,categoria_generica
11474,9370,una silla gamer,"Muebles, Hogar y Deco",categoria_atributo
11475,11904,huawei band 7 pro,Electro y Tecno,modelo_producto
11476,11168,carrito de compras,"Muebles, Hogar y Deco",categoria_generica
11477,3614,tablet noblex,Electro y Tecno,categoria_marca
11478,3632,poco c85,Electro y Tecno,categoria_generica
11479,8624,lavarropas electrolux carga superior 9 kg,Electro y Tecno,modelo_producto
11480,862,tintura loreal,Salud y Belleza,categoria_generica
11481,6652,pava plegable de silicona,Electro y Tecno,categoria_atributo
11482,8148,talle 39,Indumentaria y Calzado,categoria_generica
11483,10411,camiseta racing 2023,Electro y Tecno,categoria_generica
11484,3076,xiaomi redmi note 13 pro plus,Electro y Tecno,modelo_producto
11485,7557,lego looney tunes,Bebes y Niños,categoria_generica
11486,11005,extractor de cocina eslabon de lujo,"Muebles, Hogar y Deco",modelo_producto
11487,2266,sillas de jardin,"Muebles, Hogar y Deco",categoria_generica
11488,8813,sony mhc v13,Electro y Tecno,modelo_producto
11489,1223,rouser 125,Electro y Tecno,categoria_generica
11490,870,samsung heladera side by side,Electro y Tecno,modelo_producto
11491,1728,cocinas electricas,Electro y Tecno,categoria_generica
11492,5462,cafetera atma disney,Electro y Tecno,categoria_marca
11493,1203,maquina de coser toyota,Electro y Tecno,modelo_producto
11494,10617,copa country,Electro y Tecno,categoria_generica
11495,9878,phlat ball,Deporte y Fitness,categoria_generica
11496,12911,reposeras plasticas,"Muebles, Hogar y Deco",categoria_generica
11497,9894,lavarropas drean design gold 10.8 si,Electro y Tecno,modelo_producto
11498,5854,planchita winco,Salud y Belleza,categoria_generica
11499,4764,horno electrico yelmo,Electro y Tecno,categoria_atributo
11500,12718,colchón de espuma piero parma jack 190 x 80 cm,"Muebles, Hogar y Deco",modelo_producto
11501,8245,cocina morelli saho,Electro y Tecno,categoria_generica
11502,10184,parlantes edifier 2.1,Electro y Tecno,modelo_producto
11503,8235,juego de mesa pasapalabra,Bebes y Niños,modelo_producto
11504,7467,secador de platos acero inoxidable,Salud y Belleza,modelo_producto
11505,5680,juguete pistola termografica,Bebes y Niños,categoria_generica
11506,169,cocina escorial,Electro y Tecno,categoria_generica
11507,7699,aire acondicionado samsung inverter,Electro y Tecno,modelo_producto
11508,5351,wok hudson,"Muebles, Hogar y Deco",categoria_generica
11509,1211,ipad air m3,Electro y Tecno,categoria_generica
11510,6617,aspiradora philco predicta,Electro y Tecno,categoria_marca
11511,74,samsung a55,Electro y Tecno,modelo_producto
11512,847,motorola g86,Electro y Tecno,modelo_producto
11513,11035,tv skyworth 50,Electro y Tecno,categoria_generica
11514,6065,bicicleta spinning randers,Deporte y Fitness,categoria_marca
11515,5735,planchita y buclera 2 en 1,"Muebles, Hogar y Deco",modelo_producto
11516,3577,body splash hombre,Salud y Belleza,categoria_generica
11517,11847,poco f4 gt 5g,Electro y Tecno,modelo_producto
11518,10346,teclado inalambrico mini,Electro y Tecno,categoria_atributo
11519,8113,atornillador total,Electro y Tecno,categoria_generica
11520,1500,juego de tubos,"Muebles, Hogar y Deco",categoria_generica
11521,7693,termotanque a gas conexion inferior,Electro y Tecno,modelo_producto
11522,5237,disco rigido externo,Electro y Tecno,categoria_generica
11523,4641,apple watch series 7,Electro y Tecno,modelo_producto
11524,8155,fila heating,Indumentaria y Calzado,categoria_generica
11525,6474,juguete numberblocks juguetes,Bebes y Niños,categoria_generica
11526,2229,calefactor longvie,Electro y Tecno,categoria_marca
11527,2198,desmalezadora lusqtoff 52cc,Electro y Tecno,categoria_generica
11528,10439,stereo boss con pantalla,Electro y Tecno,modelo_producto
11529,5346,tetera acero inoxidable,"Muebles, Hogar y Deco",categoria_generica
11530,6506,squishy pelota antiestres,Deporte y Fitness,categoria_generica
11531,7131,xbox joystick dynacom,Electro y Tecno,categoria_generica
11532,12017,aspiradora aspistick liliana la150,Electro y Tecno,modelo_producto
11533,11624,semikon cinta de correr,Deporte y Fitness,modelo_producto
11534,8170,termo stanley 1 litro pico cebador,"Muebles, Hogar y Deco",modelo_producto
11535,4419,topper para colchon,"Muebles, Hogar y Deco",categoria_marca
11536,11321,perfume joop hombre,Salud y Belleza,categoria_generica
11537,1648,bebedero,Electro y Tecno,modelo_producto
11538,4714,lavarropas semiautomatico patrick,Electro y Tecno,categoria_generica
11539,5572,sandwichera eléctrica,Electro y Tecno,categoria_atributo
11540,9834,conservadora 50 litros,Deporte y Fitness,categoria_atributo
11541,6825,tramontina triple fondo,"Muebles, Hogar y Deco",categoria_generica
11542,6548,camara instax mini 9,Electro y Tecno,modelo_producto
11543,3392,juguete zapatero de melamina,Bebes y Niños,modelo_producto
11544,1927,tom ford noir extreme,Salud y Belleza,modelo_producto
11545,4197,panasonic auriculares,Electro y Tecno,categoria_generica
11546,12540,turbo electrolux,Electro y Tecno,categoria_marca
11547,4003,tv philips 40 pulgadas,Electro y Tecno,modelo_producto
11548,5504,freezer vertical vondom,Electro y Tecno,categoria_generica
11549,8496,juguete chupete mam,Bebes y Niños,categoria_generica
11550,6902,bateria moto e7,Autos y Motos,categoria_generica
11551,3486,yogurtera yelmo yg-1700,Electro y Tecno,modelo_producto
11552,3564,heladera freezer inferior,Electro y Tecno,categoria_generica
11553,10913,zapatillas nike hombre 42,Indumentaria y Calzado,modelo_producto
11554,8236,mate imperial river,"Muebles, Hogar y Deco",categoria_generica
11555,9278,sillon 2 cuerpos chenille,"Muebles, Hogar y Deco",modelo_producto
11556,4741,maquina de coser lumina,Electro y Tecno,modelo_producto
11557,4492,kenzo jungle,Salud y Belleza,categoria_generica
11558,4509,taladro hamilton,Electro y Tecno,categoria_generica
11559,7676,anafe electrico 2 hornallas empotrable,Electro y Tecno,categoria_atributo
11560,2929,valija 20 pulgadas,Indumentaria y Calzado,categoria_atributo
11561,11836,licuadora oster 12 velocidades,Electro y Tecno,modelo_producto
11562,7855,asus vivobook oled,Electro y Tecno,categoria_marca
11563,5523,netyer t3,Electro y Tecno,categoria_generica
11564,10896,coolbrand,Electro y Tecno,modelo_producto
11565,2932,sommiers 2 plazas y media,"Muebles, Hogar y Deco",categoria_generica
11566,2800,pantalla para gas envasado,Electro y Tecno,modelo_producto
11567,10242,auriculares pro 4,Electro y Tecno,categoria_generica
11568,3980,funda iphone 13 pro max,Electro y Tecno,modelo_producto
11569,4351,placard 6 puertas 4 cajones,"Muebles, Hogar y Deco",modelo_producto
11570,6791,mesa valija,Deporte y Fitness,categoria_generica
11571,10630,anafe aurora,Electro y Tecno,categoria_generica
11572,9712,juguete cadena bulit,Bebes y Niños,categoria_generica
11573,3274,mochila alpine skate,Indumentaria y Calzado,categoria_generica
11574,4772,contadora de billetes gadnic,Electro y Tecno,modelo_producto
11575,646,cama king size,"Muebles, Hogar y Deco",categoria_generica
11576,12442,collar cielo,Electro y Tecno,categoria_generica
11577,6885,perfume para ti,Salud y Belleza,categoria_generica
11578,8846,exo smart e18,Electro y Tecno,categoria_atributo
11579,8705,minipimer black and decker,Electro y Tecno,modelo_producto
11580,2372,caloventor split liliana,Electro y Tecno,categoria_marca
11581,8434,cosechadora de juguete john deere,Bebes y Niños,modelo_producto
11582,7710,maquina de cortar pelo y barba,Salud y Belleza,modelo_producto
11583,7403,cocina 2 hornallas,Electro y Tecno,categoria_generica
11584,9905,figura heroes of goo jit zu,Electro y Tecno,modelo_producto
11585,1426,galaxy watch 8,Electro y Tecno,categoria_generica
11586,12224,multiprocesadora electrolux fpl20,Electro y Tecno,modelo_producto
11587,11173,griferia rory,"Muebles, Hogar y Deco",categoria_generica
11588,12969,sofa cama divan 2 cuerpos,"Muebles, Hogar y Deco",modelo_producto
11589,10596,samsung 58,Electro y Tecno,modelo_producto
11590,685,cocina domec,Electro y Tecno,categoria_generica
11591,4516,juegos de herramientas,Bebes y Niños,categoria_generica
11592,7023,jbl partybox on the go,Electro y Tecno,modelo_producto
11593,10795,rocemol impermeabilizante,Electro y Tecno,categoria_generica
11594,8385,crema caviar,Salud y Belleza,categoria_generica
11595,4485,plancha peabody,Salud y Belleza,categoria_marca
11596,10574,lavavajillas gafa,Electro y Tecno,categoria_marca
11597,3967,smart tv tcl 75 pulgadas,Electro y Tecno,categoria_atributo
11598,7356,accesorios para vino,"Muebles, Hogar y Deco",categoria_generica
11599,951,samsung s6,Electro y Tecno,modelo_producto
11600,10712,roomba 980,Electro y Tecno,categoria_generica
11601,10175,funda iphone 11 transparente,Electro y Tecno,modelo_producto
11602,4240,lápiz para tablet,Electro y Tecno,categoria_generica
11603,10977,lampara de pie color cobre,"Muebles, Hogar y Deco",modelo_producto
11604,380,samsung a10s,Electro y Tecno,modelo_producto
11605,1975,rollers,Deporte y Fitness,categoria_generica
11606,61,alcohol isopropilico,"Muebles, Hogar y Deco",categoria_generica
11607,10654,benq mx536,Electro y Tecno,categoria_generica
11608,10057,planchita gama laser ion,Electro y Tecno,modelo_producto
11609,8938,microondas atma digital,Electro y Tecno,categoria_marca
11610,2041,edge 50 fusion,Electro y Tecno,categoria_generica
11611,9980,drean gold 10.6 blue,Electro y Tecno,modelo_producto
11612,12614,monitor portatil laptop mobile pixels,Electro y Tecno,categoria_atributo
11613,2297,sceptre malachite,Salud y Belleza,categoria_generica
11614,12571,juliana peluqueria,Bebes y Niños,categoria_generica
11615,11489,puerta ciega de chapa,Bebes y Niños,modelo_producto
11616,13004,colageno con vitamina b12,Salud y Belleza,modelo_producto
11617,9216,pantalon talle l,Indumentaria y Calzado,categoria_generica
11618,3548,freidora de aire winco,Electro y Tecno,modelo_producto
11619,7218,archos celular,Electro y Tecno,categoria_generica
11620,11626,tender aluminio plegable,Deporte y Fitness,categoria_atributo
11621,5402,carpa para 10 personas,Deporte y Fitness,modelo_producto
11622,3778,tetera con infusor,"Muebles, Hogar y Deco",categoria_generica
11623,9930,hp generador eléctrico 7500 watts,Electro y Tecno,modelo_producto
11624,4172,heladera puerta reversible,Electro y Tecno,categoria_generica
11625,4362,barra led con sensor de movimiento,"Muebles, Hogar y Deco",modelo_producto
11626,1539,vitroconvectores,Electro y Tecno,modelo_producto
11627,1136,fifa 25,Electro y Tecno,categoria_generica
11628,6594,cava vondom 6 botellas,Electro y Tecno,modelo_producto
11629,994,apple cable lightning,Electro y Tecno,categoria_marca
11630,8277,mueble con puertas,"Muebles, Hogar y Deco",categoria_generica
11631,10797,cafetera de stitch,Electro y Tecno,categoria_generica
11632,3470,lavasecarropas drean 11 kg,Electro y Tecno,modelo_producto
11633,10125,tv aoc 55 pulgadas,Electro y Tecno,categoria_atributo
11634,13050,perfume chic,Salud y Belleza,categoria_generica
11635,1140,ventilador retractil,Electro y Tecno,categoria_generica
11636,11428,aire acondicionado 5300 watts,Electro y Tecno,modelo_producto
11637,4546,baby yoda peluche,Bebes y Niños,categoria_generica
11638,12751,colores faber castell 12,"Muebles, Hogar y Deco",modelo_producto
11639,785,monitores,Electro y Tecno,modelo_producto
11640,3182,reloj sumergible mujer,Electro y Tecno,categoria_generica
11641,12811,bacha piazza a117,"Muebles, Hogar y Deco",categoria_generica
11642,3147,adaptador de wifi para pc,"Muebles, Hogar y Deco",categoria_atributo
11643,6998,bicicleta sbk,Deporte y Fitness,categoria_generica
11644,10059,aire acondicionado tcl 3300,Electro y Tecno,modelo_producto
11645,1397,heladeras freezers y cavas,Electro y Tecno,categoria_generica
11646,10259,iphone xr coral,Electro y Tecno,categoria_marca
11647,789,samsung galaxy j2 core,Electro y Tecno,modelo_producto
11648,9167,licuadora moretti,Electro y Tecno,categoria_generica
11649,12942,sikafill termico,"Muebles, Hogar y Deco",categoria_generica
11650,2546,samsung 65 pulgadas 4k,Electro y Tecno,modelo_producto
11651,11513,juguete de platos playos,Bebes y Niños,modelo_producto
11652,13057,crema ojos aifeg celyz anti,Salud y Belleza,modelo_producto
11653,4017,saca leche electrico avent,Electro y Tecno,categoria_atributo
11654,10813,buclera winco,Salud y Belleza,categoria_generica
11655,1378,crique para auto,Autos y Motos,categoria_generica
11656,975,cortadoras de fiambre,Electro y Tecno,categoria_generica
11657,934,lenovo legion 5,Electro y Tecno,modelo_producto
11658,11122,perchero de acero inoxidable,"Muebles, Hogar y Deco",modelo_producto
11659,1956,juguete mamadera anticolicos,Bebes y Niños,categoria_generica
11660,2623,tv box,Electro y Tecno,categoria_generica
11661,8637,impresora hp laserjet pro m12w,Electro y Tecno,modelo_producto
11662,12702,fila action,Indumentaria y Calzado,categoria_generica
11663,11245,biblioteca escalera,"Muebles, Hogar y Deco",categoria_generica
11664,3603,dvd philips,Electro y Tecno,categoria_marca
11665,10329,jimmy choo fever,Electro y Tecno,categoria_generica
11666,621,amazon echo dot 5th gen,Electro y Tecno,modelo_producto
11667,2152,auto smart,Autos y Motos,categoria_atributo
11668,2048,samsung a71,Electro y Tecno,modelo_producto
11669,9140,polaroid 600,Electro y Tecno,categoria_generica
11670,2185,termotanque sherman 120 litros,Electro y Tecno,categoria_atributo
11671,8749,llave saca filtro de aceite,Electro y Tecno,modelo_producto
11672,2483,vaporizador de prendas,Salud y Belleza,categoria_generica
11673,8969,funda moto g72,Electro y Tecno,categoria_generica
11674,12653,zapatillas 47 street lately,Indumentaria y Calzado,modelo_producto
11675,6391,sillon de camping,"Muebles, Hogar y Deco",categoria_generica
11676,2273,bateria de cocina hudson,"Muebles, Hogar y Deco",modelo_producto
11677,8561,barra de sonido gadnic,Electro y Tecno,modelo_producto
11678,10741,cortadora de cercos,Electro y Tecno,categoria_generica
11679,7803,lenovo thinkpad t14s,Electro y Tecno,modelo_producto
11680,6470,juguete letras imantadas,Bebes y Niños,categoria_generica
11681,10489,hp notebook pentium,Electro y Tecno,categoria_marca
11682,11640,rollers kuest,Deporte y Fitness,categoria_generica
11683,843,blackberry celular,Electro y Tecno,categoria_generica
11684,10006,cafetera oster gourmet collection,Electro y Tecno,modelo_producto
11685,2672,sylvanian families,"Muebles, Hogar y Deco",categoria_generica
11686,989,zte a56 pro,Electro y Tecno,categoria_generica
11687,528,motorola g6,Electro y Tecno,modelo_producto
11688,7534,juguete pony de goma,Bebes y Niños,modelo_producto
11689,6879,masajeador de cuello y hombros,Salud y Belleza,modelo_producto
11690,5531,micrófono gamer,Electro y Tecno,categoria_atributo
11691,12728,griferia fv cierre ceramico para baño,"Muebles, Hogar y Deco",modelo_producto
11692,1170,xs paco rabanne,Salud y Belleza,categoria_generica
11693,623,narguile,Electro y Tecno,modelo_producto
11694,5499,sensor movimiento exterior,Electro y Tecno,categoria_generica
11695,4737,caloventor atma de pared,Electro y Tecno,modelo_producto
11696,11218,mueble led,"Muebles, Hogar y Deco",categoria_generica
11697,9789,bicicleta lamborghini rodado 20,Deporte y Fitness,categoria_atributo
11698,1018,fujifilm x100vi,Electro y Tecno,categoria_generica
11699,2809,cafetera peabody smartchef,Electro y Tecno,categoria_marca
11700,692,xiaomi redmi note 15 pro,Electro y Tecno,modelo_producto
11701,11952,raqueta mata mosquitos easy,Deporte y Fitness,modelo_producto
11702,10446,kitchenaid artisan plus,Electro y Tecno,categoria_generica
11703,5410,spinosaurus juguete,Bebes y Niños,categoria_generica
11704,8866,xiaomi redmi 10s,Electro y Tecno,modelo_producto
11705,12709,mochila kawaii,Indumentaria y Calzado,categoria_generica
11706,10713,pico gas,Electro y Tecno,categoria_generica
11707,4389,vanitory 60 cm,"Muebles, Hogar y Deco",categoria_generica
11708,9982,reloj xiaomi mi band 4,Electro y Tecno,modelo_producto
11709,5612,juego de baño roca,"Muebles, Hogar y Deco",modelo_producto
11710,4686,termotanque señorial 95 litros,Electro y Tecno,categoria_atributo
11711,1002,lavarropas kanji,Electro y Tecno,categoria_generica
11712,4489,red clover,Salud y Belleza,categoria_generica
11713,656,microsoft joystick xbox one,Electro y Tecno,modelo_producto
11714,4887,freezer midea,Electro y Tecno,categoria_marca
11715,3658,anafe bosch,Electro y Tecno,categoria_generica
11716,3097,iphone 14 pro gold,Electro y Tecno,modelo_producto
11717,11200,pileta circular,"Muebles, Hogar y Deco",categoria_generica
11718,11649,battle 240,Deporte y Fitness,categoria_generica
11719,4622,heladera midea side by side,Electro y Tecno,modelo_producto
11720,5212,cafetera estilo italiano,Electro y Tecno,categoria_generica
11721,2574,terraja para caño de agua,Electro y Tecno,modelo_producto
11722,8453,juguete booster chicco,Bebes y Niños,categoria_generica
11723,3223,botella termica,Electro y Tecno,categoria_generica
11724,5396,muñeca ghoulia monster high,Bebes y Niños,modelo_producto
11725,5096,afeitadora braun serie 3,Salud y Belleza,modelo_producto
11726,4976,bacha johnson luxor si85,"Muebles, Hogar y Deco",modelo_producto
11727,2014,sony wh-1000xm4,Electro y Tecno,modelo_producto
11728,7117,exprimidor de jugos electrico,Electro y Tecno,categoria_atributo
11729,2608,alcatel 3h,Electro y Tecno,categoria_generica
11730,5937,organizador esquinero ducha,"Muebles, Hogar y Deco",categoria_generica
11731,3357,rare carbon afnan,Salud y Belleza,categoria_generica
11732,7890,batidora de pie smartlife,Electro y Tecno,modelo_producto
11733,5274,tostadora liliana,Electro y Tecno,categoria_marca
11734,9048,parlante ducha,Electro y Tecno,categoria_generica
11735,11845,auriculares samsung s20 fe,Electro y Tecno,modelo_producto
11736,10576,shower oil,Electro y Tecno,categoria_generica
11737,10768,samsung s90c,Electro y Tecno,modelo_producto
11738,221,sillon cama,"Muebles, Hogar y Deco",categoria_generica
11739,9103,samsung s23,Electro y Tecno,modelo_producto
11740,7799,aspiradora robot westinghouse,Electro y Tecno,categoria_generica
11741,7389,mate y bombilla stanley,"Muebles, Hogar y Deco",modelo_producto
11742,8479,puerta seguridad escalera,Bebes y Niños,categoria_generica
11743,11740,msi placa de video 3070 ti,Electro y Tecno,modelo_producto
11744,7271,cargador nfc,Electro y Tecno,categoria_atributo
11745,4872,logitech meetup,Electro y Tecno,categoria_generica
11746,2209,heladera lg inverter,Electro y Tecno,categoria_marca
11747,6421,colbert acqua,Salud y Belleza,categoria_generica
11748,8144,mochila jansport hatchet,Indumentaria y Calzado,categoria_generica
11749,7041,lenovo ideapad 320-15iap,Electro y Tecno,modelo_producto
11750,10954,escaleras para piletas,"Muebles, Hogar y Deco",categoria_generica
11751,8097,auriculares de boca,Electro y Tecno,categoria_generica
11752,4140,lg k8 2017,Electro y Tecno,modelo_producto
11753,6487,cascos y protectores,Deporte y Fitness,categoria_generica
11754,4713,lavarropas white westinghouse,Electro y Tecno,categoria_generica
11755,7681,horno eléctrico liliana 32 litros,Electro y Tecno,modelo_producto
11756,6436,bateria hudson granito,Autos y Motos,categoria_generica
11757,6021,cobertor para auto antigranizo,Autos y Motos,modelo_producto
11758,3862,compresor de aire de 50 litros,Bebes y Niños,categoria_atributo
11759,7520,pisos de goma simil madera,"Muebles, Hogar y Deco",modelo_producto
11760,6948,aire acondicionado color,Electro y Tecno,categoria_generica
11761,3770,venecitas pileta,"Muebles, Hogar y Deco",categoria_generica
11762,4002,heladera ariston no frost,Electro y Tecno,modelo_producto
11763,3881,juguete reja de malla,Bebes y Niños,modelo_producto
11764,3463,protector solar eucerin toque seco,Salud y Belleza,modelo_producto
11765,5210,freezer vertical electrolux,Electro y Tecno,categoria_marca
11766,16,freezers,Electro y Tecno,categoria_generica
11767,6522,calefactor 8000 calorias sin salida,Electro y Tecno,modelo_producto
11768,3860,aire acondicionado 8000 frigorías,Electro y Tecno,categoria_atributo
11769,4515,bloques y construccion,Bebes y Niños,categoria_generica
11770,6723,maquinita de pelo,Salud y Belleza,categoria_generica
11771,17,iphone 16 pro,Electro y Tecno,modelo_producto
11772,6717,parlante con luces,Electro y Tecno,categoria_generica
11773,9427,termo mate,"Muebles, Hogar y Deco",categoria_generica
11774,6158,monitor noblex 24,Electro y Tecno,modelo_producto
11775,5405,monopatin electrico niños,Deporte y Fitness,categoria_atributo
11776,2842,caloventor star trak,Electro y Tecno,categoria_generica
11777,4350,juego de cubiertos tramontina 24 piezas,"Muebles, Hogar y Deco",modelo_producto
11778,2216,parrilla circular para hornalla,Electro y Tecno,modelo_producto
11779,1005,anillo inteligente,Electro y Tecno,categoria_generica
11780,657,motorola edge 60 ultra,Electro y Tecno,modelo_producto
11781,9143,parlante philips,Electro y Tecno,categoria_marca
11782,10386,candado u para moto,Deporte y Fitness,modelo_producto
11783,6381,sillas de living,"Muebles, Hogar y Deco",categoria_generica
11784,7203,parlantes microlab,Electro y Tecno,categoria_generica
11785,7185,camara smart tech,Electro y Tecno,categoria_atributo
11786,6576,heladera drean 392 litros,Electro y Tecno,modelo_producto
11787,2296,eros perfume,Salud y Belleza,categoria_generica
11788,8470,juguete mesa didactica,Bebes y Niños,categoria_generica
11789,3635,reloj tactico,Electro y Tecno,categoria_generica
11790,3078,lavarropas electrolux 6.5 kg,Electro y Tecno,modelo_producto
11791,4574,linterna vincha recargable,Deporte y Fitness,categoria_generica
11792,7845,iphone 14 purpura,Electro y Tecno,modelo_producto
11793,9016,notebook viewsonic,Electro y Tecno,categoria_generica
11794,5587,reebok question mid,Indumentaria y Calzado,categoria_generica
11795,12640,zapatillas head evolution ottawa,Indumentaria y Calzado,modelo_producto
11796,12962,supermercado rondi,"Muebles, Hogar y Deco",categoria_generica
11797,7411,equipo de mate de river,"Muebles, Hogar y Deco",modelo_producto
11798,7886,pc de escritorio hp,Electro y Tecno,modelo_producto
11799,9040,compaq 18,Electro y Tecno,categoria_generica
11800,11443,nerf n strike elite,Bebes y Niños,modelo_producto
11801,12979,cetaphil limpiador facial piel grasa,Salud y Belleza,modelo_producto
11802,6291,scooter xiaomi,Electro y Tecno,categoria_marca
11803,6613,jbl wave 200,Electro y Tecno,modelo_producto
11804,7230,cinzano espumante,Electro y Tecno,categoria_generica
11805,8786,aire portatil sansei,Electro y Tecno,categoria_atributo
11806,2243,jbl 520,Electro y Tecno,modelo_producto
11807,12931,milan - novara,"Muebles, Hogar y Deco",categoria_generica
11808,6668,angel mugler mujer,Salud y Belleza,categoria_generica
11809,2856,lavasecarropas kanji,Electro y Tecno,categoria_generica
11810,12780,pileta mor 1500 litros,"Muebles, Hogar y Deco",categoria_atributo
11811,3476,adaptador hdmi a usb c,Electro y Tecno,modelo_producto
11812,9702,gallina bataraza peluche,Bebes y Niños,categoria_generica
11813,12604,hugsicles,"Muebles, Hogar y Deco",modelo_producto
11814,4183,ventilador de cuello,Electro y Tecno,categoria_generica
11815,1085,quercetina,Electro y Tecno,modelo_producto
11816,4994,vaso cafe stanley,"Muebles, Hogar y Deco",categoria_marca
11817,10866,multifunción hp,Electro y Tecno,categoria_marca
11818,12890,peirano pura,"Muebles, Hogar y Deco",categoria_generica
11819,1613,honor x8b,Electro y Tecno,categoria_generica
11820,110,motorola g73,Electro y Tecno,modelo_producto
11821,8843,samsung galaxy a14,Electro y Tecno,modelo_producto
11822,303,globo terraqueo,Electro y Tecno,categoria_generica
11823,12041,parlante portatil 12 pulgadas,Electro y Tecno,categoria_atributo
11824,10510,g7 plus motorola,Electro y Tecno,modelo_producto
11825,8376,bissell crosswave,Salud y Belleza,categoria_generica
11826,10436,talle 38 mujer,Electro y Tecno,categoria_generica
11827,2937,lamparas de techo,"Muebles, Hogar y Deco",categoria_generica
11828,3440,tp link re200,Deporte y Fitness,categoria_generica
11829,541,heladera electrolux no frost,Electro y Tecno,modelo_producto
11830,9268,termo stanley con pico vertedor,"Muebles, Hogar y Deco",modelo_producto
11831,849,olla pochoclera,Electro y Tecno,categoria_generica
11832,11533,juguete ojotas footy,Bebes y Niños,categoria_generica
11833,1190,xiaomi redmi note 9 pro,Electro y Tecno,modelo_producto
11834,10825,acer iconia,Electro y Tecno,categoria_marca
11835,7540,juguete nutria de peluche,Bebes y Niños,modelo_producto
11836,6898,pantogar,Salud y Belleza,modelo_producto
11837,1640,heladera bosch,Electro y Tecno,categoria_generica
11838,8959,sony inzone h9,Electro y Tecno,modelo_producto
11839,4328,zapatillas bullpadel mujer,Indumentaria y Calzado,categoria_generica
11840,425,placard puertas corredizas,"Muebles, Hogar y Deco",categoria_generica
11841,10543,ipad pro 12,Electro y Tecno,categoria_generica
11842,7239,samsung a70,Electro y Tecno,modelo_producto
11843,12009,aire acondicionado portatil jumbo,Electro y Tecno,categoria_atributo
11844,880,samsung s22 plus,Electro y Tecno,modelo_producto
11845,8014,splitter rj45,Electro y Tecno,categoria_generica
11846,13018,depiladora studio 9,Salud y Belleza,categoria_generica
11847,12796,pileta bestway 305 x 76,"Muebles, Hogar y Deco",modelo_producto
11848,3582,caloventor liliana cfh420,Electro y Tecno,modelo_producto
11849,1276,calefactor tiro natural,Electro y Tecno,categoria_generica
11850,5617,mueble botinero,"Muebles, Hogar y Deco",categoria_generica
11851,1323,philco minicomponente,Electro y Tecno,categoria_marca
11852,5154,bicicleta niña rodado 16,Deporte y Fitness,categoria_atributo
11853,7719,termotanque bgh 40 litros,Electro y Tecno,modelo_producto
11854,4263,telefunken 32,Electro y Tecno,categoria_generica
11855,11523,figura funko soda,Bebes y Niños,categoria_generica
11856,706,planchita de pelo profesional,Salud y Belleza,categoria_atributo
11857,11983,funda para huawei p9 lite,Electro y Tecno,modelo_producto
11858,8778,singer florencia 65,Electro y Tecno,categoria_generica
11859,2532,poco x6 pro características,Electro y Tecno,modelo_producto
11860,11093,cama 1 plaza,"Muebles, Hogar y Deco",categoria_generica
11861,2772,calefon electrico 50 litros,Electro y Tecno,categoria_atributo
11862,6454,juguete monopatin philco,Deporte y Fitness,categoria_marca
11863,9573,bateria monopatin,Autos y Motos,categoria_generica
11864,12239,alloy origins 65,Electro y Tecno,categoria_generica
11865,12786,acolchado corderito 1 plaza,"Muebles, Hogar y Deco",modelo_producto
11866,13010,perfume 5ta avenida,Salud y Belleza,categoria_generica
11867,12621,cafetera unnic espresso molinillo digital,Electro y Tecno,modelo_producto
11868,11614,mini compresor cycplus,Deporte y Fitness,categoria_generica
11869,5716,scooter,Deporte y Fitness,modelo_producto
11870,12341,batidora peabody smartchef,Electro y Tecno,categoria_marca
11871,1766,asus tuf a15,Electro y Tecno,modelo_producto
11872,3152,game stick lite,Electro y Tecno,categoria_generica
11873,8295,juego trabado,"Muebles, Hogar y Deco",categoria_generica
11874,7615,protector para aire acondicionado,Electro y Tecno,modelo_producto
11875,11498,juguete peluches de trolls,Bebes y Niños,modelo_producto
11876,13012,masajeador de pies philco,Salud y Belleza,modelo_producto
11877,12600,chromecast hdmi,Electro y Tecno,categoria_generica
11878,12458,samsung t290,Electro y Tecno,modelo_producto
11879,3024,juguete butaca britax,Bebes y Niños,categoria_generica
11880,2384,parlante harman kardon,Electro y Tecno,categoria_generica
11881,12279,parlante bluetooth kioto,Electro y Tecno,categoria_atributo
11882,11967,notebook gfast n-130,Electro y Tecno,modelo_producto
11883,3017,seca platos de acero inoxidable,"Muebles, Hogar y Deco",modelo_producto
11884,8048,molinillo de especias,Electro y Tecno,categoria_generica
11885,8303,tramontina dynamic,"Muebles, Hogar y Deco",categoria_generica
11886,12693,head shanghai,Indumentaria y Calzado,categoria_generica
11887,1506,perfume olympea mujer,Salud y Belleza,categoria_generica
11888,2633,lenovo g480,Electro y Tecno,modelo_producto
11889,1073,notebook hp,Electro y Tecno,categoria_marca
11890,12553,tostadora bkf,Electro y Tecno,categoria_generica
11891,3574,estufa para gas natural,Electro y Tecno,modelo_producto
11892,12546,hikvision e1000,Electro y Tecno,categoria_generica
11893,1330,xiaomi 12c,Electro y Tecno,modelo_producto
11894,1678,sommier world,"Muebles, Hogar y Deco",categoria_generica
11895,5442,cafetera smartlife 3 en 1,Electro y Tecno,modelo_producto
11896,3235,licuadora mondial,Electro y Tecno,categoria_generica
11897,11555,juguete cubiertos,Bebes y Niños,categoria_generica
11898,12868,bomba de desagote sumergible,"Muebles, Hogar y Deco",modelo_producto
11899,2259,mini pimer mixer 200w multiprocesadora,Electro y Tecno,categoria_atributo
11900,11893,samsung a23 5g personal,Electro y Tecno,modelo_producto
11901,4253,microondas likon,Electro y Tecno,categoria_generica
11902,4094,iphone funda transparente,Electro y Tecno,categoria_marca
11903,6500,talle 20 bicicleta,Deporte y Fitness,categoria_generica
11904,13038,kassel masajeador,Salud y Belleza,categoria_generica
11905,6587,playstation god eater 2,Electro y Tecno,modelo_producto
11906,12952,suavegom preston,"Muebles, Hogar y Deco",categoria_generica
11907,1849,antiparras ski,Electro y Tecno,categoria_generica
11908,690,sacapelusas,Electro y Tecno,modelo_producto
11909,3889,zocalo burlete para puerta,Bebes y Niños,modelo_producto
11910,3810,citrato de magnesio natural whey,Salud y Belleza,modelo_producto
11911,5859,heladera con freezer,Electro y Tecno,categoria_generica
11912,1192,redmi buds 6 pro,Electro y Tecno,modelo_producto
11913,7212,microfono con brazo,Electro y Tecno,categoria_generica
11914,10448,turbo liliana 20,Electro y Tecno,modelo_producto
11915,3276,mochila boca de pez,Indumentaria y Calzado,modelo_producto
11916,3774,colchon 90x190,"Muebles, Hogar y Deco",categoria_generica
11917,2654,cascadas,"Muebles, Hogar y Deco",modelo_producto
11918,6094,smart tv kanji 32 características,Electro y Tecno,categoria_atributo
11919,3143,electrolux licuadora personal,Electro y Tecno,categoria_marca
11920,10523,parrilla movil con ruedas,Electro y Tecno,modelo_producto
11921,1017,alarma x28,Electro y Tecno,categoria_generica
11922,2308,juguete pelotero bebe,Bebes y Niños,categoria_generica
11923,1255,amor amor perfume,Salud y Belleza,categoria_generica
11924,4487,secador atma,Salud y Belleza,categoria_marca
11925,11381,bateria xiaomi note 6 pro,Electro y Tecno,modelo_producto
11926,1642,anafe vitroceramico,Electro y Tecno,categoria_generica
11927,3719,tiras led,"Muebles, Hogar y Deco",categoria_generica
11928,583,samsung galaxy a55,Electro y Tecno,modelo_producto
11929,8146,zapatillas avia mujer,Indumentaria y Calzado,categoria_generica
11930,915,dji mini 4k,Electro y Tecno,categoria_generica
11931,2322,carro plegable,Deporte y Fitness,categoria_atributo
11932,12311,stanley 1.5,Electro y Tecno,modelo_producto
11933,6342,wok hudson 28 cm,"Muebles, Hogar y Deco",modelo_producto
11934,8837,epson xp 441,Electro y Tecno,categoria_generica
11935,7747,planchita bellissima b9 100,Electro y Tecno,modelo_producto
11936,10365,botella stanley aerolight,Electro y Tecno,categoria_marca
11937,4852,juguera electrica,Electro y Tecno,categoria_atributo
11938,2679,frascos hermeticos,"Muebles, Hogar y Deco",categoria_generica
11939,7269,estufa crivel,Electro y Tecno,categoria_generica
11940,6672,ventilador de pie philco,Electro y Tecno,modelo_producto
11941,11644,rollers ferrari,Deporte y Fitness,categoria_generica
11942,5115,masajeador de madera,Salud y Belleza,categoria_generica
11943,6947,juguete joie elevate,Bebes y Niños,categoria_generica
11944,7801,tostadora pan frances,Electro y Tecno,categoria_generica
11945,7044,cable iphone tipo c,Electro y Tecno,modelo_producto
11946,447,juguete pistola de burbujas,Bebes y Niños,modelo_producto
11947,219,afeitadoras,Salud y Belleza,modelo_producto
11948,5754,impresora hp multifuncion wifi,Electro y Tecno,modelo_producto
11949,6220,lapiz corta vidrio,Electro y Tecno,categoria_generica
11950,5700,pelota de goma espuma,Deporte y Fitness,modelo_producto
11951,1245,cuchillos tramontina,"Muebles, Hogar y Deco",categoria_generica
11952,5000,balde centrifugo con pedal,"Muebles, Hogar y Deco",modelo_producto
11953,7078,jbl tune 720 bt,Electro y Tecno,modelo_producto
11954,7919,scanner kodak i940,Electro y Tecno,categoria_generica
11955,671,auriculares redmi,Electro y Tecno,categoria_marca
11956,10672,asus e410,Electro y Tecno,modelo_producto
11957,1738,termotanque escorial 55 litros,Electro y Tecno,categoria_atributo
11958,1633,kanji home,Electro y Tecno,categoria_generica
11959,1149,xiaomi a5,Electro y Tecno,modelo_producto
11960,2285,tiras de listerine,"Muebles, Hogar y Deco",categoria_generica
11961,3819,fantasy britney spears,Salud y Belleza,categoria_generica
11962,1620,router huawei,Electro y Tecno,categoria_generica
11963,1115,lavado,Electro y Tecno,modelo_producto
11964,5695,juguete labubu peluche,Bebes y Niños,categoria_generica
11965,3225,rallador manual,Electro y Tecno,categoria_generica
11966,2585,motorola e6 plus,Electro y Tecno,modelo_producto
11967,7503,bateria one vision,Autos y Motos,categoria_generica
11968,12744,toalla deportiva siempre fria,"Muebles, Hogar y Deco",modelo_producto
11969,946,freidora atma,Electro y Tecno,categoria_marca
11970,6616,dell inspiron 3501,Electro y Tecno,modelo_producto
11971,7238,garmin music,Electro y Tecno,categoria_generica
11972,11183,mate montagne,"Muebles, Hogar y Deco",categoria_generica
11973,12706,cyclone montagne,Indumentaria y Calzado,categoria_generica
11974,7777,heladera drean 300 litros,Electro y Tecno,modelo_producto
11975,2181,freidora de aire 12 litros,Electro y Tecno,categoria_atributo
11976,8914,haylou solar plus,Electro y Tecno,categoria_generica
11977,3442,kit enfermeria,Deporte y Fitness,categoria_generica
11978,12673,zapatillas warp topper,Indumentaria y Calzado,categoria_marca
11979,3713,escoba electrica,"Muebles, Hogar y Deco",categoria_atributo
11980,3512,hp laser 107a,Electro y Tecno,modelo_producto
11981,647,fidelite argan,Salud y Belleza,categoria_generica
11982,4224,archer c60,Electro y Tecno,categoria_generica
11983,11223,bacha discapacitados,"Muebles, Hogar y Deco",categoria_generica
11984,7775,aspiradora electrolux sin bolsa,Electro y Tecno,modelo_producto
11985,6899,juguete mini cooper a bateria,Bebes y Niños,modelo_producto
11986,5992,la roche posay anthelios oil correct,Salud y Belleza,modelo_producto
11987,8908,horno general electric,Electro y Tecno,categoria_generica
11988,1666,sillon reclinable 1 cuerpo,"Muebles, Hogar y Deco",modelo_producto
11989,1179,juguete pistola hidrogel,Bebes y Niños,categoria_generica
11990,9964,smart tv philco 50 características,Electro y Tecno,modelo_producto
11991,2572,horno electrico whirlpool,Electro y Tecno,categoria_marca
11992,10699,minicomponente daewoo,Electro y Tecno,categoria_generica
11993,9935,horno eléctrico liliana 46 litros,Electro y Tecno,modelo_producto
11994,3326,barral para baño,"Muebles, Hogar y Deco",categoria_generica
11995,4272,caloventor portatil,Electro y Tecno,categoria_atributo
11996,10659,tcl f5000,Electro y Tecno,categoria_generica
11997,11869,maquina de coser toyota familiar,Electro y Tecno,modelo_producto
11998,1654,calefactor ctz 4000kc linea compacta,Electro y Tecno,modelo_producto
11999,2214,zte blade a33,Electro y Tecno,categoria_generica
12000,1168,cool water davidoff,Salud y Belleza,categoria_generica
12001,12025,freidora moulinex 3 litros,Electro y Tecno,modelo_producto
12002,2268,base de sommier 1 plaza,"Muebles, Hogar y Deco",modelo_producto
12003,12312,skullcandy indy evo,Electro y Tecno,categoria_generica
12004,8231,cocina electrica peabody,Electro y Tecno,categoria_marca
12005,12879,piazza emblem 10016,"Muebles, Hogar y Deco",categoria_generica
12006,3080,maquina de coser singer florencia 69,Electro y Tecno,modelo_producto
12007,1953,juguete mesa exterior,Bebes y Niños,categoria_generica
12008,3638,microfono vincha,Electro y Tecno,categoria_generica
12009,1270,bicicleta rodado 16 nena,Deporte y Fitness,categoria_atributo
12010,7884,celular lg k50,Electro y Tecno,modelo_producto
12011,9039,sangria botella,Electro y Tecno,categoria_generica
12012,10650,smart kanji,Electro y Tecno,categoria_atributo
12013,126,pelota de voley,Deporte y Fitness,categoria_generica
12014,10893,planchetita,Electro y Tecno,modelo_producto
12015,8230,copas champagne cristal,"Muebles, Hogar y Deco",categoria_generica
12016,4834,camara corporal,Electro y Tecno,categoria_generica
12017,4331,zapatillas 36,Indumentaria y Calzado,categoria_generica
12018,4076,xiaomi imilab kw66,Electro y Tecno,modelo_producto
12019,2995,dr althea 345,Salud y Belleza,categoria_generica
12020,11409,muñeca lol omg serie 2,Bebes y Niños,modelo_producto
12021,11318,masajeador de cuello shiatsu,Salud y Belleza,modelo_producto
12022,4395,sillas de madera plegables,"Muebles, Hogar y Deco",modelo_producto
12023,5202,samsung camara digital,Electro y Tecno,categoria_marca
12024,3482,cafetera oster perfect brew,Electro y Tecno,modelo_producto
12025,4193,cooler para celular,Electro y Tecno,categoria_generica
12026,8663,macbook air m1 silver,Electro y Tecno,modelo_producto
12027,9320,zapatero 24 pares,"Muebles, Hogar y Deco",categoria_generica
12028,9336,cocina usman carliplancha,Electro y Tecno,categoria_generica
12029,5138,juguete convertidor roku,Bebes y Niños,categoria_generica
12030,11996,smartwatch xiaomi imilab kw66,Electro y Tecno,modelo_producto
12031,12255,buclera gama spirale,Electro y Tecno,categoria_generica
12032,2507,amazfit gts 4 mini,Deporte y Fitness,modelo_producto
12033,7179,anafe electrico ariston,Electro y Tecno,categoria_atributo
12034,5234,horno de pan moulinex,Electro y Tecno,modelo_producto
12035,5772,campana tst nihuil,Electro y Tecno,categoria_generica
12036,12658,rip curl remeras hombre,Indumentaria y Calzado,modelo_producto
12037,9411,secaplatos de madera,"Muebles, Hogar y Deco",categoria_generica
12038,11031,respaldo para sommier de dos plazas,"Muebles, Hogar y Deco",modelo_producto
12039,11344,insense givenchy,Salud y Belleza,categoria_generica
12040,8983,hp motosierra kushiro,Electro y Tecno,categoria_marca
12041,283,playstation god of war ragnarok,Electro y Tecno,modelo_producto
12042,557,garmin forerunner 55,Electro y Tecno,categoria_generica
12043,767,samsung a17 5g,Electro y Tecno,modelo_producto
12044,1133,epson l4260,Electro y Tecno,categoria_generica
12045,3191,placa de sonido usb,Electro y Tecno,modelo_producto
12046,5936,escalera telescopica doble,"Muebles, Hogar y Deco",categoria_generica
12047,6431,amplificadores,Autos y Motos,modelo_producto
12048,658,microsoft xbox one s,Electro y Tecno,modelo_producto
12049,4081,epson l3250 tinta,Electro y Tecno,categoria_generica
12050,5167,hdmi mini,Deporte y Fitness,categoria_generica
12051,11870,aire acondicionado portatil sensei,Electro y Tecno,categoria_atributo
12052,8461,juguete quinny moodd,Bebes y Niños,categoria_generica
12053,10254,exprimidor de frutas y verduras,Electro y Tecno,modelo_producto
12054,7406,tender de ropa extensible,"Muebles, Hogar y Deco",modelo_producto
12055,1006,lavarropas patrick,Electro y Tecno,categoria_generica
12056,9070,aspiradora whirlpool,Electro y Tecno,categoria_marca
12057,9587,muñeco chase juguetes de paw patrol,Bebes y Niños,modelo_producto
12058,9468,plancha philips azur performer plus,Salud y Belleza,modelo_producto
12059,6428,fresa para aluminio,Salud y Belleza,categoria_generica
12060,11794,funda huawei mate 10 lite,Electro y Tecno,modelo_producto
12061,5539,duchador para inodoro,"Muebles, Hogar y Deco",categoria_generica
12062,12237,jarra purificadora humma,Electro y Tecno,categoria_generica
12063,834,huawei freebuds pro 4,Electro y Tecno,modelo_producto
12064,171,zapatillas de mujer,Indumentaria y Calzado,categoria_generica
12065,1162,lampara sunset,Electro y Tecno,categoria_generica
12066,60,samsung a10,Electro y Tecno,modelo_producto
12067,132,capsulas dolce gusto,Electro y Tecno,categoria_generica
12068,12586,samsung ww90aa046xu,Electro y Tecno,modelo_producto
12069,6129,parlantes pioneer 6 pulgadas,Electro y Tecno,categoria_atributo
12070,12956,cuchillo sunnecko,"Muebles, Hogar y Deco",categoria_generica
12071,4124,notebook gamer hp,Electro y Tecno,categoria_marca
12072,11141,puerta para cocina exterior,"Muebles, Hogar y Deco",modelo_producto
12073,1514,casco h5,Autos y Motos,categoria_generica
12074,10030,heladera electrolux frost free,Electro y Tecno,modelo_producto
12075,6955,juguete lego stormtrooper,Bebes y Niños,categoria_generica
12076,12583,aiwa constrictor,Electro y Tecno,categoria_generica
12077,5120,shakira rock,Salud y Belleza,categoria_generica
12078,3267,purificador aire inteligente exo filtro,Electro y Tecno,modelo_producto
12079,10761,soporte gopro,Electro y Tecno,categoria_generica
12080,8997,samsung wd95t504dbeubg,Electro y Tecno,modelo_producto
12081,5941,king koil kingsbury,"Muebles, Hogar y Deco",categoria_generica
12082,4104,macbook air 2017,Electro y Tecno,categoria_generica
12083,10029,cafetera oster 19 bares,Electro y Tecno,modelo_producto
12084,10563,bomber bass,Electro y Tecno,categoria_generica
12085,9868,topmega flamingo,Deporte y Fitness,categoria_generica
12086,1271,bicicleta rodado 29 slp,Deporte y Fitness,categoria_atributo
12087,7979,philips celular,Electro y Tecno,categoria_marca
12088,170,motorola moto g52,Electro y Tecno,modelo_producto
12089,10324,horno electrico kanji,Electro y Tecno,categoria_atributo
12090,11865,griferia fv pampa ducha,"Muebles, Hogar y Deco",modelo_producto
12091,10759,lumina linda,Electro y Tecno,categoria_generica
12092,3336,bomba presurizadora,"Muebles, Hogar y Deco",categoria_generica
12093,5630,stanley classic,"Muebles, Hogar y Deco",categoria_marca
12094,5436,auriculares jbl wave buds,Electro y Tecno,modelo_producto
12095,5399,juguete saltarin de bebe,Bebes y Niños,modelo_producto
12096,5102,gel para cejas loreal,Salud y Belleza,modelo_producto
12097,2302,bebes y primera infancia,Bebes y Niños,categoria_generica
12098,11314,l extreme perfume,Salud y Belleza,categoria_generica
12099,386,tecno pova 6,Electro y Tecno,categoria_generica
12100,715,redmi 10c,Electro y Tecno,modelo_producto
12101,3149,jbl flip 3,Electro y Tecno,modelo_producto
12102,5851,saborizante sodastream,Electro y Tecno,categoria_generica
12103,11051,silla reina mascardi,"Muebles, Hogar y Deco",categoria_generica
12104,3561,batidora de mano oster,Electro y Tecno,modelo_producto
12105,1065,horno electrico bgh,Electro y Tecno,categoria_marca
12106,1069,cargador universal,Electro y Tecno,categoria_generica
12107,6349,tira led bajo alacena,"Muebles, Hogar y Deco",modelo_producto
12108,6789,zapatillas 39 hombre,Indumentaria y Calzado,categoria_generica
12109,2255,arenadora portatil,Electro y Tecno,categoria_atributo
12110,1546,motorola moto razr 60 ultra,Electro y Tecno,modelo_producto
12111,3949,base para netbooks y notebooks,Electro y Tecno,categoria_generica
12112,7664,heladera exhibidora vertical inelro mt 470,Electro y Tecno,modelo_producto
12113,9291,tiras blanqueadoras crest,"Muebles, Hogar y Deco",categoria_generica
12114,1254,versace crystal noir,Salud y Belleza,categoria_generica
12115,1265,carpa para 2 personas,Deporte y Fitness,modelo_producto
12116,4250,parlante oryx,Electro y Tecno,categoria_generica
12117,8680,estufa halogena star trak,Electro y Tecno,modelo_producto
12118,8492,juguete lego up,Bebes y Niños,categoria_generica
12119,2046,calefon escorial,Electro y Tecno,categoria_generica
12120,7153,cafetera atma de filtro,Electro y Tecno,modelo_producto
12121,5461,motorola one hyper,Electro y Tecno,categoria_marca
12122,11000,termo stanley tapon cebador,"Muebles, Hogar y Deco",modelo_producto
12123,6124,redmi note 11 5g,Electro y Tecno,modelo_producto
12124,8072,baulera exterior,Electro y Tecno,categoria_generica
12125,8576,asiento gel bicicleta,Deporte y Fitness,categoria_generica
12126,11196,sillon berlin,"Muebles, Hogar y Deco",categoria_generica
12127,7667,termotanque electrico sirena 90 litros,Electro y Tecno,categoria_atributo
12128,12606,soundboks,Electro y Tecno,modelo_producto
12129,9819,essenza mini d,Electro y Tecno,categoria_generica
12130,8528,juguete vanitory con patas,Bebes y Niños,modelo_producto
12131,8341,allure secador de pelo,Salud y Belleza,modelo_producto
12132,10995,tv led kanji 32,Electro y Tecno,modelo_producto
12133,8793,baby call motorola,Bebes y Niños,categoria_marca
12134,7985,bodygroom 5000,Electro y Tecno,categoria_generica
12135,6884,perfume paula mujer,Salud y Belleza,categoria_generica
12136,6566,estufa orbis sin salida,Electro y Tecno,modelo_producto
12137,5029,carpintería rivadavia,"Muebles, Hogar y Deco",categoria_generica
12138,6669,nivel laser skil,Electro y Tecno,categoria_generica
12139,3416,muñeca barbie morocha,Bebes y Niños,categoria_generica
12140,1616,parlante philco,Electro y Tecno,categoria_marca
12141,4717,lenovo thinkpad t480,Electro y Tecno,modelo_producto
12142,2648,inodoro capea con mochila,"Muebles, Hogar y Deco",modelo_producto
12143,7169,anafe vidrio templado,Electro y Tecno,categoria_generica
12144,11817,apple pro display xdr,Electro y Tecno,modelo_producto
12145,3887,mesa de luz industrial,"Muebles, Hogar y Deco",categoria_atributo
12146,3131,máquina de coser portátil,Electro y Tecno,categoria_atributo
12147,6845,archivero de oficina,"Muebles, Hogar y Deco",categoria_generica
12148,5477,horno pizzero tromen,Electro y Tecno,categoria_generica
12149,2780,philco lavavajillas sobre mesada,Electro y Tecno,modelo_producto
12150,10939,valija trendy,Indumentaria y Calzado,categoria_generica
12151,11708,horno empotrable eléctrico samsung nv70k 70l,Electro y Tecno,modelo_producto
12152,3523,cafetera oster express,Electro y Tecno,categoria_generica
12153,1930,lattafa the kingdom,Salud y Belleza,categoria_generica
12154,11901,blaupunkt sao paulo 450,Electro y Tecno,modelo_producto
12155,7894,home theater noblex,Electro y Tecno,categoria_marca
12156,10420,tablet enova 7,Electro y Tecno,categoria_generica
12157,4938,zapatillas 47 street mujer blancas,Indumentaria y Calzado,modelo_producto
12158,5024,luz led recargable,"Muebles, Hogar y Deco",categoria_generica
12159,8169,sommier,"Muebles, Hogar y Deco",modelo_producto
12160,8831,ventilador de piso liliana,Electro y Tecno,modelo_producto
12161,11500,juguete lego dots,Bebes y Niños,categoria_generica
12162,4579,compresor 12 volt,Deporte y Fitness,categoria_generica
12163,3624,forerunner 965,Electro y Tecno,categoria_generica
12164,3062,cables,Electro y Tecno,modelo_producto
12165,10156,termotanque electrico entrada inferior,Electro y Tecno,categoria_atributo
12166,8553,mesa de camping plegable easy,Deporte y Fitness,categoria_atributo
12167,7800,campana tst colhue,Electro y Tecno,categoria_generica
12168,11509,juguete vibrador de cuna,Bebes y Niños,modelo_producto
12169,13056,vanicream,Salud y Belleza,modelo_producto
12170,7043,horno moretti deli 4,Electro y Tecno,modelo_producto
12171,1684,flipper juego,"Muebles, Hogar y Deco",categoria_generica
12172,10869,parlante daihatsu,Electro y Tecno,categoria_generica
12173,10114,celular noblex a50 plus,Electro y Tecno,modelo_producto
12174,11116,set cher dieciocho,Salud y Belleza,categoria_generica
12175,6599,freezer vertical philco,Electro y Tecno,categoria_marca
12176,8730,microsoft surface pro 8,Electro y Tecno,modelo_producto
12177,10299,4k tv box,Electro y Tecno,categoria_generica
12178,3560,griferia para ducha exterior,"Muebles, Hogar y Deco",modelo_producto
12179,11393,porta ski auto,Autos y Motos,categoria_generica
12180,4001,lavarropas philco 6 kg,Electro y Tecno,modelo_producto
12181,4711,microsoft office 365,Electro y Tecno,categoria_generica
12182,5950,lampara filamento led,"Muebles, Hogar y Deco",categoria_generica
12183,9708,juguete muñeca mulan,Bebes y Niños,categoria_generica
12184,2221,samsung galaxy a57,Electro y Tecno,modelo_producto
12185,8807,heladera 50 litros,Electro y Tecno,categoria_atributo
12186,2846,galaxy a34 5g,Electro y Tecno,categoria_generica
12187,8951,xiaomi 5 plus,Electro y Tecno,modelo_producto
12188,10535,dardos tiro al,Electro y Tecno,categoria_generica
12189,665,redmi pad se,Electro y Tecno,categoria_marca
12190,7790,samsung s7 plus,Electro y Tecno,modelo_producto
12191,9326,mate imperial boca,"Muebles, Hogar y Deco",categoria_generica
12192,8382,calostro bovino,Salud y Belleza,categoria_generica
12193,10980,sommier fisher 2 plazas,"Muebles, Hogar y Deco",modelo_producto
12194,8954,figura sideswipe transformers,Electro y Tecno,categoria_generica
12195,10679,lenovo x1,Electro y Tecno,modelo_producto
12196,5590,buzo talle l,Indumentaria y Calzado,categoria_generica
12197,1269,colchonetas,Deporte y Fitness,modelo_producto
12198,7640,linterna con baliza,Deporte y Fitness,categoria_generica
12199,2118,cocina escorial palace,Electro y Tecno,categoria_generica
12200,1589,xiaomi watch s4,Electro y Tecno,modelo_producto
12201,6848,tender para balcon,"Muebles, Hogar y Deco",categoria_generica
12202,1577,saca pelusa electrico,Electro y Tecno,categoria_atributo
12203,1572,lavarropas eslabon de lujo,Electro y Tecno,modelo_producto
12204,11455,barco pirata fisher price,Bebes y Niños,modelo_producto
12205,12985,coco chanel perfume mujer,Salud y Belleza,modelo_producto
12206,2083,zapatero recibidor,Electro y Tecno,categoria_generica
12207,1106,juguete autitos,Bebes y Niños,categoria_generica
12208,6503,bandas elasticas gadnic,Deporte y Fitness,categoria_marca
12209,8759,monitor noblex 27 pulgadas,Electro y Tecno,modelo_producto
12210,3579,drean lavarropas manual,Electro y Tecno,categoria_marca
12211,10347,pasta maker westinghouse,Electro y Tecno,categoria_generica
12212,9275,termo thermos 1.2,"Muebles, Hogar y Deco",modelo_producto
12213,594,eucerin hyaluron filler,Salud y Belleza,categoria_generica
12214,797,iphone 6s plus,Electro y Tecno,modelo_producto
12215,1144,poco f6,Electro y Tecno,categoria_generica
12216,12951,almohadon para perro,"Muebles, Hogar y Deco",categoria_generica
12217,7887,duchador de mano universal,Electro y Tecno,modelo_producto
12218,9041,extractor atenas,Electro y Tecno,categoria_generica
12219,11909,smartwatch x-view quantum q1,Electro y Tecno,modelo_producto
12220,5483,parlante bluetooth aiwa,Electro y Tecno,categoria_atributo
12221,1469,switch lite,Electro y Tecno,categoria_generica
12222,988,drean family 096a,Electro y Tecno,modelo_producto
12223,5069,sillas paris,"Muebles, Hogar y Deco",categoria_generica
12224,8918,freezer horizontal philco,Electro y Tecno,categoria_marca
12225,6462,juguete caminador bebesit,Bebes y Niños,categoria_generica
12226,12453,hp 2975,Electro y Tecno,modelo_producto
12227,12550,epson l8180,Electro y Tecno,categoria_generica
12228,1664,reflectores,"Muebles, Hogar y Deco",modelo_producto
12229,4484,humidificador vick,Salud y Belleza,categoria_generica
12230,12266,ventilador de pie everest,Electro y Tecno,modelo_producto
12231,12470,aspiradora goldstar,Electro y Tecno,categoria_generica
12232,3495,reflector solar con sensor de movimiento,Electro y Tecno,modelo_producto
12233,11648,eliptica bicicleta,Deporte y Fitness,categoria_generica
12234,1496,silla tokio,"Muebles, Hogar y Deco",categoria_generica
12235,4212,licuadora smeg,Electro y Tecno,categoria_generica
12236,654,redmi note 13 pro plus,Electro y Tecno,modelo_producto
12237,4549,mini consola de juegos,Bebes y Niños,modelo_producto
12238,4615,planchita gama bella tourmaline red ion,Salud y Belleza,modelo_producto
12239,998,alcatel 3h plus,Electro y Tecno,categoria_generica
12240,9241,paraguas amayra,Indumentaria y Calzado,categoria_generica
12241,11747,telefunken 43 smart tv características,Electro y Tecno,categoria_atributo
12242,4828,cabeza de iphone,Electro y Tecno,categoria_marca
12243,3489,lavarropas lg 13 kg,Electro y Tecno,modelo_producto
12244,11577,bicicleta playera rodado 26 hombre,Deporte y Fitness,categoria_atributo
12245,5605,colchon de 1 plaza,"Muebles, Hogar y Deco",modelo_producto
12246,4204,ssd ps5,Electro y Tecno,categoria_generica
12247,4678,samsung galaxy ace 4,Electro y Tecno,modelo_producto
12248,7383,roku premiere 4k,"Muebles, Hogar y Deco",categoria_generica
12249,7587,gigantosaurus juguete,Bebes y Niños,categoria_generica
12250,11621,cepillo innova gama,Salud y Belleza,categoria_generica
12251,5289,nebulizador philco,Salud y Belleza,categoria_marca
12252,5292,estufa de pie,Electro y Tecno,categoria_generica
12253,5871,motorola 12,Electro y Tecno,modelo_producto
12254,1403,candados,Electro y Tecno,modelo_producto
12255,6277,heladera cava,Electro y Tecno,categoria_generica
12256,5045,mate waterdog,"Muebles, Hogar y Deco",categoria_generica
12257,157,calefones,Electro y Tecno,modelo_producto
12258,4920,noblex party,Electro y Tecno,categoria_marca
12259,1865,termocupla calefon,Electro y Tecno,categoria_generica
12260,7042,mini compresor de aire portatil,Electro y Tecno,categoria_atributo
12261,7913,samsung qled 50,Electro y Tecno,modelo_producto
12262,11112,caja fuerte para llaves,"Muebles, Hogar y Deco",modelo_producto
12263,362,cocina escorial candor,Electro y Tecno,categoria_generica
12264,5185,tv philco 55 pulgadas,Electro y Tecno,modelo_producto
12265,6017,alpha gpc,Salud y Belleza,categoria_generica
12266,5955,saca hojas pileta,"Muebles, Hogar y Deco",categoria_generica
12267,9057,tarjetero rfid,Electro y Tecno,categoria_generica
12268,8457,muñeco ken morocho,Bebes y Niños,categoria_generica
12269,10075,lenovo ideapad 3 i3,Electro y Tecno,modelo_producto
12270,3938,cinta caminadora,Deporte y Fitness,categoria_generica
12271,5565,joystick noga,Electro y Tecno,categoria_generica
12272,4,iphone 16 pro max,Electro y Tecno,modelo_producto
12273,1311,asus rog strix,Electro y Tecno,categoria_marca
12274,10973,silla de bebe para comer bebesit,Bebes y Niños,modelo_producto
12275,11284,narciso rodriguez pure musc,Salud y Belleza,modelo_producto
12276,8742,hp picadora de carne moretti,Electro y Tecno,modelo_producto
12277,10821,neo titan,Electro y Tecno,categoria_generica
12278,7144,parlante de 12 pulgadas,Electro y Tecno,categoria_atributo
12279,5909,zapatillas 47 street negras mujer,Indumentaria y Calzado,modelo_producto
12280,8290,organizador de ropero,"Muebles, Hogar y Deco",categoria_generica
12281,7372,sommier plaza y media piero,"Muebles, Hogar y Deco",modelo_producto
12282,9780,pelota esferodinamia 75 cm,Deporte y Fitness,modelo_producto
12283,8836,gazebo con paredes laterales,Electro y Tecno,modelo_producto
12284,2151,coros pace 3,Autos y Motos,categoria_generica
12285,7,aire acondicionado,Electro y Tecno,categoria_generica
12286,4955,mochila bluey,Indumentaria y Calzado,categoria_generica
12287,2186,samsung z flip 3,Electro y Tecno,modelo_producto
12288,10319,calefactor patagonia emege,Electro y Tecno,categoria_generica
12289,6425,secador para perros,Salud y Belleza,categoria_generica
12290,12076,samsung funda para a04,Electro y Tecno,modelo_producto
12291,11067,biblioteca 5 estantes,"Muebles, Hogar y Deco",categoria_generica
12292,3006,desitin crema,Bebes y Niños,categoria_generica
12293,10421,level up consola,Electro y Tecno,categoria_generica
12294,5463,cafetera express electrolux,Electro y Tecno,categoria_marca
12295,6126,horno electrico atma con anafe,Electro y Tecno,modelo_producto
12296,2798,ipad 9 generacion,Electro y Tecno,categoria_generica
12297,7397,espejo de pie con luz,"Muebles, Hogar y Deco",modelo_producto
12298,12204,funda xiaomi 12,Electro y Tecno,modelo_producto
12299,2613,gomera profesional,Electro y Tecno,categoria_atributo
12300,6674,balanza digital aspen,Electro y Tecno,categoria_generica
12301,12609,gotmeet,Electro y Tecno,modelo_producto
12302,3783,pileta baño,"Muebles, Hogar y Deco",categoria_generica
12303,10126,licuadora kanji 2 en 1,Electro y Tecno,modelo_producto
12304,12427,auriculares kda,Electro y Tecno,categoria_generica
12305,1471,minoxidil 5%,Salud y Belleza,categoria_generica
12306,12108,motorola moto g42,Electro y Tecno,modelo_producto
12307,9852,bicicleta spiderman,Deporte y Fitness,categoria_generica
12308,1219,batidora liliana,Electro y Tecno,categoria_marca
12309,12588,sega stick,Electro y Tecno,categoria_generica
12310,5616,silla plegable aluminio,"Muebles, Hogar y Deco",categoria_atributo
12311,12958,reposeras mascardi,"Muebles, Hogar y Deco",categoria_generica
12312,10380,receptáculo de ducha 80x80,Electro y Tecno,modelo_producto
12313,8497,juguete play family,Bebes y Niños,categoria_generica
12314,1263,juguete saltarin para niños,Bebes y Niños,modelo_producto
12315,533,secador de ropa a calor,Salud y Belleza,modelo_producto
12316,2950,porta lampara de pared,"Muebles, Hogar y Deco",modelo_producto
12317,11206,onikuma k9,Electro y Tecno,categoria_generica
12318,7677,tcl smart tv 50 pulgadas,Electro y Tecno,categoria_atributo
12319,4631,freidora de aire philips 4 litros,Electro y Tecno,modelo_producto
12320,12387,balanza eiffel,Electro y Tecno,categoria_generica
12321,10202,gadnic extreme 10,Electro y Tecno,modelo_producto
12322,2320,bicicleta rodado 12 nena,Deporte y Fitness,categoria_atributo
12323,12825,gazebo 3x3 aluminio,"Muebles, Hogar y Deco",categoria_generica
12324,12314,monitor enova 24,Electro y Tecno,categoria_generica
12325,1294,lavarropas midea 8 kg,Electro y Tecno,modelo_producto
12326,6886,perfume cr7,Salud y Belleza,categoria_generica
12327,12575,turbo philco,Electro y Tecno,categoria_marca
12328,8636,microondas samsung 23 litros con grill,Electro y Tecno,modelo_producto
12329,5226,planchita gama chia,Electro y Tecno,categoria_generica
12330,645,zapatillas montagne,Indumentaria y Calzado,categoria_generica
12331,8172,almohada king koil ultra plush,"Muebles, Hogar y Deco",modelo_producto
12332,2442,calorama,Electro y Tecno,modelo_producto
12333,12171,galaxy watch 6,Electro y Tecno,categoria_generica
12334,3799,recuplast fibrado,"Muebles, Hogar y Deco",categoria_generica
12335,2719,muñeca barbie gimnasta,Bebes y Niños,categoria_generica
12336,2537,soporte para tv 75 pulgadas,Electro y Tecno,categoria_atributo
12337,12065,moulinex procesadora y licuadora,Electro y Tecno,modelo_producto
12338,1827,taladro manual,Electro y Tecno,categoria_generica
12339,1703,pistola de impacto a bateria,Autos y Motos,modelo_producto
12340,1696,depiladora electrica,Salud y Belleza,categoria_atributo
12341,8429,aire acondicionado de ventana carrier,Electro y Tecno,modelo_producto
12342,9166,kz auriculares,Electro y Tecno,categoria_generica
12343,4773,parlante portatil philco,Electro y Tecno,categoria_marca
12344,3994,motorola edge 20 lite,Electro y Tecno,modelo_producto
12345,1373,metilcobalamina b12,Salud y Belleza,categoria_generica
12346,1906,gazebo 3x3,"Muebles, Hogar y Deco",categoria_generica
12347,631,patines para niñas,Deporte y Fitness,categoria_generica
12348,3037,aire acondicionado fedders,Electro y Tecno,categoria_generica
12349,11850,samsung galaxy sm-a145mzkearo,Electro y Tecno,modelo_producto
12350,2941,cama nido 1 plaza,"Muebles, Hogar y Deco",modelo_producto
12351,11417,chupete tommee tippee 6-18,Bebes y Niños,modelo_producto
12352,11375,truheight,Salud y Belleza,modelo_producto
12353,9127,reloj dufour,Electro y Tecno,categoria_generica
12354,11862,iphone 12 pro 128,Electro y Tecno,modelo_producto
12355,12494,sacacorcho electrico,Electro y Tecno,categoria_atributo
12356,27,samsung a06,Electro y Tecno,modelo_producto
12357,5948,rack tv wengue,"Muebles, Hogar y Deco",categoria_generica
12358,11566,peluche kittycorn,Bebes y Niños,categoria_generica
12359,4612,cargadores de pared,Electro y Tecno,categoria_generica
12360,7674,canon powershot g7 x mark ii,Electro y Tecno,modelo_producto
12361,2868,juguera liliana,Electro y Tecno,categoria_marca
12362,31,aspiradoras,Electro y Tecno,categoria_generica
12363,2500,juguete metegol de mesa,Deporte y Fitness,modelo_producto
12364,2096,salamandra,Electro y Tecno,modelo_producto
12365,13047,masajeador multiuso,Salud y Belleza,categoria_generica
12366,12966,sillon teddy lux verde ingles,"Muebles, Hogar y Deco",modelo_producto
12367,8082,consola stick,Electro y Tecno,categoria_generica
12368,5015,marcadores faber castell,"Muebles, Hogar y Deco",categoria_generica
12369,7116,lenovo thinkpad l14,Electro y Tecno,modelo_producto
12370,165,termo stanley,"Muebles, Hogar y Deco",categoria_marca
12371,2628,pantum p2500w,Electro y Tecno,categoria_generica
12372,4519,aire acondicionado sanyo frio calor,Electro y Tecno,modelo_producto
12373,6919,aire acondicionado 2250 frigorias,Electro y Tecno,categoria_atributo
12374,12679,zapatillas head ganges,Indumentaria y Calzado,categoria_generica
12375,7958,pochoclera de aluminio,Electro y Tecno,categoria_generica
12376,12762,cocina patrick 50 cm,Electro y Tecno,modelo_producto
12377,2066,lavarropas whirlpool,Electro y Tecno,categoria_marca
12378,8164,lamparas dicroicas,"Muebles, Hogar y Deco",categoria_generica
12379,7579,juguete tractor playmobil,Bebes y Niños,categoria_generica
12380,12524,lg 50nano80sqa,Electro y Tecno,modelo_producto
12381,4919,calefon automatico,Electro y Tecno,categoria_generica
12382,9877,step multifuncional,Deporte y Fitness,categoria_generica
12383,7360,base de sommier 2 plazas con cajones,"Muebles, Hogar y Deco",modelo_producto
12384,6009,patillera andis,Salud y Belleza,categoria_generica
12385,10397,lenovo legion i7,Electro y Tecno,modelo_producto
12386,12950,hitachi 50,Electro y Tecno,categoria_generica
12387,3262,cargador de auto,Autos y Motos,categoria_generica
12388,9632,carpa waterdog 6 personas,Bebes y Niños,modelo_producto
12389,9891,planchita de pelo ga.ma elegance led bella tourmaline,Salud y Belleza,modelo_producto
12390,12134,iphone 6 plus,Electro y Tecno,modelo_producto
12391,8266,secaplatos colombraro,"Muebles, Hogar y Deco",categoria_generica
12392,12574,tcl c635,Electro y Tecno,categoria_generica
12393,4011,lavarropa automatico carga frontal,Electro y Tecno,modelo_producto
12394,4735,equipo de magnetoterapia portátil,Electro y Tecno,categoria_atributo
12395,12330,pelotero pop up,Electro y Tecno,categoria_generica
12396,12086,licuadora liliana licuapic,Electro y Tecno,categoria_marca
12397,12003,foxbox parlante warp pyxis,Electro y Tecno,modelo_producto
12398,4732,macbook air 2020,Electro y Tecno,categoria_generica
12399,8809,horno de pan peabody,Electro y Tecno,modelo_producto
12400,6312,zapatillas kappa hombre urbanas,Indumentaria y Calzado,modelo_producto
12401,3782,baulera para placard,"Muebles, Hogar y Deco",categoria_generica
12402,4982,king koil xl advanced,"Muebles, Hogar y Deco",modelo_producto
12403,5674,muñeco ksimerito neonato,Bebes y Niños,categoria_generica
12404,9804,bicicleta peretti rodado 16,Deporte y Fitness,categoria_atributo
12405,3364,hidroquinona crema,Salud y Belleza,categoria_generica
12406,10402,freidora ken brown,Electro y Tecno,categoria_generica
12407,11671,philips hue play kit base 2 barras,Electro y Tecno,modelo_producto
12408,1415,jbl tune flex 2,Electro y Tecno,modelo_producto
12409,1915,cocina martiri,Electro y Tecno,categoria_generica
12410,11855,samsung galaxy sm-a042mzkaaro,Electro y Tecno,modelo_producto
12411,8248,mate listo plastico,"Muebles, Hogar y Deco",categoria_generica
12412,3636,skate electrico,Electro y Tecno,categoria_atributo
12413,4814,microcomponente philips,Electro y Tecno,categoria_marca
12414,239,molinillo de cafe,Electro y Tecno,categoria_generica
12415,11664,proyector gadnic mini wifi 2800 lúmenes hdmi usb av,Electro y Tecno,modelo_producto
12416,10561,aspiradora candy,Electro y Tecno,categoria_generica
12417,3814,tapa de inodoro capea,"Muebles, Hogar y Deco",modelo_producto
12418,94,samsung a01,Electro y Tecno,modelo_producto
12419,5915,organizador zapatillas,Indumentaria y Calzado,categoria_generica
12420,9677,mesa enrollable aluminio,Deporte y Fitness,categoria_generica
12421,4270,botella sodastream,Electro y Tecno,categoria_generica
12422,2288,hyalu b5 crema,Salud y Belleza,categoria_generica
12423,4426,ajedrez magnetico,Bebes y Niños,categoria_generica
12424,10946,inodoro capea,"Muebles, Hogar y Deco",categoria_generica
12425,8991,samsung s3 frontier,Electro y Tecno,modelo_producto
12426,5673,juguete carretel de motoguadaña,Bebes y Niños,modelo_producto
12427,5134,babyliss,Salud y Belleza,modelo_producto
12428,10312,ducha escocesa piazza,Electro y Tecno,categoria_generica
12429,3633,lg x230ar,Electro y Tecno,modelo_producto
12430,12516,samsung dvd,Electro y Tecno,categoria_marca
12431,12062,camara para monopatin electrico,Electro y Tecno,categoria_atributo
12432,8737,asus vivobook ryzen 7,Electro y Tecno,modelo_producto
12433,8853,despensero porta microondas,Electro y Tecno,categoria_generica
12434,12930,keep termo,"Muebles, Hogar y Deco",categoria_generica
12435,7753,lijadora roto orbital daewoo,Electro y Tecno,modelo_producto
12436,12815,deposito de embutir ferrum,"Muebles, Hogar y Deco",modelo_producto
12437,10800,ventilador oryx,Electro y Tecno,categoria_generica
12438,10062,hp notebook rtx 3060,Electro y Tecno,modelo_producto
12439,6733,reloj crossfit,Electro y Tecno,categoria_generica
12440,13025,perfume terra,Salud y Belleza,categoria_generica
12441,6190,gadnic camara de seguridad,Electro y Tecno,modelo_producto
12442,11539,juguete alexa fire,Bebes y Niños,categoria_generica
12443,12924,carrito para conservadora,"Muebles, Hogar y Deco",categoria_generica
12444,6750,purificador axel,Electro y Tecno,categoria_generica
12445,11586,bicicleta philco rodado 12,Deporte y Fitness,modelo_producto
12446,10745,brochas gadnic,Electro y Tecno,categoria_marca
12447,6244,lenovo t470,Electro y Tecno,modelo_producto
12448,7019,smart tv tcl 43 características,Electro y Tecno,categoria_atributo
12449,1056,amazfit bip 6,Electro y Tecno,categoria_generica
12450,710,lg k51s,Electro y Tecno,modelo_producto
12451,7368,carro cama 1 plaza,"Muebles, Hogar y Deco",modelo_producto
12452,10064,xiaomi pad 6 pro,Electro y Tecno,modelo_producto
12453,10804,taladro pektra,Electro y Tecno,categoria_generica
12454,2470,biblioteca de pino,"Muebles, Hogar y Deco",categoria_generica
12455,4590,guantes fairtex,Deporte y Fitness,categoria_generica
12456,7038,impresora hp deskjet 3635,Electro y Tecno,modelo_producto
12457,7656,termotanques solares,Electro y Tecno,categoria_generica
12458,5397,camion de juguete grande,Bebes y Niños,modelo_producto
12459,5097,masajeador de pies homedics,Salud y Belleza,modelo_producto
12460,6013,iconic maquillaje,Salud y Belleza,categoria_generica
12461,11666,notebook iqual nq1 intel celeron n4020 ssd windows,Electro y Tecno,modelo_producto
12462,2190,auriculares samsung buds,Electro y Tecno,categoria_marca
12463,5589,head san diego,Indumentaria y Calzado,categoria_generica
12464,2641,tcl 505s,Electro y Tecno,categoria_generica
12465,7583,juguete nerf zombie,Bebes y Niños,categoria_generica
12466,2177,bordeadora black and decker,Electro y Tecno,modelo_producto
12467,12946,tender extensible,"Muebles, Hogar y Deco",categoria_generica
12468,12352,licuadora smart tek,Electro y Tecno,categoria_atributo
12469,12191,notebook exo i7,Electro y Tecno,categoria_generica
12470,12876,arco inflable para pileta,"Muebles, Hogar y Deco",modelo_producto
12471,10227,positivo bgh at500,Electro y Tecno,modelo_producto
12472,2598,flor para ducha,Electro y Tecno,categoria_generica
12473,2001,nintendo switch cooking mama,Electro y Tecno,modelo_producto
12474,2121,mopa plana,"Muebles, Hogar y Deco",categoria_generica
12475,1851,poco m6,Electro y Tecno,categoria_generica
12476,1341,minitorno,Electro y Tecno,modelo_producto
12477,2506,bici lamborghini rodado 29,Deporte y Fitness,categoria_atributo
12478,5985,tender ropa plegable,"Muebles, Hogar y Deco",categoria_atributo
12479,163,heladera whirlpool,Electro y Tecno,categoria_marca
12480,13043,estetic cla,Salud y Belleza,categoria_generica
12481,469,motorola moto g82,Electro y Tecno,modelo_producto
12482,796,zte blade v60,Electro y Tecno,categoria_generica
12483,12028,ventilador de pie axel 20,Electro y Tecno,modelo_producto
12484,12787,organizador de valijas travel tech,"Muebles, Hogar y Deco",modelo_producto
12485,1586,zte blade a55,Electro y Tecno,categoria_generica
12486,3693,auriculares dekkin tws bluetooth blanco,Electro y Tecno,categoria_atributo
12487,11562,juguete laserx,Bebes y Niños,categoria_generica
12488,6371,tiburon inflable,"Muebles, Hogar y Deco",categoria_generica
12489,1066,freidora de aire liliana,Electro y Tecno,modelo_producto
12490,3372,portabicicleta para auto,Autos y Motos,categoria_generica
12491,9087,biqu b1,Electro y Tecno,categoria_generica
12492,4578,pelota wilson naufrago,Deporte y Fitness,categoria_generica
12493,8018,gadnic z970,Electro y Tecno,modelo_producto
12494,9177,ultra max,Electro y Tecno,categoria_generica
12495,3669,philips mixer,Electro y Tecno,categoria_marca
12496,3387,muñeco hot wheels batman,Bebes y Niños,modelo_producto
12497,1925,al haramain aqua dubai,Salud y Belleza,modelo_producto
12498,8644,lavarropas samsung 9.5kg inverter,Electro y Tecno,modelo_producto
12499,2293,cuaderno avon,Salud y Belleza,categoria_generica
12500,5064,perchero con estante,"Muebles, Hogar y Deco",categoria_generica
12501,2330,estufas de cuarzo,Electro y Tecno,categoria_generica
12502,1757,microondas bgh 28 litros,Electro y Tecno,modelo_producto
12503,4344,organizadores,"Muebles, Hogar y Deco",modelo_producto
12504,3104,iphone 13 pro gold,Electro y Tecno,modelo_producto
12505,3668,batidor de pintura,Electro y Tecno,categoria_generica
12506,442,smart ring black 9 riiing,Electro y Tecno,categoria_atributo
12507,2927,zapatillas coca cola,Indumentaria y Calzado,categoria_generica
12508,4511,baby calls,Bebes y Niños,categoria_generica
12509,5833,motorola g4,Electro y Tecno,modelo_producto
12510,6267,parrilla lusqtoff,Electro y Tecno,categoria_generica
12511,1242,ropero con espejo,"Muebles, Hogar y Deco",categoria_generica
12512,6567,lavasecarropas samsung 22 kg,Electro y Tecno,modelo_producto
12513,8828,motorola verve buds,Electro y Tecno,categoria_marca
12514,7173,reloj sekonda mujer,Electro y Tecno,categoria_generica
12515,10003,impresora hp todo en uno,Electro y Tecno,modelo_producto
12516,80,glicinato de magnesio,Salud y Belleza,categoria_generica
12517,10739,amazfit retro,Electro y Tecno,categoria_generica
12518,7065,heladera no frost philco,Electro y Tecno,modelo_producto
12519,6323,zapatillas fila de hombre,Indumentaria y Calzado,modelo_producto
12520,1898,bomba presurizadora lusqtoff,"Muebles, Hogar y Deco",categoria_generica
12521,244,almohadones,"Muebles, Hogar y Deco",modelo_producto
12522,7896,dji action 4,Electro y Tecno,categoria_generica
12523,10011,samsung odyssey neo g9,Electro y Tecno,modelo_producto
12524,5777,heladera portatil electrica,Electro y Tecno,categoria_atributo
12525,2726,skateboards,Deporte y Fitness,modelo_producto
12526,10743,kitchen robot,Electro y Tecno,categoria_generica
12527,11985,samsung galaxy sm-x200nzamaro,Electro y Tecno,modelo_producto
12528,6271,dell wyse,Electro y Tecno,categoria_marca
12529,1973,mini verse,Deporte y Fitness,categoria_generica
12530,233,panales,Bebes y Niños,categoria_generica
12531,4432,vaso copon,"Muebles, Hogar y Deco",categoria_generica
12532,3991,tv sony 55 pulgadas,Electro y Tecno,modelo_producto
12533,4609,porteros electricos,Electro y Tecno,categoria_generica
12534,1381,juguete tejo de mesa,Bebes y Niños,modelo_producto
12535,606,scandal jean paul gaultier,Salud y Belleza,modelo_producto
12536,8830,adaptador m2 a sata,Electro y Tecno,modelo_producto
12537,5099,perfume invictus hombre,Salud y Belleza,categoria_generica
12538,10419,tv box hk1,Electro y Tecno,categoria_generica
12539,5931,sábanas 1 plaza algodón,"Muebles, Hogar y Deco",modelo_producto
12540,9812,taladro de banco lusqtoff,Electro y Tecno,modelo_producto
12541,10609,tablet aiwa,Electro y Tecno,categoria_generica
12542,8225,caja herramientas keter,"Muebles, Hogar y Deco",categoria_generica
12543,11134,cocina electrica cromwell,Electro y Tecno,categoria_atributo
12544,11974,parlante panacom sp 1810,Electro y Tecno,modelo_producto
12545,4243,balanza inteligente,Electro y Tecno,categoria_generica
12546,2881,estufa philco,Electro y Tecno,categoria_marca
12547,3553,freidora de aire westinghouse,Electro y Tecno,modelo_producto
12548,879,xiaomi monopatin electrico,Deporte y Fitness,categoria_marca
12549,12852,hidrolavadora dowen pagio,Electro y Tecno,categoria_generica
12550,12634,camara seguridad ezviz bc2 1080p,Electro y Tecno,modelo_producto
12551,899,zapatillas head hombre,Indumentaria y Calzado,categoria_generica
12552,6912,peluches y muñecos,Bebes y Niños,categoria_generica
12553,6380,tender alto,"Muebles, Hogar y Deco",categoria_generica
12554,11068,grifería de cocina de pared,"Muebles, Hogar y Deco",modelo_producto
12555,11357,depiladora lescolton,Salud y Belleza,categoria_generica
12556,4000,jbl flip 6 características,Electro y Tecno,modelo_producto
12557,4710,nvidia gtx 1650,Electro y Tecno,categoria_generica
12558,3044,bicicleta rodado 14 nena,Deporte y Fitness,categoria_atributo
12559,1797,freidora de aire philco,Electro y Tecno,modelo_producto
12560,2410,molde desmontable,Electro y Tecno,categoria_generica
12561,8754,horno electrico 17 litros,Electro y Tecno,categoria_atributo
12562,10904,mochila para fumigar 20 litros,Indumentaria y Calzado,categoria_atributo
12563,5872,xiaomi basic,Electro y Tecno,categoria_marca
12564,7701,motorola one zoom características,Electro y Tecno,modelo_producto
12565,12898,fast thaw,"Muebles, Hogar y Deco",categoria_generica
12566,8264,heladera y cocina,Electro y Tecno,categoria_generica
12567,651,camilla para masajes,Deporte y Fitness,categoria_generica
12568,10408,samsung galaxy a23,Electro y Tecno,modelo_producto
12569,1383,rifle de aire comprimido,Bebes y Niños,modelo_producto
12570,649,jean paul gaultier le beau,Salud y Belleza,modelo_producto
12571,12357,oasis monitor,Electro y Tecno,categoria_generica
12572,6546,tablet sky elite t10,Electro y Tecno,modelo_producto
12573,9262,sommier la cardeuse 2 plazas,"Muebles, Hogar y Deco",modelo_producto
12574,9695,juguete footy sandalias,Bebes y Niños,categoria_generica
12575,7130,nespresso lattissima pro,Electro y Tecno,categoria_generica
12576,8371,olay regenerist,Salud y Belleza,categoria_generica
12577,1103,pistola masajeadora gadnic,Salud y Belleza,categoria_marca
12578,2119,inodoro ferrum andina,"Muebles, Hogar y Deco",categoria_generica
12579,8400,bateria xiaomi note 8,Electro y Tecno,modelo_producto
12580,9121,smartwatch w26,Electro y Tecno,categoria_generica
12581,10539,asus zenbook 15,Electro y Tecno,modelo_producto
12582,12469,samsung lima,Electro y Tecno,categoria_marca
12583,4767,auriculares bose bluetooth,Electro y Tecno,categoria_atributo
12584,3073,lavarropa drean next 10.12 inverter 10 kg,Electro y Tecno,modelo_producto
12585,12428,ultracomb juguera,Electro y Tecno,categoria_generica
12586,8287,silla mesh,"Muebles, Hogar y Deco",categoria_generica
12587,4755,pedal de maquina de coser,Electro y Tecno,modelo_producto
12588,3628,yogurtera winco,Electro y Tecno,categoria_generica
12589,4987,placard puertas corredizas con baulera,"Muebles, Hogar y Deco",modelo_producto
12590,11843,aspiradora robot gadnic z1200,Electro y Tecno,modelo_producto
12591,5510,lavarropas automatico codini,Electro y Tecno,categoria_generica
12592,3630,kemei 2600,Salud y Belleza,categoria_generica
12593,3376,bateria hudson,Autos y Motos,categoria_generica
12594,9915,one for all soporte tv,Electro y Tecno,modelo_producto
12595,5684,juguete porta escobas,Bebes y Niños,categoria_generica
12596,986,jean baggy mujer,Indumentaria y Calzado,categoria_generica
12597,2975,biblioteca melamina,"Muebles, Hogar y Deco",categoria_generica
12598,10785,gadnic handy,Electro y Tecno,categoria_marca
12599,10639,tcl l55c2,Electro y Tecno,categoria_generica
12600,6550,cargador de bateria de auto portatil,Autos y Motos,categoria_atributo
12601,2922,tamagotchi,Electro y Tecno,modelo_producto
12602,8107,freidora electrica,Electro y Tecno,categoria_atributo
12603,3621,waflera sandwichera,Electro y Tecno,categoria_generica
12604,762,samsung galaxy j4 core,Electro y Tecno,modelo_producto
12605,652,selladora de bolsas,Deporte y Fitness,categoria_generica
12606,9255,silla de comer joie mimzy,Bebes y Niños,modelo_producto
12607,8345,plancha a vapor de mano,Salud y Belleza,modelo_producto
12608,8257,almohada inflable para viaje,"Muebles, Hogar y Deco",modelo_producto
12609,4015,heladera bajo mesada medidas,Electro y Tecno,modelo_producto
12610,1114,limpiadoras a vapor,Electro y Tecno,categoria_generica
12611,12840,rack nordico escandinavo,"Muebles, Hogar y Deco",categoria_generica
12612,3434,red de futbol tenis,Deporte y Fitness,modelo_producto
12613,6578,lavarropas philco carga frontal,Electro y Tecno,modelo_producto
12614,4745,galaxy fit 2,Electro y Tecno,categoria_generica
12615,7820,rose gourmand zara,Salud y Belleza,categoria_generica
12616,10266,minipimer peabody smartchef,Electro y Tecno,categoria_marca
12617,4763,sony ps4 slim,Electro y Tecno,modelo_producto
12618,7204,tostadora kanji,Electro y Tecno,categoria_generica
12619,9641,muñeca barbie artista,Bebes y Niños,categoria_generica
12620,294,motorola g8 plus,Electro y Tecno,modelo_producto
12621,12491,ventilador inverter,Electro y Tecno,categoria_atributo
12622,11055,banqueta simil ratan,"Muebles, Hogar y Deco",categoria_generica
12623,5519,router 4g,Electro y Tecno,categoria_generica
12624,3192,valvula de retencion de agua,Electro y Tecno,modelo_producto
12625,12964,silla ruedas sanitaria bacinilla silfab,"Muebles, Hogar y Deco",modelo_producto
12626,565,disco externo,Electro y Tecno,categoria_generica
12627,613,samsung a36 5g,Electro y Tecno,modelo_producto
12628,3840,cubierta trasera moto 110,Autos y Motos,modelo_producto
12629,9616,compresor lusqtoff 100 litros,Bebes y Niños,categoria_atributo
12630,4090,mando xbox 360,Electro y Tecno,categoria_generica
12631,1236,placard 6 puertas,"Muebles, Hogar y Deco",categoria_generica
12632,12213,funda para a34 samsung,Electro y Tecno,modelo_producto
12633,12070,licuadora liliana blendy,Electro y Tecno,categoria_marca
12634,13046,solinotes tonka,Salud y Belleza,categoria_generica
12635,12133,retro boy x pro,Electro y Tecno,modelo_producto
12636,5162,mesa plegable,Deporte y Fitness,categoria_atributo
12637,947,realme c75,Electro y Tecno,categoria_generica
12638,12120,depilador electrico de cejas,Electro y Tecno,categoria_atributo
12639,5186,monitor dell 24 pulgadas,Electro y Tecno,modelo_producto
12640,11565,pato juguete,Bebes y Niños,categoria_generica
12641,5566,camara ps5,Electro y Tecno,categoria_generica
12642,7642,mini picadora,Deporte y Fitness,categoria_generica
12643,9243,pantalon las locas,Indumentaria y Calzado,categoria_generica
12644,12648,zapatillas para nena talle 33,Indumentaria y Calzado,modelo_producto
12645,5940,king koil kensington,"Muebles, Hogar y Deco",categoria_generica
12646,12795,mandolina cocina de acero inoxidable,"Muebles, Hogar y Deco",modelo_producto
12647,11684,magic keyboard ipad pro 12.9,Electro y Tecno,modelo_producto
12648,11410,figura funko pop wonder woman,Bebes y Niños,modelo_producto
12649,11326,mascarilla para las ojeras,Salud y Belleza,modelo_producto
12650,3670,exhibidora briket,Electro y Tecno,categoria_generica
12651,6713,escritorio gamer,"Muebles, Hogar y Deco",categoria_atributo
12652,3105,heladeras gafa no frost,Electro y Tecno,modelo_producto
12653,2125,stanley racing,"Muebles, Hogar y Deco",categoria_marca
12654,2607,estufa atma,Electro y Tecno,categoria_marca
12655,10583,rca 32,Electro y Tecno,categoria_generica
12656,9197,tensimetro,Electro y Tecno,modelo_producto
12657,3004,juliana maquillaje,Salud y Belleza,categoria_generica
12658,7445,sillon de chenille,"Muebles, Hogar y Deco",categoria_generica
12659,12321,tv box peiso,Electro y Tecno,categoria_generica
12660,11700,termotanque longvie 80 litros alta recuperación,Electro y Tecno,modelo_producto
12661,4635,máquina de cortar pelo para perros profesional,Electro y Tecno,categoria_atributo
12662,10387,fabricadora de hielo domestica,Electro y Tecno,modelo_producto
12663,4766,mouse logitech m90,Electro y Tecno,categoria_generica
12664,12731,griferia de cocina para mesada de dos agujeros,"Muebles, Hogar y Deco",modelo_producto
12665,5149,botines talle 33,Bebes y Niños,categoria_generica
12666,4026,aspiradora black and decker,Electro y Tecno,modelo_producto
12667,6719,mouse pad,Electro y Tecno,categoria_generica
12668,8210,canastos simil ratan,"Muebles, Hogar y Deco",categoria_generica
12669,8036,handy motorola,Electro y Tecno,categoria_marca
12670,6161,lenovo i7 ram,Electro y Tecno,modelo_producto
12671,8775,liectroux aspiradora robot,Electro y Tecno,categoria_generica
12672,7718,auriculares sony mdr 7506,Electro y Tecno,modelo_producto
12673,11325,fitoplancton suplemento,Salud y Belleza,categoria_generica
12674,2828,breville barista express,Electro y Tecno,categoria_generica
12675,2204,redmi note 10s,Electro y Tecno,modelo_producto
12676,2462,bacha doble,"Muebles, Hogar y Deco",categoria_generica
12677,4931,escritorio,"Muebles, Hogar y Deco",modelo_producto
12678,10394,bordeadora de pasto electrica,Electro y Tecno,categoria_atributo
12679,4232,cafetera con espumador,Electro y Tecno,categoria_generica
12680,9869,scooter freestyle,Deporte y Fitness,categoria_generica
12681,3528,lenovo tab 11,Electro y Tecno,modelo_producto
12682,3035,juguete juguetes de nena,Bebes y Niños,modelo_producto
12683,1922,jean paul gaultier le male le parfum,Salud y Belleza,modelo_producto
12684,10356,cafetera express ariete,Electro y Tecno,categoria_generica
12685,11898,smart tv philips 32,Electro y Tecno,modelo_producto
12686,420,pava electrica peabody,Electro y Tecno,categoria_marca
12687,11538,carpa paw patrol,Bebes y Niños,categoria_generica
12688,8292,somier con cajonera,"Muebles, Hogar y Deco",categoria_generica
12689,8773,heladera electrolux dw50x,Electro y Tecno,modelo_producto
12690,2652,mochila las oreiro,Indumentaria y Calzado,categoria_generica
12691,2888,aceite para masajes,Electro y Tecno,categoria_generica
12692,2349,motorola edge 30 pro,Electro y Tecno,modelo_producto
12693,363,yara lattafa,Salud y Belleza,categoria_generica
12694,12272,heladera briket 1211,Electro y Tecno,categoria_generica
12695,5703,kit de entrenamiento funcional,Deporte y Fitness,modelo_producto
12696,11010,colchon fisher 2 plazas,"Muebles, Hogar y Deco",modelo_producto
12697,10327,samsung galaxy a31,Electro y Tecno,modelo_producto
12698,1279,termotanque señorial 85 litros,Electro y Tecno,categoria_atributo
12699,11214,cocina vitta,Electro y Tecno,categoria_generica
12700,2421,instant pot,"Muebles, Hogar y Deco",categoria_generica
12701,10127,notebook hp core i3,Electro y Tecno,modelo_producto
12702,8405,casco vertigo v50,Autos y Motos,categoria_generica
12703,8900,abrelatas electrico atma,Electro y Tecno,categoria_marca
12704,1188,batidoras de pie,Electro y Tecno,categoria_generica
12705,836,samsung s9 plus,Electro y Tecno,modelo_producto
12706,12385,reloj instto,Electro y Tecno,categoria_generica
12707,687,rompecabezas y puzzles,Bebes y Niños,categoria_generica
12708,10463,positivo bgh at550,Electro y Tecno,modelo_producto
12709,12955,reposera de jardin,"Muebles, Hogar y Deco",categoria_generica
12710,11679,notebook bangho max l4 i1 intel celeron,Electro y Tecno,modelo_producto
12711,4739,cafetera manual prensa,Electro y Tecno,categoria_generica
12712,11549,pistola masajeadora kassel,Salud y Belleza,categoria_generica
12713,1028,gazebos,"Muebles, Hogar y Deco",modelo_producto
12714,5914,mochila 35 litros,Deporte y Fitness,categoria_atributo
12715,11767,celular tcl 40se twilight purple,Electro y Tecno,modelo_producto
12716,3612,waflera ultracomb,Electro y Tecno,categoria_generica
12717,11735,cocina eléctrica 4 hornallas y horno,Electro y Tecno,categoria_atributo
12718,1918,paddle board,Deporte y Fitness,categoria_generica
12719,9743,peluche de wall-e,Bebes y Niños,modelo_producto
12720,11276,corrector loreal infallible 323,Salud y Belleza,modelo_producto
12721,7236,extractor gadnic,Electro y Tecno,categoria_marca
12722,4012,dolce gusto piccolo xs,Electro y Tecno,modelo_producto
12723,7427,mumm espumante,"Muebles, Hogar y Deco",categoria_generica
12724,6228,proyector 5000 lumens,Electro y Tecno,categoria_generica
12725,10898,telefono celular zte blade v30,Electro y Tecno,modelo_producto
12726,6633,beats studio buds,Electro y Tecno,categoria_generica
12727,2851,cortadora de cesped a explosion,Electro y Tecno,modelo_producto
12728,9772,juguete squishville,Bebes y Niños,categoria_generica
12729,11103,traba para caja de herramientas,"Muebles, Hogar y Deco",modelo_producto
12730,2819,cafetera black decker,Electro y Tecno,categoria_generica
12731,9526,vitamina para bebes,Salud y Belleza,categoria_generica
12732,5758,cafetera italiana de acero inoxidable,Electro y Tecno,modelo_producto
12733,5034,placard infantil,"Muebles, Hogar y Deco",categoria_generica
12734,12701,fila disorder,Indumentaria y Calzado,categoria_generica
12735,6287,mixer yelmo,Electro y Tecno,categoria_generica
12736,6110,sony minecraft ps4 fisico,Electro y Tecno,modelo_producto
12737,9939,smart tv admiral 43 características,Electro y Tecno,categoria_atributo
12738,3165,batidora atma planetaria,Electro y Tecno,categoria_marca
12739,2197,batidora de mano philips,Electro y Tecno,modelo_producto
12740,12280,ventilador oryx 18,Electro y Tecno,categoria_generica
12741,3762,pileta redonda inflable,"Muebles, Hogar y Deco",categoria_generica
12742,6032,aire acondicionado white westinghouse,Electro y Tecno,modelo_producto
12743,8081,sopladora daewoo,Electro y Tecno,categoria_generica
12744,10338,cable para joystick ps4,Electro y Tecno,modelo_producto
12745,9609,mesa ratona de pino pintada,"Muebles, Hogar y Deco",modelo_producto
12746,12573,cartuchera influencer,Electro y Tecno,categoria_generica
12747,3826,shampoo nizoral,Salud y Belleza,categoria_generica
12748,7673,auriculares inalámbricos para tv personas mayores,Electro y Tecno,modelo_producto
12749,6026,auto de minnie,Bebes y Niños,categoria_generica
12750,2875,sony grabador,Electro y Tecno,categoria_marca
12751,12565,reloj de nena,Electro y Tecno,categoria_generica
12752,9843,linterna spica,Deporte y Fitness,categoria_generica
12753,12936,deposito slendra,"Muebles, Hogar y Deco",categoria_generica
12754,4913,router de wifi,Electro y Tecno,categoria_atributo
12755,12523,philco phs80ha4an,Electro y Tecno,modelo_producto
12756,11504,bolso playero las oreiro,Bebes y Niños,modelo_producto
12757,13055,mioinositol,Salud y Belleza,modelo_producto
12758,1770,beats studio pro,Electro y Tecno,categoria_generica
12759,12504,philips taa7306bk,Electro y Tecno,modelo_producto
12760,1209,hp victus 15,Electro y Tecno,modelo_producto
12761,4153,cable display port,Electro y Tecno,categoria_generica
12762,309,carrion,Indumentaria y Calzado,modelo_producto
12763,7436,velador recargable,"Muebles, Hogar y Deco",categoria_generica
12764,5009,tender de ropa reforzado,"Muebles, Hogar y Deco",modelo_producto
12765,3458,longvie calefactor 5000 calorias tiro balanceado,Electro y Tecno,modelo_producto
12766,1363,cocina usman,Electro y Tecno,categoria_generica
12767,3367,vaso para proteina,Salud y Belleza,categoria_generica
12768,1226,philco lavarropas,Electro y Tecno,categoria_marca
12769,931,tablet samsung s9,Electro y Tecno,modelo_producto
12770,4898,delta 2000,Electro y Tecno,categoria_generica
12771,5679,juguete monopatin vegui,Bebes y Niños,categoria_generica
12772,4761,horno eléctrico con hornallas,Electro y Tecno,categoria_atributo
12773,4222,k9 lg,Electro y Tecno,modelo_producto
12774,9394,hacha de abrir,"Muebles, Hogar y Deco",categoria_generica
12775,4072,auriculares aiwa inalambricos,Electro y Tecno,categoria_generica
12776,3281,mochila cartera,Indumentaria y Calzado,categoria_generica
12777,6445,carpa autoarmable 2 personas,Deporte y Fitness,modelo_producto
12778,12193,hp elitebook i5,Electro y Tecno,modelo_producto
12779,12465,parlante nyne,Electro y Tecno,categoria_generica
12780,4985,canilla monocomando cocina fv,"Muebles, Hogar y Deco",modelo_producto
12781,3179,redmi note 11s,Electro y Tecno,modelo_producto
12782,786,ollas y sartenes electricas,Electro y Tecno,categoria_generica
12783,10718,samsung q65c,Electro y Tecno,modelo_producto
12784,3773,cucheta triple,"Muebles, Hogar y Deco",categoria_generica
12785,488,yogurtera atma,Electro y Tecno,categoria_marca
12786,1374,mayar lattafa,Salud y Belleza,categoria_generica
12787,460,lg q6,Electro y Tecno,modelo_producto
12788,2165,cronometro deportivo,Deporte y Fitness,categoria_generica
12789,1146,celular tecno,Electro y Tecno,categoria_generica
12790,3396,juguete disfraz de escarapela,Bebes y Niños,modelo_producto
12791,2131,perfume jean paul gaultier mujer,Salud y Belleza,modelo_producto
12792,2541,freidora de aire 6 litros,Electro y Tecno,categoria_atributo
12793,6452,slp rodado 24,Deporte y Fitness,categoria_atributo
12794,802,iphone 14,Electro y Tecno,modelo_producto
12795,2720,juguete carpa iglu,Bebes y Niños,categoria_generica
12796,3241,freidora yelmo,Electro y Tecno,categoria_generica
12797,292,termo contigo,"Muebles, Hogar y Deco",categoria_generica
12798,11779,samsung vidrio templado a22 5g,Electro y Tecno,modelo_producto
12799,2942,juego de baño completo ferrum,"Muebles, Hogar y Deco",modelo_producto
12800,10704,cable fonseca,Electro y Tecno,categoria_generica
12801,2646,mouse logitech m240 graphite business,Electro y Tecno,modelo_producto
12802,501,lavavajillas whirlpool,Electro y Tecno,categoria_marca
12803,6265,parrilla para balcon,Electro y Tecno,categoria_generica
12804,9971,volante logitech driving force gt,Electro y Tecno,modelo_producto
12805,628,autoestereos,Autos y Motos,categoria_generica
12806,400,belleza y cuidado corporal,Salud y Belleza,categoria_generica
12807,5976,contenedores de vidrio,"Muebles, Hogar y Deco",categoria_generica
12808,12112,soldadora daewoo 160,Electro y Tecno,categoria_generica
12809,5825,mini drone con camara,Electro y Tecno,modelo_producto
12810,1319,lonchera electrica,Electro y Tecno,categoria_atributo
12811,10171,aspiradora liliana aquaterra plus,Electro y Tecno,modelo_producto
12812,12207,telefunken roma pro,Electro y Tecno,categoria_generica
12813,1909,sillon plegable,"Muebles, Hogar y Deco",categoria_atributo
12814,752,muñeca pepona,Bebes y Niños,categoria_generica
12815,1090,bajo mesada de melamina,"Muebles, Hogar y Deco",modelo_producto
12816,10233,xiaomi poco m3,Electro y Tecno,modelo_producto
12817,4917,batidora y amasadora,Electro y Tecno,categoria_generica
12818,10289,springwall one plus,"Muebles, Hogar y Deco",categoria_generica
12819,5881,tostadora philco,Electro y Tecno,categoria_marca
12820,4375,cocina whirlpool wfx57dw,Electro y Tecno,modelo_producto
12821,3709,billetera tarjetero,Indumentaria y Calzado,categoria_generica
12822,10554,tcl 30e,Electro y Tecno,categoria_generica
12823,8396,cabina unas 48w kakusan myq,Salud y Belleza,categoria_atributo
12824,8984,sopladora aspiradora de hojas,Electro y Tecno,modelo_producto
12825,427,santal 33,Salud y Belleza,categoria_generica
12826,3049,shifter bicicleta,Deporte y Fitness,categoria_generica
12827,1335,hdmi a vga,Electro y Tecno,categoria_generica
12828,3866,mochila porta bebe love,Bebes y Niños,modelo_producto
12829,2992,plancha atma a vapor,Salud y Belleza,modelo_producto
12830,927,tecno camon 30s pro,Electro y Tecno,modelo_producto
12831,1357,cocina industrial morelli,Electro y Tecno,categoria_atributo
12832,5047,nebiolo espumante,"Muebles, Hogar y Deco",categoria_generica
12833,6710,auriculares tcl,Electro y Tecno,categoria_generica
12834,6155,tablet con windows 11,Electro y Tecno,modelo_producto
12835,1158,colchon cannon 2 plazas,"Muebles, Hogar y Deco",modelo_producto
12836,2073,logitech g733,Electro y Tecno,categoria_generica
12837,1563,samsung galaxy watch ultra,Electro y Tecno,modelo_producto
12838,8833,heladera electrolux inverter,Electro y Tecno,categoria_marca
12839,782,juguete paraguitas bebe,Bebes y Niños,categoria_generica
12840,8800,filtro de agua repuesto,Electro y Tecno,modelo_producto
12841,9388,mueble de cocina,"Muebles, Hogar y Deco",categoria_generica
12842,10381,kodak smartway t3,Electro y Tecno,categoria_generica
12843,7703,tostadora oster 4 panes,Electro y Tecno,modelo_producto
12844,7992,omron 7130,Salud y Belleza,categoria_generica
12845,8276,cocina sansur,Electro y Tecno,categoria_generica
12846,11900,samsung galaxy sm-a245mzkoaro,Electro y Tecno,modelo_producto
12847,8128,reloj smart watch carrello ak50,Electro y Tecno,categoria_atributo
12848,747,cocina escorial master,Electro y Tecno,categoria_generica
12849,8317,plastificadora,"Muebles, Hogar y Deco",modelo_producto
12850,12954,septimo circulo,"Muebles, Hogar y Deco",categoria_generica
12851,421,samsung galaxy a04e,Electro y Tecno,modelo_producto
12852,1199,aire portatil philco,Electro y Tecno,categoria_marca
12853,4703,kitchenaid heavy duty,Electro y Tecno,categoria_generica
12854,3999,purificador de aire con filtro hepa,Electro y Tecno,modelo_producto
12855,9646,juguete lego r34,Bebes y Niños,categoria_generica
12856,10853,creatina xxl,Electro y Tecno,categoria_generica
12857,6974,cinta randers arg 450,Deporte y Fitness,modelo_producto
12858,10100,reloj amazfit gtr 3,Electro y Tecno,modelo_producto
12859,4448,loteria z,"Muebles, Hogar y Deco",categoria_generica
12860,4584,botines talle 25,Deporte y Fitness,categoria_generica
12861,5486,heladera neba con freezer,Electro y Tecno,modelo_producto
12862,5886,redragon 60%,Electro y Tecno,categoria_generica
12863,5415,peluche bolsa de dormir niños,Bebes y Niños,modelo_producto
12864,5105,perfume terre de hermes,Salud y Belleza,modelo_producto
12865,11358,l-arginina,Salud y Belleza,categoria_generica
12866,5592,carry on,Indumentaria y Calzado,categoria_generica
12867,11415,split de 6000 frigorias frio calor,Electro y Tecno,categoria_atributo
12868,11069,mueble nordico para tv,"Muebles, Hogar y Deco",modelo_producto
12869,5792,monitor noblex 27,Electro y Tecno,modelo_producto
12870,6253,velas a pilas,Electro y Tecno,categoria_generica
12871,1185,bicicleta rodado 20 nena,Deporte y Fitness,categoria_atributo
12872,7945,noblex telefono inalámbrico,Electro y Tecno,categoria_marca
12873,1145,motorola g71,Electro y Tecno,modelo_producto
12874,1632,heladera telefunken,Electro y Tecno,categoria_generica
12875,12920,colchon beautyrest,"Muebles, Hogar y Deco",categoria_generica
12876,6163,piedra diamantada para afilar,Electro y Tecno,modelo_producto
12877,6721,notebook rca,Electro y Tecno,categoria_generica
12878,1082,rhodiola,Electro y Tecno,modelo_producto
12879,2710,despensero 1 puerta,Bebes y Niños,categoria_generica
12880,1607,estufa magiclick,Electro y Tecno,categoria_generica
12881,1221,lenovo v15,Electro y Tecno,modelo_producto
12882,1368,nebulizador san up,Salud y Belleza,categoria_generica
12883,3694,carry on american tourister,Indumentaria y Calzado,modelo_producto
12884,820,centro estant,"Muebles, Hogar y Deco",categoria_generica
12885,2680,lampazo,"Muebles, Hogar y Deco",modelo_producto
12886,2377,portero electrico commax,Electro y Tecno,categoria_atributo
12887,1788,ajazz ak820 pro,Electro y Tecno,categoria_generica
12888,5429,iphone 15 pro max black,Electro y Tecno,modelo_producto
12889,10570,parlante hp,Electro y Tecno,categoria_marca
12890,12087,parlante lg rn7,Electro y Tecno,modelo_producto
12891,5843,godeco virtuosa,Electro y Tecno,categoria_generica
12892,3437,conjunto topper mujer,Deporte y Fitness,categoria_marca
12893,3085,longvie calefactor tiro balanceado 3000,Electro y Tecno,modelo_producto
12894,11212,cama reversible,"Muebles, Hogar y Deco",categoria_generica
12895,3647,teclado havit,Electro y Tecno,categoria_generica
12896,2023,freidora de aire doble,Electro y Tecno,modelo_producto
12897,4596,bicicleta gts,Deporte y Fitness,categoria_generica
12898,5924,muñeca lol surprise queen bee,Bebes y Niños,modelo_producto
12899,5369,perfume carolina herrera zapato,Salud y Belleza,modelo_producto
12900,2611,bway faster,Electro y Tecno,categoria_generica
12901,10989,pastilla de cloro para pileta de lona,"Muebles, Hogar y Deco",modelo_producto
12902,11517,carpa licanray 6,Bebes y Niños,categoria_generica
12903,11303,hugo boss iced,Salud y Belleza,categoria_generica
12904,2686,cepillo secador gadnic,Salud y Belleza,categoria_marca
12905,4071,radiador de mica atma,Electro y Tecno,modelo_producto
12906,1325,freidora moulinex,Electro y Tecno,categoria_marca
12907,10262,horno electrico daewoo,Electro y Tecno,categoria_atributo
12908,4830,olla eternity,Electro y Tecno,categoria_generica
12909,5077,lampara con camara,"Muebles, Hogar y Deco",categoria_generica
12910,5447,tostadora black and decker,Electro y Tecno,modelo_producto
12911,1516,bateria virtual,Autos y Motos,categoria_generica
12912,6205,calza deportiva mujer,Indumentaria y Calzado,categoria_generica
12913,5863,emilia rose,Electro y Tecno,categoria_generica
12914,7040,anafe a gas electrolux gc60m,Electro y Tecno,modelo_producto
12915,11748,fila lugano 6.0 hombre,Electro y Tecno,modelo_producto
12916,7797,cafetera oster filtro,Electro y Tecno,categoria_generica
12917,5043,termo invicta,"Muebles, Hogar y Deco",categoria_generica
12918,2174,iphone 16 pro max desert,Electro y Tecno,modelo_producto
12919,12761,cajonera 5 cajones melamina,"Muebles, Hogar y Deco",modelo_producto
12920,2638,teclado noga,Electro y Tecno,categoria_generica
12921,11386,fate 195 60 r15,Autos y Motos,modelo_producto
12922,12388,lenovo teclado,Electro y Tecno,categoria_marca
12923,1507,perfume scalpers hombre,Salud y Belleza,categoria_generica
12924,12044,aspiradora de agua limpia tapizados,Electro y Tecno,modelo_producto
12925,2773,freidora de aire 7 litros,Electro y Tecno,categoria_atributo
12926,3025,juguete cubos magneticos,Bebes y Niños,categoria_generica
12927,121,ghost of tsushima,Electro y Tecno,categoria_generica
12928,57,sony ps5 fat,Electro y Tecno,modelo_producto
12929,11148,colchon atma,"Muebles, Hogar y Deco",categoria_marca
12930,2449,sillas para oficina,"Muebles, Hogar y Deco",categoria_generica
12931,4833,kobo clara,Electro y Tecno,categoria_generica
12932,4075,jbl boombox 2,Electro y Tecno,modelo_producto
12933,10766,la valente olivia,Electro y Tecno,categoria_generica
12934,10033,samsung galaxy celular a30s,Electro y Tecno,modelo_producto
12935,3132,sarten doble para tortilla,"Muebles, Hogar y Deco",modelo_producto
12936,5165,bicicleta r16,Deporte y Fitness,categoria_generica
12937,6476,muñeco del hombre araña,Bebes y Niños,modelo_producto
12938,5762,planchita de pelo titanium,Salud y Belleza,modelo_producto
12939,8050,cafetera turboblender,Electro y Tecno,categoria_generica
12940,7624,amoladora de banco dewalt,Electro y Tecno,modelo_producto
12941,1824,gafa lavarropas,Electro y Tecno,categoria_marca
12942,866,juguete mesa recibidora,"Muebles, Hogar y Deco",categoria_generica
12943,1946,eucerin ph5,Salud y Belleza,categoria_generica
12944,1262,juguete monopatin con asiento,Deporte y Fitness,modelo_producto
12945,3108,lenovo thinkpad x1 carbon,Electro y Tecno,modelo_producto
12946,3314,cocina electrica vitroceramica,Electro y Tecno,categoria_atributo
12947,3674,olla a vapor,Electro y Tecno,categoria_generica
12948,3879,porta control remoto,Bebes y Niños,categoria_generica
12949,7024,auriculares xiaomi redmi buds 3,Electro y Tecno,modelo_producto
12950,7449,cocina angosta,Electro y Tecno,categoria_generica
12951,2564,monopatin electrico con asiento,Deporte y Fitness,categoria_atributo
12952,8904,rallador de verduras manual,Electro y Tecno,modelo_producto
12953,904,equipo de mate,"Muebles, Hogar y Deco",categoria_generica
12954,10482,reloj inteligente haylou,Electro y Tecno,categoria_generica
12955,3734,manta polar 2 plazas,"Muebles, Hogar y Deco",modelo_producto
12956,11764,gateway ultra slim ryzen 7,Electro y Tecno,modelo_producto
12957,6331,estantes para zapatillas,Indumentaria y Calzado,categoria_generica
12958,2891,philco microcomponente,Electro y Tecno,categoria_marca
12959,12397,desintoxicación iónica,Electro y Tecno,categoria_generica
12960,10477,xiaomi mi 13,Electro y Tecno,modelo_producto
12961,3813,aspirador nasal aspen,Salud y Belleza,categoria_generica
12962,3454,impresion 3d,Electro y Tecno,categoria_generica
12963,9393,inducol limay,"Muebles, Hogar y Deco",categoria_generica
12964,4783,smart tcl 55,Electro y Tecno,categoria_atributo
12965,11832,licuadora liliana vaso de vidrio,Electro y Tecno,modelo_producto
12966,2766,redmi buds 6 lite,Electro y Tecno,modelo_producto
12967,10608,ipad silver,Electro y Tecno,categoria_generica
12968,5687,juguete jumper bebe,Bebes y Niños,categoria_generica
12969,9782,barra de sonido ken brown,Electro y Tecno,modelo_producto
12970,459,licuadora personal,Electro y Tecno,categoria_generica
12971,4990,placard de melamina 3 puertas,"Muebles, Hogar y Deco",modelo_producto
12972,2275,luz led tira,"Muebles, Hogar y Deco",categoria_generica
12973,3221,taza stanley,Electro y Tecno,categoria_marca
12974,227,motorola edge 60 pro,Electro y Tecno,modelo_producto
12975,551,gomitas para dormir,Deporte y Fitness,categoria_generica
12976,1182,juguete bloques de minecraft,Bebes y Niños,modelo_producto
12977,522,club de nuit iconic,Salud y Belleza,modelo_producto
12978,10842,zsn pro,Electro y Tecno,categoria_generica
12979,10091,notebook bangho max l4,Electro y Tecno,modelo_producto
12980,3926,mini planchita,Salud y Belleza,categoria_generica
12981,9154,nintendo switch,Electro y Tecno,categoria_generica
12982,5241,overlock semi industrial,Electro y Tecno,categoria_atributo
12983,8620,lavarropas drean excellent blue 7.10,Electro y Tecno,modelo_producto
12984,3738,manta electrica 1 plaza,"Muebles, Hogar y Deco",categoria_atributo
12985,12881,carpa baño vestidor,"Muebles, Hogar y Deco",categoria_generica
12986,4147,kemei 70 años,Electro y Tecno,categoria_generica
12987,3457,manual calefactor emege tiro balanceado 5000,Electro y Tecno,modelo_producto
12988,5325,nvidia shield tv pro,"Muebles, Hogar y Deco",modelo_producto
12989,3663,wahl legend,Electro y Tecno,categoria_generica
12990,3101,all in one lenovo,Electro y Tecno,modelo_producto
12991,3650,climatizador philco,Electro y Tecno,categoria_marca
12992,6049,juguete andador love,Bebes y Niños,categoria_generica
12993,1086,garlopa,Electro y Tecno,modelo_producto
12994,1615,pochoclera ultracomb,Electro y Tecno,categoria_generica
12995,2655,macetas y maceteros,"Muebles, Hogar y Deco",categoria_generica
12996,270,samsung s21 ultra,Electro y Tecno,modelo_producto
12997,516,duchador de mano,Electro y Tecno,categoria_generica
12998,5089,masajeadores portatiles,Salud y Belleza,categoria_generica
12999,624,mochila de carrito,Indumentaria y Calzado,categoria_generica
13000,5760,freidora de aire 8 litros,Electro y Tecno,categoria_atributo
13001,289,xiaomi 14 pro,Electro y Tecno,modelo_producto
13002,561,brother hl,Electro y Tecno,categoria_generica
13003,7037,termotanque eléctrico philco manual,Electro y Tecno,modelo_producto
13004,12170,short de racing 2023,Indumentaria y Calzado,modelo_producto
13005,3328,tender reforzado,"Muebles, Hogar y Deco",categoria_generica
13006,5928,cama con respaldo 2 plazas,"Muebles, Hogar y Deco",modelo_producto
13007,12510,noblex roku,Electro y Tecno,categoria_marca
13008,7651,cajas fuertes,Electro y Tecno,categoria_generica
13009,10038,heladera samsung 457 litros,Electro y Tecno,modelo_producto
13010,2321,meleys dragon,Deporte y Fitness,categoria_generica
13011,3410,estacion de servicio juguete,Bebes y Niños,modelo_producto
13012,2218,planchita de pelo philips,Salud y Belleza,modelo_producto
13013,6485,juguete mesa balcon,Bebes y Niños,categoria_generica
13014,10774,snowball microfono,Electro y Tecno,categoria_generica
13015,1001,iphone 15,Electro y Tecno,modelo_producto
13016,6911,bateria s10,Autos y Motos,categoria_generica
13017,5053,cuchillo hacha,"Muebles, Hogar y Deco",categoria_generica
13018,8905,hp 107a toner,Electro y Tecno,modelo_producto
13019,1477,teclado ergonomico,Electro y Tecno,categoria_generica
13020,331,juguete pistola masajeadora,Salud y Belleza,categoria_generica
13021,1217,monitor portatil,Electro y Tecno,categoria_atributo
13022,11954,garmin forerunner 245 tiendas,Electro y Tecno,modelo_producto
13023,10486,xbox joystick razer,Electro y Tecno,categoria_generica
13024,958,juego de jardin exterior,"Muebles, Hogar y Deco",modelo_producto
13025,396,philips oneblade,Electro y Tecno,categoria_marca
13026,2731,presurizador de pelotas de padel,Deporte y Fitness,modelo_producto
13027,11456,midea msagii-22h-01e,Electro y Tecno,modelo_producto
13028,12566,daewoo spot,Electro y Tecno,categoria_generica
13029,11619,reposera infantil plegable,Deporte y Fitness,categoria_atributo
13030,5362,perchero colgante,"Muebles, Hogar y Deco",categoria_generica
13031,1230,alarma hogar x28 kit clasico,Electro y Tecno,modelo_producto
13032,1794,tecno spark 30c,Electro y Tecno,categoria_generica
13033,11931,tv philco 39 pulgadas,Electro y Tecno,modelo_producto
13034,578,muñeca frutillita,Bebes y Niños,categoria_generica
13035,2369,celular tecno spark,Electro y Tecno,categoria_generica
13036,1763,acido glicolico the ordinary,Electro y Tecno,modelo_producto
13037,1667,buclera 3 tubos,Salud y Belleza,categoria_generica
13038,2832,funda guitarra electrica,Electro y Tecno,categoria_atributo
13039,5969,set valijas,"Muebles, Hogar y Deco",categoria_generica
13040,3299,mueble vanitory sin bacha,"Muebles, Hogar y Deco",modelo_producto
13041,3893,aire acondicionado sanyo,Electro y Tecno,categoria_generica
13042,3126,cortadora de cesped helicoidal,Electro y Tecno,modelo_producto
13043,1453,cargador samsung,Electro y Tecno,categoria_marca
13044,3287,reebok pump,Indumentaria y Calzado,categoria_generica
13045,3538,modulo samsung a12,Electro y Tecno,modelo_producto
13046,4234,cable cruzado,Electro y Tecno,categoria_generica
13047,11617,kit escolar secundaria,Deporte y Fitness,categoria_generica
13048,11447,figura barbie funko pop,Bebes y Niños,modelo_producto
13049,12980,cabina led facial y corporal beneficios,Salud y Belleza,modelo_producto
13050,4049,termotanque longvie 75 litros,Electro y Tecno,modelo_producto
13051,817,termo media manija,"Muebles, Hogar y Deco",categoria_generica
13052,4812,microondas rca,Electro y Tecno,categoria_generica
13053,11959,repuesto filtro drago mp40,Electro y Tecno,modelo_producto
13054,448,parlantes portatiles,Electro y Tecno,categoria_generica
13055,3377,sillitas para comer,Bebes y Niños,categoria_generica
13056,211,redmi a3,Electro y Tecno,modelo_producto
13057,13028,tensiómetro aspen,Salud y Belleza,categoria_generica
13058,12032,aire acondicionado portatil tivoli,Electro y Tecno,categoria_atributo
13059,12717,ionizadores,"Muebles, Hogar y Deco",modelo_producto
13060,9181,sony xbr,Electro y Tecno,categoria_marca
13061,1862,hy300 proyector,Electro y Tecno,categoria_generica
13062,1398,pared,Electro y Tecno,modelo_producto
13063,2931,calefactores de exterior,"Muebles, Hogar y Deco",categoria_generica
13064,12317,parlante stromberg jolt,Electro y Tecno,categoria_generica
13065,10383,ventilador de pie kacemaster,Electro y Tecno,modelo_producto
